late_night_usage,sleep_minutes,total_screen_minutes,social_minutes,doom_scroll_flag,exercise_minutes,resting_heart_rate,pickup_count,stress_label
0,394,96,32,0,50,71,70,0
0,449,116,50,0,57,69,60,0
0,500,127,39,0,70,70,50,0
0,373,128,33,0,49,67,70,0
0,535,720,210,1,12,77,250,2
1,381,122,49,0,62,74,40,1
0,401,541,252,1,12,82,250,2
0,457,498,182,0,29,86,220,2
1,343,632,300,0,10,80,250,2
1,369,513,300,1,24,79,250,2
1,361,118,33,1,52,69,50,2
1,302,76,59,0,48,79,40,2
1,410,394,243,1,32,81,210,2
0,435,211,40,0,53,62,30,0
0,378,88,31,0,49,78,100,0
0,477,436,161,1,33,74,220,2
0,374,309,89,0,27,78,70,2
0,377,364,133,1,25,77,160,2
0,494,368,191,0,43,63,130,2
0,390,551,140,0,27,64,190,2
0,319,155,46,0,53,75,50,1
0,481,97,27,0,43,63,40,0
1,368,720,300,0,11,84,250,2
0,424,60,22,0,70,62,50,0
1,352,98,63,0,53,78,80,2
0,446,127,42,0,63,70,100,0
1,337,720,300,1,9,81,250,2
1,478,225,126,1,67,63,110,2
1,271,99,45,0,46,87,50,2
1,421,177,116,0,33,71,120,1
0,467,95,23,0,63,79,100,0
1,336,439,255,0,31,78,210,2
1,318,208,100,1,43,72,60,2
1,431,60,42,0,59,72,60,0
1,290,720,300,1,6,85,250,0
0,389,60,27,1,54,69,90,0
1,437,77,52,0,59,71,80,0
0,451,426,80,0,38,75,150,1
0,345,75,26,0,45,69,90,1
0,522,332,167,0,46,67,190,2
1,352,520,229,0,19,70,170,2
0,414,136,54,0,42,80,80,0
0,462,396,123,0,41,68,250,2
0,451,144,59,0,52,79,110,0
1,527,655,300,1,21,72,220,2
0,351,539,211,0,17,65,250,2
0,476,71,22,0,54,73,60,0
0,472,235,108,1,46,72,90,1
1,365,395,242,1,34,72,240,2
1,445,435,214,1,35,70,250,2
1,425,472,300,1,32,78,250,2
0,365,292,73,0,37,73,120,2
1,482,89,60,1,56,67,20,1
0,342,60,16,0,52,62,20,2
0,378,164,77,0,45,76,50,1
0,406,191,73,0,32,73,70,1
0,546,301,106,0,50,70,140,1
1,368,481,173,1,25,78,220,2
0,448,364,62,0,32,73,140,1
0,506,297,96,0,42,64,150,1
0,419,199,116,0,49,67,190,1
0,391,650,166,0,13,76,220,2
0,399,60,40,0,47,71,80,0
0,503,60,26,0,54,60,80,0
0,453,277,75,0,46,66,170,1
1,510,440,271,1,32,77,200,2
1,441,415,221,1,31,54,230,1
1,314,192,142,0,53,62,190,2
0,452,343,148,0,42,69,180,2
1,300,128,90,0,52,76,100,2
1,328,81,53,1,59,72,130,2
1,600,720,300,1,18,77,250,2
0,500,149,21,0,48,81,90,0
0,463,179,87,1,53,74,150,1
1,331,180,122,1,45,65,70,2
0,513,129,33,0,53,65,40,0
0,489,377,114,1,31,72,120,2
0,544,251,51,0,60,60,70,0
0,526,211,92,0,52,72,90,0
1,286,90,49,0,48,79,80,2
0,364,157,64,0,38,63,160,1
0,384,109,48,0,53,72,60,0
1,308,720,300,1,12,81,250,2
0,466,119,50,0,56,63,40,0
0,406,532,240,1,23,72,210,2
0,538,233,110,0,54,72,140,1
1,508,113,85,1,55,66,90,0
0,434,376,176,0,37,76,200,2
1,496,716,300,1,11,68,240,2
0,509,671,276,0,12,72,250,2
0,427,305,51,0,36,69,120,0
0,334,109,31,0,54,72,60,1
0,424,107,49,0,49,71,50,0
1,329,425,300,0,30,72,250,2
1,389,77,54,1,45,68,40,1
0,439,74,32,0,40,65,50,0
0,438,211,52,0,36,72,80,0
1,411,588,300,1,17,76,250,2
0,389,194,38,0,30,72,110,1
0,470,720,244,1,18,69,250,2
1,359,515,189,0,22,72,210,2
0,444,152,63,0,49,72,90,0
1,442,177,97,1,51,59,60,1
0,373,79,32,0,61,70,70,0
1,340,468,300,1,26,72,230,2
0,444,121,17,0,45,66,60,0
0,409,266,133,0,38,75,200,2
0,479,61,22,0,59,68,70,0
0,413,89,22,0,60,65,40,0
0,422,236,67,0,48,71,80,0
0,414,90,21,0,50,72,80,0
0,504,539,126,0,26,77,250,2
1,325,60,48,1,60,74,60,2
0,443,60,30,0,39,68,20,0
0,533,474,168,0,33,79,200,2
0,416,339,113,0,30,79,140,1
0,475,382,171,0,38,83,200,2
0,533,100,20,0,69,73,70,0
0,471,153,70,0,52,73,140,0
1,373,373,280,1,41,61,190,2
0,452,129,82,0,43,78,70,0
0,355,248,117,0,29,75,150,0
1,320,646,300,0,10,78,210,2
1,347,335,186,1,41,76,160,2
0,562,83,34,0,66,65,40,0
1,318,486,278,0,20,83,240,2
0,378,176,123,0,37,65,220,2
1,286,521,300,0,19,84,240,2
0,477,373,98,0,38,74,80,0
1,384,720,300,1,13,75,250,2
1,451,348,197,1,35,78,200,2
0,483,696,128,0,10,77,200,0
0,380,671,253,1,16,91,250,2
0,394,342,127,0,39,69,210,2
0,488,329,235,0,39,71,250,2
0,424,496,236,0,30,72,190,2
0,494,172,74,0,45,75,80,0
0,427,501,297,0,23,73,230,2
0,386,268,126,0,57,64,140,1
0,404,282,160,0,48,57,150,1
0,371,315,136,0,30,70,140,2
0,421,410,113,0,33,74,180,1
1,389,366,256,1,29,75,230,2
0,460,441,212,0,33,66,190,2
0,370,720,172,1,10,75,250,0
1,388,720,300,0,12,68,250,2
1,333,456,264,1,27,73,210,2
0,402,470,243,0,33,77,220,2
1,399,720,300,1,11,70,250,2
0,422,188,64,0,53,75,80,0
1,456,490,300,0,27,63,250,2
0,509,429,137,1,36,68,130,2
0,509,720,104,0,22,82,250,2
0,410,546,278,0,30,59,250,2
1,292,320,248,1,44,76,230,2
0,454,302,146,0,31,75,200,2
0,427,120,48,0,45,70,80,0
0,404,79,23,0,65,74,30,0
1,307,591,300,0,20,83,250,2
1,372,486,278,0,25,71,220,2
0,414,194,8,0,42,74,50,2
0,469,114,51,0,39,69,70,0
0,468,159,78,1,51,71,80,1
0,490,720,300,0,17,69,250,2
1,301,186,76,0,38,89,110,2
0,440,60,33,1,49,67,40,0
0,398,339,155,0,38,67,110,2
0,388,184,66,0,56,75,90,1
0,428,467,112,0,31,71,250,2
0,488,357,155,0,33,76,190,2
0,416,63,32,0,68,66,110,0
0,528,398,44,0,39,64,100,0
0,462,168,66,0,67,74,130,0
0,430,533,213,0,26,67,250,2
0,493,444,249,0,26,67,220,2
0,472,102,46,0,53,68,50,0
1,309,91,63,1,33,74,100,2
0,527,431,252,1,34,66,250,2
0,432,316,188,0,47,62,150,2
1,391,162,43,1,48,75,80,2
1,315,696,300,1,9,86,250,2
0,508,247,109,0,47,66,150,1
0,445,60,26,0,60,75,50,0
0,451,114,71,0,52,71,40,0
0,424,184,69,0,60,72,50,0
0,476,60,35,0,53,72,30,0
1,423,695,300,1,14,70,250,2
1,328,720,299,1,8,75,250,2
0,364,577,218,0,21,74,220,2
0,479,93,14,0,41,70,130,0
0,371,173,43,0,41,77,90,1
0,427,141,31,0,50,71,60,0
0,397,60,30,0,58,70,90,0
1,460,434,279,1,37,73,250,2
0,415,95,42,0,61,63,120,0
1,452,345,241,1,36,74,180,2
1,339,191,120,0,49,75,130,2
1,429,458,290,0,25,90,250,2
0,523,333,208,1,26,66,200,2
0,381,195,91,1,35,75,100,2
0,449,182,71,0,51,66,80,0
0,587,357,103,1,46,71,100,1
0,453,60,14,0,53,76,50,0
0,423,114,71,0,54,79,130,0
0,474,96,38,1,65,64,70,0
0,452,628,243,0,19,71,250,2
1,270,720,216,1,5,71,190,2
0,491,63,26,0,70,76,80,0
0,349,279,91,0,31,72,140,2
0,429,93,17,0,54,60,50,0
1,459,148,77,1,57,70,70,1
0,417,235,111,0,42,65,130,1
0,400,171,78,0,49,66,80,0
0,493,278,91,1,43,66,90,1
1,315,142,103,0,43,82,50,2
1,304,423,235,1,29,86,180,2
0,448,507,274,1,23,75,250,2
0,425,369,114,0,37,70,110,1
0,372,60,25,0,47,66,50,0
0,451,501,255,1,24,70,230,2
1,407,128,61,1,43,73,80,1
1,349,150,116,1,59,75,160,2
1,369,720,300,1,13,79,250,2
0,458,241,105,1,49,72,140,1
0,509,229,57,0,35,73,130,0
0,435,193,79,0,47,72,150,0
1,405,233,157,1,41,74,90,2
1,414,275,157,0,46,64,170,2
0,463,252,126,0,36,65,190,1
0,436,344,140,0,33,76,110,1
0,389,171,59,0,50,72,130,1
0,411,554,178,0,30,77,250,2
1,398,381,208,0,35,77,190,2
0,525,269,103,0,59,66,230,1
1,356,720,300,1,7,83,250,2
0,475,120,43,0,41,78,110,0
1,367,576,222,1,23,74,250,2
0,455,126,22,0,56,76,50,0
1,481,151,76,1,43,68,80,1
0,488,706,235,1,8,77,220,2
0,357,559,300,0,16,81,210,2
0,391,214,83,0,41,69,120,1
0,482,111,60,0,61,68,200,0
0,442,309,135,1,42,67,240,2
0,392,272,131,0,52,70,130,1
1,302,538,300,1,24,86,180,2
0,470,222,112,0,47,69,100,1
1,429,314,241,0,43,71,220,2
1,361,135,101,1,55,75,120,2
0,543,119,50,0,67,64,70,0
1,447,340,131,1,50,64,160,2
0,422,321,78,0,43,68,170,1
0,379,104,53,1,55,69,90,1
0,386,647,210,1,9,73,250,2
1,413,393,227,1,40,76,250,2
0,410,64,18,1,46,61,80,0
0,503,138,72,0,49,78,70,0
0,508,356,115,0,31,78,170,1
1,419,282,130,1,32,61,160,2
0,391,115,25,0,54,72,30,0
1,327,248,132,1,39,69,150,2
1,447,180,125,0,51,70,130,1
1,350,569,250,1,11,72,250,2
1,453,200,101,0,44,67,120,1
1,393,60,37,1,50,69,120,1
0,437,117,3,0,61,70,50,0
0,399,437,158,0,30,72,190,2
0,430,305,123,0,42,71,160,1
0,444,60,21,0,55,75,80,0
0,501,494,157,0,26,75,220,2
0,375,394,235,0,35,74,250,2
0,406,263,159,0,40,70,210,2
1,363,143,114,0,64,80,130,2
0,453,353,154,0,27,76,250,2
1,311,299,151,0,44,72,130,2
0,369,125,42,0,55,74,40,0
0,468,187,86,0,54,72,140,0
1,268,459,289,0,26,83,190,2
0,499,329,106,0,34,71,130,1
0,427,246,124,0,51,80,140,1
0,342,166,64,0,42,76,130,2
0,410,96,33,1,61,59,70,0
1,401,489,300,0,30,62,250,0
1,352,451,263,1,27,68,210,2
0,436,323,166,0,41,73,130,2
0,487,238,78,0,34,76,80,0
0,424,348,96,1,52,77,160,2
0,388,321,162,0,38,72,160,2
0,435,191,37,0,50,69,110,0
0,505,212,74,0,51,72,100,0
0,534,444,89,1,38,70,150,2
0,349,466,135,1,24,78,250,2
0,474,386,153,0,30,68,100,1
1,392,199,128,1,50,72,70,2
0,496,199,67,0,47,69,120,0
1,336,720,300,0,11,85,250,0
1,251,720,300,0,8,86,250,2
0,479,322,103,1,40,80,150,2
0,387,209,63,0,54,73,100,1
1,292,720,300,1,10,77,250,2
1,297,720,300,0,8,77,250,2
1,417,597,300,0,23,70,250,2
0,441,200,73,0,36,76,100,0
1,429,454,297,1,26,73,220,2
0,468,60,37,0,49,69,20,0
1,330,585,300,1,17,83,250,2
1,370,210,111,1,45,77,60,2
0,409,587,280,0,18,76,250,2
1,360,60,32,0,52,70,30,1
0,401,163,54,1,36,65,100,1
1,402,389,251,1,48,76,220,2
0,503,280,90,0,33,73,170,1
1,332,217,95,0,45,80,210,2
0,484,193,97,0,50,62,110,0
1,367,277,179,0,27,76,120,2
0,447,242,84,0,40,64,110,0
0,350,152,35,0,45,74,50,1
0,359,564,162,0,20,75,210,2
1,400,519,300,0,25,77,250,2
0,489,190,9,1,43,74,30,0
0,401,346,61,0,31,70,100,1
0,518,135,54,0,55,69,110,0
1,426,221,149,1,36,69,110,2
0,404,60,9,0,54,60,50,0
0,421,241,125,0,44,70,140,1
0,558,255,97,0,44,59,190,0
0,372,107,36,0,45,68,70,0
0,461,105,46,1,54,70,60,0
0,418,306,91,0,35,72,70,1
1,439,295,177,1,30,76,110,2
1,463,491,200,0,28,71,180,2
0,415,60,23,0,53,75,90,0
0,505,92,28,0,53,72,30,0
1,545,720,300,1,10,75,250,2
0,453,322,80,0,39,63,110,0
1,444,663,300,1,21,81,230,2
0,390,131,60,0,45,65,50,0
0,435,118,29,0,61,70,60,0
0,426,415,137,0,31,81,140,2
1,445,60,30,0,65,58,10,0
0,495,216,74,0,54,67,100,0
0,429,354,130,0,38,58,190,1
0,526,195,73,0,58,72,120,0
1,482,720,300,1,16,72,250,2
1,434,354,209,1,33,68,170,2
0,409,307,116,1,40,67,150,2
0,404,109,55,1,47,69,60,2
1,333,720,300,1,13,80,250,2
0,482,240,115,0,53,65,140,1
0,374,171,56,0,54,70,130,1
0,468,230,132,0,43,71,220,1
1,284,467,300,0,22,77,250,2
0,476,138,78,0,50,70,220,1
1,391,517,268,1,20,68,250,2
0,516,60,14,0,61,64,30,0
0,492,65,24,0,71,67,20,0
1,490,427,222,1,23,64,230,2
0,508,605,253,0,28,70,250,2
0,427,60,27,0,48,68,70,0
0,377,134,53,0,45,75,50,1
1,301,120,75,1,43,81,110,2
1,240,257,133,1,45,85,110,2
1,299,362,203,1,38,78,150,2
1,379,291,213,0,42,66,200,2
0,392,60,37,1,45,66,80,1
0,425,60,19,0,58,71,20,0
1,394,108,86,0,43,75,110,1
0,404,117,49,0,53,64,110,0
0,393,134,45,0,50,78,90,0
0,447,182,78,0,64,74,120,0
0,405,240,52,0,46,78,110,1
1,371,304,117,0,43,74,210,2
0,517,720,251,1,14,67,230,1
0,421,701,275,0,19,76,230,2
1,513,416,193,1,32,71,190,2
0,506,124,32,0,50,69,20,0
0,391,133,84,1,49,78,120,1
0,394,312,101,1,36,69,40,2
1,356,134,103,0,41,75,140,2
1,470,475,292,0,36,69,250,2
1,355,313,102,0,55,69,170,2
1,438,720,300,1,11,70,250,2
0,495,94,23,1,53,65,110,0
1,305,720,300,1,10,74,250,2
1,327,419,300,0,27,87,250,2
0,455,94,46,0,44,70,50,0
0,457,429,125,0,33,73,220,2
1,341,262,146,1,41,71,210,2
1,350,286,185,1,44,69,140,2
1,355,171,115,1,47,69,80,2
1,250,601,300,1,11,78,210,2
0,473,720,271,0,22,73,250,2
0,411,95,40,0,55,69,60,0
0,295,406,111,0,24,87,190,2
0,433,224,115,0,43,66,130,1
1,308,530,300,1,15,81,250,0
0,504,205,108,0,49,59,170,1
0,405,186,53,0,51,68,70,0
0,380,720,256,0,23,87,250,2
0,460,244,85,0,43,64,130,0
0,416,482,169,0,19,77,250,2
0,381,99,64,0,45,74,80,1
0,460,594,192,0,20,70,200,2
0,367,173,70,0,48,65,90,1
1,272,102,71,1,37,77,70,2
0,506,126,54,0,46,66,130,0
0,463,240,151,1,37,66,100,2
0,436,278,53,1,54,59,70,0
0,419,158,90,0,51,69,100,0
0,475,270,39,0,39,67,50,0
1,443,140,69,0,55,64,90,1
1,307,306,184,0,42,69,170,2
0,438,114,50,0,54,65,60,0
0,409,307,148,0,41,74,210,2
1,361,365,217,0,29,76,180,2
1,386,208,148,1,43,73,160,2
1,389,575,300,1,22,70,250,2
0,471,424,127,1,35,79,190,2
0,459,270,105,0,49,67,150,1
0,359,109,56,0,31,76,70,1
0,367,720,226,0,5,82,240,2
0,416,205,93,0,50,69,110,1
0,541,317,72,1,42,60,150,1
0,392,60,18,0,50,73,30,0
1,375,404,189,1,25,75,100,2
1,337,598,292,1,20,69,180,2
0,407,172,90,0,51,72,70,0
1,372,412,171,0,23,74,210,2
0,505,301,136,0,41,72,120,1
1,421,710,300,1,13,66,250,2
0,409,253,64,0,42,75,100,1
0,572,153,30,0,54,66,40,0
0,438,72,32,0,63,63,80,0
0,421,364,92,0,34,75,210,1
1,488,720,300,1,12,78,250,2
0,411,112,58,0,45,71,110,0
0,533,428,191,0,35,74,160,2
0,376,507,227,0,35,70,200,2
0,506,124,39,0,46,67,90,0
0,460,521,12,0,23,79,190,1
1,480,114,38,1,52,57,50,1
1,493,613,300,0,21,62,250,2
1,295,62,43,1,44,75,70,2
1,464,60,38,1,66,65,100,1
0,349,76,46,0,77,76,70,1
1,286,434,300,1,26,76,250,2
0,379,193,96,0,42,73,80,1
1,410,714,300,1,11,78,250,2
0,436,205,93,0,39,75,150,1
1,378,154,73,0,57,65,120,1
1,385,395,249,1,34,75,250,2
1,416,531,300,1,34,63,250,2
1,421,472,294,1,40,75,250,2
1,436,426,274,0,42,68,250,2
1,517,653,300,1,15,76,230,2
0,433,218,116,0,44,68,130,1
0,423,535,92,0,25,70,190,1
0,465,60,11,0,62,70,40,0
0,392,555,142,0,32,74,250,2
0,416,541,119,1,22,69,230,2
0,499,248,33,0,54,62,80,1
0,428,273,98,0,32,69,170,1
1,290,508,300,1,20,80,250,2
1,270,720,300,1,8,87,250,2
0,422,154,89,0,60,67,70,0
0,492,200,106,0,53,65,100,0
0,506,93,35,0,44,64,50,0
0,425,464,224,1,25,73,250,2
1,530,537,300,0,23,70,250,2
0,414,133,55,0,48,67,90,0
0,443,271,40,0,49,77,70,0
1,240,547,300,1,14,84,250,2
1,358,431,281,1,32,76,250,2
0,462,237,108,0,46,67,60,0
1,484,145,79,1,53,69,80,1
0,378,81,45,0,64,71,80,0
0,473,593,112,0,21,69,170,2
0,487,130,48,0,45,74,70,0
0,420,82,42,0,55,66,60,0
0,320,60,19,0,56,79,80,1
0,447,437,222,0,51,73,170,2
1,428,231,144,1,46,72,110,2
1,308,720,300,1,5,80,250,2
0,422,119,59,0,43,69,60,0
0,377,66,27,0,48,77,60,0
1,240,153,96,0,40,77,90,2
0,501,270,115,1,36,59,140,1
1,389,720,300,1,7,74,250,2
0,499,453,75,0,39,68,250,2
0,462,343,181,0,35,67,210,2
0,417,635,132,0,21,77,150,2
0,430,196,119,0,48,62,80,0
0,478,175,58,0,47,68,100,0
0,498,543,182,0,28,71,170,2
0,451,214,101,0,39,67,120,1
0,490,105,23,0,56,73,30,0
0,420,60,26,0,57,77,80,0
0,400,115,22,0,66,69,50,1
0,416,252,115,0,43,72,130,1
0,430,85,46,0,49,73,70,0
0,374,392,135,0,31,75,120,2
0,368,62,12,0,49,81,50,0
1,406,157,101,0,51,68,90,1
0,399,511,292,0,23,75,250,2
1,363,682,300,1,9,75,250,0
0,432,272,60,0,42,77,180,0
0,496,181,86,1,45,66,120,1
0,483,89,61,0,53,65,50,0
1,273,702,300,1,7,81,250,2
0,408,508,258,0,17,81,240,2
0,477,195,118,1,51,77,160,1
0,465,191,96,0,62,60,110,0
0,417,111,58,0,60,74,50,0
0,363,214,83,0,46,73,110,1
0,415,60,7,0,68,65,80,0
0,424,251,63,0,42,77,150,1
0,448,431,180,0,39,74,120,2
0,505,197,143,0,62,72,130,1
1,311,498,300,1,22,80,250,2
1,318,519,267,1,28,75,230,2
0,429,254,110,0,54,70,150,0
1,447,355,220,0,46,71,110,2
1,258,551,300,1,10,76,250,2
0,492,147,93,0,44,74,120,1
0,411,73,36,0,71,75,60,2
1,323,720,300,1,10,85,250,2
0,354,366,125,1,32,70,180,2
0,485,60,18,0,57,67,20,0
1,378,489,209,1,23,78,250,2
0,428,60,35,0,62,68,50,0
1,296,96,60,0,47,73,130,2
1,337,410,300,1,32,81,250,2
1,325,720,300,1,11,77,250,2
0,429,720,193,0,12,66,250,2
0,401,642,300,0,26,77,250,2
0,343,60,22,0,60,78,70,1
0,556,558,300,0,28,70,190,2
0,381,471,176,1,28,77,170,2
0,444,415,259,0,35,63,250,2
0,361,160,7,0,44,73,70,0
0,320,251,129,0,36,74,100,2
0,439,297,118,0,35,78,130,1
1,402,560,245,1,24,79,230,0
1,463,563,300,1,27,70,250,2
1,402,349,198,0,39,70,180,2
0,427,185,100,0,35,80,90,1
1,323,426,173,1,25,84,140,2
1,479,720,293,1,11,69,220,2
0,481,411,133,0,36,70,230,2
0,372,465,212,0,22,78,230,2
0,436,298,149,0,39,73,120,1
0,427,79,31,0,43,75,60,0
0,417,138,62,0,53,67,50,0
0,473,408,177,0,33,75,250,2
1,418,696,300,1,8,75,250,2
0,425,452,259,1,31,77,250,2
0,435,285,77,0,41,68,80,0
1,494,476,193,1,27,68,250,2
0,481,243,99,1,48,72,110,1
1,380,89,51,0,54,73,110,1
0,353,88,43,0,45,72,30,1
1,414,616,300,1,8,75,250,2
0,484,209,67,0,45,70,60,0
0,312,60,16,0,49,80,100,1
0,447,246,42,0,37,71,110,0
1,345,153,94,0,47,75,80,2
1,359,134,96,1,49,70,70,2
0,389,60,27,0,50,75,90,0
1,349,163,89,1,52,73,90,2
0,504,60,21,0,62,79,50,0
0,412,95,35,0,44,68,60,0
1,442,552,300,0,29,72,230,2
0,394,288,119,0,41,72,160,2
0,472,454,44,0,34,71,190,1
1,360,430,256,1,29,82,250,2
1,384,60,39,1,50,62,70,1
1,390,308,133,1,44,76,150,2
1,404,223,151,0,42,71,120,2
0,306,86,30,0,54,77,80,2
1,290,96,45,1,54,74,50,1
0,455,330,158,1,37,71,180,2
1,240,293,234,1,41,80,250,2
0,408,74,28,1,67,65,100,0
0,432,60,27,0,53,68,50,0
0,393,399,176,1,27,84,230,2
0,415,421,183,0,25,72,250,2
0,463,429,157,0,43,70,170,2
1,460,613,300,0,24,79,250,2
1,322,613,300,0,15,82,250,2
0,421,376,51,0,25,72,110,1
1,338,232,147,1,49,73,110,2
0,313,336,165,1,22,76,190,2
0,457,281,109,0,46,80,70,1
0,481,98,26,0,53,65,50,0
1,431,297,237,1,42,65,230,2
1,314,720,300,0,4,77,250,2
0,372,266,69,0,53,66,180,1
0,451,349,129,0,39,72,150,1
0,491,96,31,0,52,74,40,0
0,457,124,37,0,38,69,70,0
0,464,282,82,0,48,66,200,1
0,507,224,24,1,50,74,130,0
1,338,296,145,0,34,76,230,2
1,374,147,84,0,46,59,120,2
0,531,122,26,0,66,59,40,0
0,425,60,23,0,51,72,40,0
0,386,165,41,0,48,79,70,0
1,328,301,167,1,46,75,140,2
1,309,319,132,0,19,80,180,2
1,400,720,300,1,6,75,250,2
0,405,60,18,0,55,74,40,0
1,393,720,300,1,8,69,250,2
0,398,341,177,0,26,75,140,2
0,343,270,104,0,37,75,80,2
0,435,76,37,0,61,68,90,0
0,427,116,72,0,44,67,130,1
1,426,604,300,1,22,73,250,2
1,342,200,81,0,51,69,80,2
0,381,287,111,0,44,70,140,2
0,455,208,36,0,41,73,30,0
0,525,249,57,0,39,71,130,0
0,450,403,105,0,40,63,160,1
0,456,74,17,0,55,74,60,0
1,352,258,133,0,47,71,100,2
1,266,302,203,1,34,81,200,2
1,442,519,300,1,31,70,230,2
1,438,720,300,0,13,73,250,2
0,470,68,35,0,55,75,50,0
0,440,252,41,0,45,66,110,0
0,479,76,26,0,50,70,10,0
0,479,208,78,0,42,66,140,0
1,473,410,290,1,38,72,230,2
0,484,145,62,0,56,59,60,0
0,438,474,246,0,26,67,250,2
0,384,354,131,0,43,80,140,2
1,385,447,300,1,24,65,180,2
0,447,231,68,1,44,68,120,1
1,439,598,281,0,26,69,250,2
1,484,720,291,0,11,75,250,2
0,430,242,65,0,60,65,170,0
0,555,182,71,1,57,70,130,1
1,251,720,291,0,5,80,250,2
0,470,285,68,0,35,66,90,0
1,319,300,163,0,30,73,170,2
0,354,384,107,0,34,74,140,2
0,409,60,23,0,54,72,30,0
1,272,102,53,0,54,72,110,0
1,363,60,47,0,56,70,40,1
1,377,60,34,1,54,74,90,1
1,453,142,72,0,51,66,90,1
1,284,262,137,0,44,74,150,2
1,438,223,135,1,56,66,150,2
1,381,307,243,1,45,75,120,2
0,486,267,99,0,32,70,150,1
0,413,150,67,0,45,77,80,1
1,296,494,187,0,23,81,240,2
0,389,597,136,0,19,70,220,2
0,370,720,243,0,14,77,250,0
0,458,558,140,0,15,76,220,2
0,508,686,277,0,18,68,250,2
0,406,195,82,0,43,74,80,1
0,451,60,30,1,59,66,80,0
1,268,291,127,0,33,78,140,2
0,459,97,19,0,48,75,20,0
0,483,237,61,0,51,65,130,0
0,377,75,13,0,56,70,50,0
0,439,273,26,0,32,71,90,0
0,485,127,50,0,49,73,50,0
1,240,190,123,1,37,76,220,2
0,516,549,227,1,28,74,220,2
1,414,418,221,0,43,78,240,2
0,455,165,72,0,45,71,80,0
0,429,456,235,0,33,63,250,2
0,348,270,136,0,38,81,200,2
0,461,375,119,0,33,71,110,1
1,354,258,206,0,36,84,180,2
1,392,645,300,1,14,74,250,2
0,489,60,31,0,41,76,80,0
0,458,145,95,0,61,79,130,1
0,516,204,88,0,56,60,70,0
0,427,116,56,0,50,67,60,0
1,341,338,177,0,39,74,140,2
0,440,469,145,1,24,79,170,2
1,404,639,300,1,22,69,250,2
0,470,203,103,0,50,75,130,1
0,361,515,190,0,32,74,250,2
0,435,78,29,0,54,66,70,0
0,530,200,28,0,55,66,60,0
1,358,275,158,1,45,79,150,2
0,496,579,297,0,18,75,250,2
1,409,473,300,0,24,70,190,2
0,482,577,212,0,20,82,250,2
1,318,70,45,1,50,76,80,2
0,409,312,137,0,27,76,170,2
1,391,378,161,1,35,85,140,2
1,267,60,46,1,46,82,40,2
1,371,186,73,0,52,77,90,0
0,447,79,28,0,65,67,60,0
1,514,528,238,1,29,72,250,2
0,455,467,243,0,22,70,190,2
0,466,154,44,0,45,69,70,0
0,508,90,36,0,71,69,20,0
0,386,61,23,0,43,67,40,0
1,378,720,300,0,9,81,250,2
0,571,138,57,0,65,71,100,0
0,416,60,32,0,46,71,70,0
0,490,127,67,0,49,72,70,0
0,468,60,36,0,61,68,30,0
1,286,392,298,0,30,71,210,2
0,450,201,103,0,48,62,110,0
0,442,153,63,0,35,68,80,0
0,451,60,24,0,59,75,20,0
1,322,314,242,1,35,71,250,2
1,296,275,173,0,45,73,170,2
1,341,300,195,0,36,86,210,2
0,415,111,69,0,49,68,80,0
0,479,273,128,0,46,58,130,1
0,510,325,134,1,31,69,160,2
0,519,74,26,0,59,65,50,0
0,478,324,115,0,44,69,120,1
1,289,593,300,1,16,80,210,2
0,429,720,43,0,19,83,250,2
0,460,277,70,0,35,72,120,1
1,330,226,143,1,33,73,150,2
1,415,583,300,0,22,70,250,2
0,456,114,74,0,54,67,60,0
0,476,528,176,0,26,77,220,2
0,486,186,64,0,62,74,110,0
0,404,127,42,0,67,64,100,0
0,496,264,45,1,53,69,110,1
0,415,200,73,0,54,65,100,0
1,294,217,173,1,35,75,130,2
1,412,60,35,0,59,72,40,0
0,495,419,172,0,33,73,250,2
0,459,416,124,0,21,69,200,2
0,421,229,100,0,66,77,120,1
1,396,487,300,1,31,76,250,2
0,426,72,36,0,49,75,50,0
0,378,60,38,0,60,71,50,0
0,372,238,111,0,38,74,160,2
0,431,183,54,0,38,74,80,0
1,380,374,299,1,43,73,250,2
0,435,60,16,0,66,71,30,0
0,468,332,124,0,36,75,160,1
0,439,107,35,0,54,62,50,0
0,448,60,32,1,72,68,80,0
1,364,720,300,1,11,71,250,1
1,502,720,300,1,13,68,230,2
0,424,60,38,0,48,74,110,0
0,552,110,60,0,50,72,70,0
0,467,188,92,0,64,73,160,1
0,409,396,168,1,35,72,220,2
0,390,351,154,0,28,73,170,2
1,273,84,55,0,50,80,50,2
0,400,260,33,0,38,76,80,0
0,391,157,59,0,59,66,80,0
0,454,161,75,0,57,71,110,0
1,338,189,112,0,51,72,100,0
0,429,126,55,0,58,67,60,0
1,464,520,300,1,19,76,220,2
0,445,209,90,0,40,72,190,1
0,538,188,80,0,50,70,90,0
1,307,636,187,0,18,70,210,2
0,427,274,145,0,39,69,90,1
1,352,640,244,1,16,79,250,2
0,481,91,26,0,51,74,40,0
0,323,204,88,0,47,74,150,2
0,347,159,85,0,43,73,60,1
0,429,176,60,0,49,63,110,0
0,497,121,70,1,53,66,80,0
0,461,632,194,1,19,72,250,2
1,265,194,107,0,34,80,70,2
0,390,527,109,1,26,77,240,2
0,518,701,264,0,18,77,250,2
0,403,74,30,0,44,63,90,0
0,402,61,15,0,48,71,30,0
0,523,60,7,0,66,67,80,0
1,445,696,300,1,14,74,250,2
1,464,709,300,1,10,75,250,0
0,387,78,32,0,50,65,10,0
1,268,575,300,0,17,91,250,2
0,441,103,49,0,64,70,70,0
1,413,379,126,1,32,68,150,2
1,400,664,300,1,12,72,250,2
1,493,498,286,1,37,65,250,2
0,333,75,41,0,50,73,20,1
0,477,221,100,0,51,69,100,1
0,380,149,75,1,45,75,60,1
1,434,570,300,1,27,70,250,2
0,396,216,71,0,42,84,120,1
1,333,484,224,1,27,73,250,2
0,404,88,41,0,56,67,100,0
1,273,137,93,1,42,78,160,2
0,437,233,135,0,54,66,130,1
0,411,470,213,0,27,76,160,0
0,459,480,297,0,25,67,250,2
0,452,60,27,0,58,72,60,0
0,519,212,104,0,55,68,120,1
1,400,667,300,1,18,83,250,2
0,446,266,174,0,45,67,200,2
0,505,262,116,0,45,77,130,1
1,346,720,300,1,15,78,250,0
0,360,80,34,1,44,76,70,1
1,389,545,300,1,25,66,230,2
1,275,691,300,1,6,81,250,2
0,557,68,18,1,50,69,40,0
0,492,216,130,0,43,74,160,1
0,528,287,142,1,32,70,210,2
1,379,611,300,1,15,84,250,2
0,477,60,21,0,63,67,20,0
0,397,96,43,0,65,59,60,0
1,421,60,47,0,47,68,60,0
0,389,628,183,0,9,76,250,2
1,240,218,151,0,34,83,180,2
1,304,113,44,1,52,74,90,2
0,362,73,30,0,48,84,40,1
1,478,202,103,0,45,72,130,1
1,502,691,300,1,16,71,180,2
0,379,109,25,0,54,68,70,0
0,499,572,192,1,22,79,210,2
0,467,60,29,1,59,68,40,0
0,371,720,256,0,11,78,250,1
1,347,206,155,1,41,80,170,2
0,405,581,245,0,23,71,250,2
1,427,720,300,0,13,72,250,2
0,358,418,198,1,25,82,180,2
0,430,195,97,0,49,65,90,0
1,326,97,63,0,42,79,40,2
1,408,399,192,0,37,78,100,2
0,424,101,34,1,52,67,120,0
0,423,631,194,0,25,79,210,2
0,424,239,91,0,40,71,70,0
0,551,255,62,0,48,67,90,0
0,429,129,36,0,54,66,100,0
0,382,143,61,0,60,76,110,2
1,415,506,300,1,25,71,210,2
0,412,222,112,0,43,71,160,1
1,275,575,300,0,12,82,250,2
1,531,609,300,1,24,64,250,2
0,417,405,121,1,37,70,190,2
1,363,127,59,0,60,76,100,2
0,442,288,111,0,47,64,120,1
1,511,492,239,1,24,70,190,2
0,336,60,25,0,54,73,60,1
0,463,361,89,1,43,71,140,1
1,521,720,300,0,16,74,250,2
0,456,368,74,0,36,74,140,1
1,273,77,51,1,47,83,70,2
1,331,163,118,0,35,79,100,2
0,445,259,102,1,43,69,220,2
0,516,104,56,0,51,70,50,0
0,418,325,183,1,47,75,190,2
0,491,258,21,0,57,71,50,0
1,259,558,300,1,9,85,250,2
0,377,200,61,0,46,74,110,1
0,425,316,85,1,49,68,120,1
1,490,209,119,1,48,63,170,2
0,438,720,300,0,10,71,250,2
1,395,334,150,0,43,73,220,2
0,463,80,33,0,52,68,110,0
1,452,704,300,1,23,71,250,2
0,404,161,42,0,42,69,120,0
0,469,424,153,0,36,72,110,2
0,393,164,60,0,43,74,110,1
0,534,85,44,0,40,67,20,0
1,318,329,247,1,49,75,230,2
0,405,75,19,0,56,74,70,1
1,428,285,129,0,45,77,170,2
0,423,309,185,0,43,75,180,2
0,436,236,113,0,38,74,140,1
0,446,232,98,0,44,68,130,1
0,395,195,77,0,58,72,50,0
0,515,544,257,0,24,77,240,2
0,479,237,101,0,56,65,150,1
1,485,212,78,0,50,64,90,1
0,423,454,163,1,24,73,220,2
0,455,313,156,1,39,63,190,2
0,444,101,48,0,64,66,80,0
0,506,570,92,1,24,69,250,2
1,471,437,254,1,31,73,250,2
0,459,320,73,0,49,68,110,0
0,359,497,79,0,19,76,180,2
0,538,68,19,0,59,66,40,0
0,477,129,23,0,51,71,50,0
0,404,502,200,1,25,72,200,2
1,418,180,67,1,47,64,110,1
0,359,213,80,1,36,75,110,2
0,502,662,91,0,15,75,170,2
1,287,140,60,1,54,80,100,2
0,438,60,20,0,52,73,40,0
1,392,110,85,1,52,75,50,2
0,471,168,79,1,28,70,130,1
1,367,245,171,1,45,75,230,2
0,466,160,76,0,46,64,100,0
0,433,147,64,0,58,60,90,0
0,448,118,40,0,48,65,70,0
0,454,182,67,1,54,60,100,0
0,410,228,105,0,47,72,170,1
0,365,426,94,0,35,75,170,2
0,411,369,120,0,29,65,220,2
0,462,179,11,0,63,75,90,0
0,437,212,20,0,61,69,150,0
1,379,698,300,1,16,68,240,2
1,352,614,300,0,22,82,250,2
0,391,692,229,1,16,71,250,2
0,395,129,48,0,51,72,90,0
0,404,60,33,0,50,72,80,0
0,435,223,104,0,46,64,130,1
1,417,576,236,1,17,80,250,1
0,425,406,157,0,30,84,180,2
0,383,135,29,0,59,65,90,0
1,292,453,206,1,27,80,150,2
0,564,345,129,0,48,71,250,2
1,295,334,205,1,36,78,240,2
1,338,281,224,0,31,85,220,2
0,460,289,81,1,42,71,170,1
0,468,60,27,0,52,72,80,0
0,446,132,58,0,56,74,80,0
0,412,720,238,1,12,83,230,2
0,461,331,133,1,50,66,200,2
1,364,720,300,1,7,76,250,2
0,419,237,73,0,40,72,50,0
0,432,379,212,1,40,67,180,2
0,487,147,65,0,56,74,50,0
1,373,265,144,1,40,73,140,2
0,449,145,69,0,59,63,40,0
1,464,720,300,1,13,73,250,2
0,483,96,23,0,61,63,70,0
0,514,60,16,0,62,67,50,0
1,267,720,273,1,3,71,250,2
1,453,157,72,0,58,73,80,1
0,450,297,190,0,36,69,210,0
0,375,138,43,0,57,66,110,0
1,392,720,300,1,10,74,250,2
0,502,720,164,0,13,79,250,2
0,408,720,173,1,9,77,250,2
1,420,140,58,0,48,79,100,1
0,463,166,74,0,54,62,160,0
0,396,60,16,0,56,63,30,0
0,427,299,115,0,36,70,170,1
0,465,105,34,0,45,78,60,0
1,319,348,135,1,22,81,160,2
0,391,60,23,0,68,73,70,0
0,413,60,32,1,51,65,70,0
0,490,120,34,0,52,67,90,0
1,435,206,97,1,52,67,150,2
0,406,654,161,1,19,75,240,2
1,405,214,171,0,46,75,120,2
0,378,257,140,0,49,72,180,2
1,262,60,34,1,63,71,80,2
0,416,267,120,0,42,67,170,1
1,453,405,280,1,39,74,250,2
0,482,432,69,0,34,78,110,1
0,419,195,107,0,45,72,110,1
1,345,720,300,1,5,76,250,2
1,347,256,186,0,37,71,150,2
0,440,93,28,0,53,68,20,0
1,315,672,300,1,18,85,250,2
0,432,324,105,0,35,68,150,1
1,359,155,64,0,44,69,130,2
0,382,391,35,0,38,70,180,1
0,393,456,162,0,26,74,150,2
0,470,335,156,0,38,69,180,1
0,435,244,92,0,53,67,110,0
1,368,96,52,0,64,73,40,1
0,389,156,13,0,48,65,90,0
0,513,91,43,0,52,67,50,0
0,408,399,139,0,37,71,150,2
1,392,89,59,1,53,73,50,1
0,410,61,24,0,56,66,50,0
0,436,82,22,0,65,62,70,0
1,392,152,94,1,43,74,80,2
0,366,73,22,0,54,84,90,1
1,389,270,149,0,53,70,100,2
1,473,293,139,1,51,71,160,2
0,538,501,191,0,30,71,250,2
1,365,150,99,0,57,69,90,2
1,392,202,136,1,35,75,190,1
0,545,317,130,0,45,69,180,1
0,491,366,138,0,39,66,180,1
1,331,368,224,1,34,76,230,2
0,404,315,41,0,36,65,120,0
1,456,60,27,1,58,73,20,0
0,399,465,167,0,25,77,250,2
0,489,200,73,0,42,76,90,0
0,451,324,121,0,40,65,230,1
0,460,248,91,0,47,70,50,0
0,422,146,81,0,46,81,90,0
1,345,502,264,0,24,69,250,2
1,462,179,122,1,63,66,100,2
1,357,720,300,1,11,76,250,2
0,414,60,16,0,58,67,20,0
1,384,686,295,0,18,72,250,2
0,444,264,76,0,47,68,120,0
1,302,331,172,1,23,71,130,2
0,421,128,54,0,48,64,70,0
1,316,384,229,1,25,74,250,0
1,449,363,182,1,31,56,140,2
0,375,60,32,0,51,66,140,0
0,347,332,155,0,30,75,170,2
0,351,337,78,1,43,71,180,2
0,361,92,41,0,54,67,40,0
0,488,344,155,1,44,69,200,2
0,435,413,164,0,33,70,200,2
0,445,60,23,0,59,72,90,0
1,412,451,210,1,27,73,150,2
0,437,362,157,0,30,71,140,2
1,354,74,59,1,43,68,60,2
1,463,60,27,0,49,69,70,0
0,442,170,67,1,53,60,100,0
0,519,158,56,0,58,79,30,0
1,403,277,221,1,44,63,230,2
1,316,720,300,1,4,80,250,2
0,425,443,156,0,22,70,200,2
1,324,181,105,1,36,75,130,2
1,445,335,257,0,40,71,210,0
1,361,395,212,0,35,69,140,2
1,319,650,300,1,19,81,250,2
0,435,303,179,0,34,75,200,2
1,383,354,192,0,32,72,150,2
1,395,516,273,0,29,76,250,2
0,544,549,106,1,31,80,200,2
1,423,472,255,0,30,74,250,2
0,421,88,35,0,64,70,30,0
0,349,91,45,0,67,63,60,1
0,410,60,30,0,52,74,60,0
0,455,85,41,0,59,67,80,0
0,361,95,50,0,50,77,40,1
1,524,60,39,1,63,69,50,1
0,420,61,23,1,55,63,20,0
0,452,73,18,0,49,68,120,0
0,401,143,40,0,58,75,50,0
0,474,271,72,0,54,84,120,1
1,308,187,98,0,48,71,120,1
1,541,720,300,0,13,66,250,2
1,467,119,61,0,44,70,40,0
0,484,60,27,0,72,69,40,0
0,365,189,80,0,46,76,170,2
1,404,638,300,0,13,79,250,2
1,459,222,136,0,57,71,120,2
0,464,152,49,0,47,66,140,0
1,304,720,300,1,9,81,250,2
1,329,600,300,1,8,72,250,2
1,343,388,249,1,31,68,130,2
0,389,158,80,0,44,78,90,1
1,482,60,48,0,64,73,30,0
0,353,582,147,0,28,64,240,2
0,482,240,80,0,51,75,110,0
0,355,60,30,0,61,72,40,0
0,401,375,111,0,36,77,180,2
0,319,308,121,0,29,68,170,2
0,407,148,55,0,50,67,100,0
1,465,171,136,0,48,66,200,2
1,393,282,185,1,37,71,230,2
1,276,142,111,0,42,78,80,2
0,485,72,24,0,44,59,40,2
0,496,191,94,0,47,67,160,1
1,382,597,292,1,22,72,250,2
0,536,645,245,0,23,69,250,2
1,432,320,159,0,41,69,200,2
1,407,720,300,1,11,85,250,2
0,379,60,30,0,60,70,30,0
1,418,578,300,0,17,65,240,2
1,390,234,149,1,48,74,200,2
0,460,720,300,0,18,77,250,2
0,400,112,33,0,57,73,70,0
0,456,289,84,1,36,67,80,1
0,409,60,11,0,44,76,60,0
0,327,135,47,0,43,78,70,1
0,499,495,149,1,28,76,200,2
0,374,422,87,0,36,75,90,2
1,397,437,161,0,33,77,140,2
0,466,437,77,0,27,72,100,1
0,466,222,80,0,49,71,110,0
0,405,486,226,0,23,71,250,2
0,448,60,16,0,66,66,70,0
0,458,237,92,0,40,79,120,1
0,471,60,28,1,55,66,40,0
0,536,92,26,0,58,67,80,0
1,376,177,98,1,52,70,80,2
1,379,240,138,0,35,75,160,2
0,404,225,48,0,40,64,70,0
0,456,190,79,0,49,66,130,0
0,453,95,43,1,52,68,60,0
1,346,284,203,1,42,74,160,2
0,462,60,13,0,56,63,50,0
1,354,610,300,1,16,78,250,2
0,483,384,102,0,38,67,120,1
0,465,481,195,1,26,72,250,2
0,494,336,100,0,44,75,50,1
1,368,429,284,1,31,75,250,2
1,302,484,284,0,32,80,250,2
0,404,93,27,0,47,65,70,0
0,464,235,96,0,36,63,130,1
0,572,168,18,0,49,74,70,0
0,432,305,83,0,47,77,140,1
1,421,516,252,1,36,78,250,2
1,351,627,300,1,23,70,250,2
1,306,482,272,1,23,75,210,2
1,327,492,300,0,23,67,250,2
0,345,177,71,0,41,70,130,2
1,454,409,277,0,29,71,250,2
1,240,297,205,1,32,82,140,2
0,406,366,140,1,46,71,170,2
1,277,225,142,1,42,82,120,2
0,405,60,18,0,67,73,40,0
1,471,176,98,0,50,69,110,1
0,445,74,35,0,56,72,30,0
0,386,260,118,0,53,71,130,1
1,348,677,300,1,13,82,250,2
0,381,60,33,0,52,78,50,0
0,447,381,127,0,38,72,110,1
0,458,361,107,0,27,74,200,1
0,529,581,187,0,26,74,220,2
0,339,425,246,0,20,75,250,2
1,372,176,116,1,42,79,100,2
1,367,268,142,1,44,64,150,2
0,467,129,54,0,44,71,80,0
1,414,720,300,1,10,77,140,2
0,479,720,163,0,12,73,250,2
1,384,410,288,0,34,70,210,2
0,373,60,30,0,52,77,50,0
0,480,143,52,0,51,63,80,0
0,459,628,300,0,21,76,250,2
0,480,217,94,0,61,66,110,0
1,463,320,157,1,49,63,180,2
1,419,720,300,1,11,74,250,2
0,509,60,18,0,67,62,30,0
0,453,60,22,0,59,63,130,0
1,374,720,300,1,8,75,250,2
1,374,527,300,1,20,80,250,2
0,433,321,144,1,37,76,190,2
0,424,60,11,0,46,72,90,0
1,504,215,94,0,36,74,70,1
0,449,299,102,0,37,74,130,1
0,454,86,31,0,56,63,70,0
0,439,226,96,0,40,79,120,0
1,583,119,69,0,60,65,40,0
1,295,76,43,0,44,69,90,2
1,315,466,264,1,25,69,250,2
1,263,305,244,1,30,68,150,2
1,358,290,154,1,48,68,190,2
0,447,195,73,0,57,67,130,0
1,342,313,199,1,39,72,180,2
0,423,60,15,0,53,67,60,0
1,369,524,300,1,21,70,210,2
0,409,492,213,1,23,75,250,2
0,450,647,300,0,17,76,250,2
1,437,357,285,1,37,73,250,2
1,407,66,44,1,48,59,30,1
0,479,366,118,0,37,72,220,1
0,474,182,76,0,50,68,70,0
0,449,241,130,0,51,67,220,1
0,427,92,39,0,45,76,70,0
1,320,451,233,1,24,80,250,2
0,415,374,124,0,34,64,250,2
1,353,413,160,1,30,81,240,2
0,456,108,53,1,57,64,90,0
1,384,203,151,0,51,69,170,2
1,438,442,289,1,36,70,250,1
0,361,112,68,0,47,65,50,1
0,521,80,24,1,73,65,60,0
1,345,579,300,1,11,71,250,2
1,297,335,216,0,30,76,240,2
0,428,278,34,0,33,75,100,0
0,544,91,38,0,62,78,50,0
0,400,60,33,0,60,78,50,0
0,418,97,47,0,63,63,50,0
0,440,154,66,0,44,81,80,0
0,442,166,47,0,42,66,110,0
1,320,293,213,0,47,68,210,2
1,370,572,300,0,13,75,250,2
1,450,538,297,1,19,70,250,2
1,412,571,300,0,20,69,250,2
1,297,111,79,0,56,71,120,2
0,417,303,149,0,39,76,130,1
0,407,401,201,1,38,71,240,2
1,393,247,136,0,44,67,160,2
0,501,65,32,0,65,61,110,0
0,427,287,115,0,46,65,140,1
1,353,464,300,1,36,72,220,2
1,499,316,252,1,38,70,250,2
1,436,593,300,1,20,74,250,2
0,448,167,83,0,50,70,90,0
1,527,156,90,1,57,71,100,1
1,394,289,171,0,44,70,220,2
0,335,225,82,0,53,75,160,2
1,448,351,168,1,39,66,150,2
0,355,60,19,0,77,73,80,0
0,457,566,300,1,24,74,230,2
0,364,720,250,0,12,82,250,2
0,411,165,75,0,43,77,80,0
0,416,179,69,0,47,83,100,0
0,396,208,59,0,61,78,110,1
0,432,225,66,0,51,71,140,0
0,471,71,32,0,59,76,90,0
1,310,493,295,0,21,87,250,2
0,447,291,167,0,45,67,230,2
0,386,183,68,0,42,67,100,1
1,376,314,101,1,29,66,250,2
0,451,170,68,0,44,70,70,0
0,400,415,125,0,38,66,250,2
0,384,245,91,0,46,81,200,2
1,409,262,160,1,41,61,130,2
1,453,106,57,1,46,67,50,1
1,369,615,300,1,17,81,250,2
1,342,171,91,1,52,74,120,2
0,442,65,30,0,59,73,100,0
0,452,365,151,0,43,65,170,1
0,432,162,40,0,58,61,100,0
0,308,720,234,0,6,83,250,2
1,300,91,58,1,38,79,60,2
1,330,223,113,1,47,78,200,2
0,442,303,160,0,47,69,110,0
1,388,312,226,1,40,81,250,2
0,481,274,107,0,51,70,110,1
0,462,273,35,0,40,74,60,0
1,283,60,35,1,52,78,60,2
0,507,239,110,0,56,59,150,1
0,513,404,120,0,35,73,150,1
0,357,75,36,0,53,76,90,1
0,466,119,50,0,56,74,40,0
1,333,225,143,1,34,72,180,2
1,369,89,60,1,45,77,60,2
0,487,84,23,0,51,63,90,0
0,541,211,120,0,58,70,160,1
1,427,720,300,1,14,70,250,2
1,410,230,104,1,49,64,130,2
0,403,480,284,0,30,67,250,2
0,444,126,30,0,37,76,80,0
1,455,502,300,1,40,76,250,2
0,447,126,45,0,60,65,40,0
0,405,317,164,0,42,70,180,2
0,369,657,238,0,12,69,180,2
0,460,309,130,0,42,76,150,1
0,447,179,60,0,51,74,80,0
0,387,136,62,0,60,63,120,0
1,446,428,203,1,30,62,250,2
0,398,264,184,1,35,81,160,2
0,443,428,134,0,37,75,200,2
0,419,171,100,0,56,70,130,1
1,350,416,292,1,39,71,250,2
0,446,101,38,0,53,66,110,0
0,477,228,95,0,59,69,120,0
0,377,106,34,0,49,78,20,0
1,409,368,163,1,36,68,130,2
0,458,183,34,0,52,75,60,0
0,457,612,216,0,19,69,250,2
0,463,169,101,0,36,64,120,1
1,378,720,300,1,16,75,250,2
0,459,196,96,0,49,73,80,0
1,425,720,300,1,18,77,250,1
1,354,531,248,0,24,70,240,2
1,410,70,42,1,56,77,60,1
0,422,155,59,0,45,65,70,0
1,365,184,102,0,43,75,120,2
0,433,82,25,0,57,63,70,0
0,458,110,28,1,64,70,100,0
1,395,236,117,1,36,71,130,2
0,454,60,10,0,50,68,40,0
0,449,212,77,0,48,74,120,0
0,354,285,77,0,33,78,200,2
0,436,720,287,0,13,77,250,2
0,438,477,261,0,21,62,220,2
1,406,310,157,0,54,70,110,2
1,348,374,116,0,36,81,140,2
1,291,488,299,1,22,76,250,2
0,466,182,68,0,42,78,80,0
1,355,344,238,0,32,79,190,2
0,458,131,37,0,44,68,60,0
0,420,201,102,1,61,67,80,1
0,419,178,96,0,48,59,120,0
0,412,70,34,0,53,70,80,0
0,401,359,104,0,41,66,150,1
0,458,310,163,1,46,62,160,2
0,419,382,95,0,30,79,100,1
0,458,134,15,0,59,65,70,0
0,440,437,170,0,31,81,190,2
1,348,281,143,0,34,66,150,2
1,290,122,76,0,38,69,70,2
0,556,522,216,0,36,73,240,0
0,408,90,46,0,53,73,80,0
1,418,408,252,0,36,82,200,2
0,546,152,50,0,46,67,100,0
1,430,80,55,0,58,68,50,0
0,419,88,20,0,48,76,60,0
1,385,720,300,1,15,73,250,2
0,393,209,111,1,43,73,110,2
0,494,164,60,0,44,61,110,0
1,429,297,157,0,51,75,120,2
0,409,78,37,0,55,85,10,0
0,397,123,10,1,41,68,40,0
0,368,358,138,1,32,88,120,2
1,444,383,180,1,38,77,230,2
0,426,160,86,0,61,73,140,0
0,460,211,42,0,52,70,100,0
0,408,60,23,0,71,69,30,0
0,376,225,58,1,34,76,70,1
1,442,573,270,0,20,74,250,2
0,437,124,37,0,52,58,50,0
0,495,228,38,0,57,70,60,0
0,400,60,29,0,57,79,30,0
0,438,545,197,1,21,76,250,2
0,470,552,185,0,23,65,250,2
0,471,549,139,0,18,71,250,2
0,459,60,29,0,50,76,70,0
1,354,606,300,1,19,78,250,2
0,450,315,141,1,27,78,160,2
1,452,318,165,1,39,73,200,2
0,414,121,75,0,58,75,70,0
0,424,452,108,1,23,75,220,2
0,487,174,61,1,57,70,100,1
0,402,102,39,1,55,74,60,0
1,404,454,300,1,37,59,220,2
1,370,711,300,0,12,72,250,2
1,246,573,252,1,13,86,240,2
0,491,373,194,0,45,62,230,2
0,297,77,32,0,49,81,70,2
0,350,161,57,1,41,75,90,2
1,426,436,300,1,40,66,190,2
0,476,616,231,0,25,73,250,2
0,418,126,45,0,42,65,50,0
0,427,397,189,0,30,75,190,2
0,323,60,17,0,59,80,40,1
1,409,637,300,0,18,73,250,2
0,447,428,174,1,26,80,150,2
0,447,720,300,0,19,77,250,2
0,436,391,173,0,44,73,210,2
1,409,413,300,1,36,75,250,2
0,433,153,69,0,39,68,40,0
1,243,223,140,0,51,79,120,2
0,544,193,74,0,66,69,80,0
1,474,261,181,0,48,70,240,2
1,270,454,296,1,23,78,240,2
0,402,308,131,1,48,69,80,2
0,423,98,30,0,51,61,20,0
0,503,478,251,0,31,65,120,2
0,327,271,112,0,46,72,130,2
1,355,292,148,0,39,67,140,2
0,361,538,189,0,33,76,250,2
0,435,134,36,0,57,76,60,0
0,411,67,21,0,59,67,70,0
0,423,85,35,0,44,76,90,1
1,332,214,110,0,50,81,130,2
0,397,436,87,0,28,66,240,2
1,418,675,300,1,15,73,250,2
1,406,337,149,0,40,64,200,2
0,462,60,27,0,51,57,30,0
0,411,93,54,1,60,71,70,0
1,349,720,300,1,8,71,250,2
0,414,295,157,0,41,60,140,1
0,460,60,28,0,76,68,70,0
0,326,60,33,1,58,71,30,1
0,454,357,128,1,37,69,160,2
1,396,720,300,1,13,76,250,1
0,423,67,27,0,47,76,30,0
0,412,90,30,0,58,69,70,0
1,240,659,300,1,10,85,210,2
1,359,293,52,1,33,74,40,2
0,524,180,53,0,53,67,100,0
1,360,243,170,1,39,76,190,2
0,434,272,52,0,43,66,100,0
1,376,421,216,1,27,73,180,2
0,452,689,300,0,15,64,250,2
0,467,152,43,0,49,61,80,0
1,373,324,147,1,41,74,170,2
0,456,77,37,0,56,74,70,0
1,477,315,208,0,39,70,250,2
0,500,520,281,0,21,73,190,2
1,553,201,122,0,43,77,60,1
1,314,137,109,0,45,77,60,2
0,533,489,78,1,37,74,60,1
1,304,367,253,1,30,76,250,2
0,452,98,36,0,51,68,80,0
1,441,422,193,1,33,62,190,2
0,394,72,32,0,53,80,50,0
1,381,253,148,0,48,75,170,2
0,480,170,27,0,57,60,70,0
0,399,403,123,1,36,72,160,2
0,518,311,176,0,36,79,130,2
0,380,504,124,0,32,71,200,2
1,510,249,133,1,38,78,140,2
0,470,232,114,0,43,86,120,1
1,383,75,37,1,56,70,30,1
0,414,95,16,0,40,66,40,0
0,409,66,27,0,55,62,80,0
0,428,362,164,0,44,75,180,2
1,386,720,300,1,11,75,250,2
1,447,246,149,0,53,64,180,2
0,533,306,169,0,44,71,150,2
0,459,361,159,0,49,70,210,2
0,407,687,298,1,7,83,250,2
1,351,284,164,0,43,82,250,2
0,425,220,80,0,45,66,120,0
1,302,157,94,0,50,78,110,2
0,361,60,38,0,54,69,100,1
1,521,535,198,1,25,68,220,2
1,411,210,89,1,47,73,120,2
0,393,122,54,1,50,69,100,1
0,475,284,107,1,37,73,80,1
0,391,201,52,0,38,67,130,1
0,395,407,188,0,41,79,130,2
1,333,620,300,1,13,77,250,2
0,517,236,117,0,56,61,110,1
1,357,346,180,1,41,78,200,2
0,312,603,207,0,13,86,250,2
0,480,149,80,0,62,69,110,0
0,404,283,153,0,37,75,170,2
0,342,91,53,0,56,70,80,1
0,404,170,91,0,46,62,120,1
0,476,427,198,0,32,74,160,2
0,470,122,44,0,55,69,90,0
0,539,234,64,0,41,74,110,0
0,407,249,55,0,34,68,130,1
0,437,107,51,0,63,67,50,0
0,385,98,45,0,61,70,50,0
1,282,160,78,1,41,79,110,2
0,494,60,13,0,61,63,20,0
1,407,148,88,0,50,73,100,1
0,434,187,104,0,46,68,90,0
1,404,203,113,1,40,65,110,2
0,400,196,64,0,42,68,120,1
1,319,393,199,1,36,73,180,2
0,451,208,72,0,43,72,160,1
1,441,493,300,1,29,72,250,2
0,500,594,300,0,22,79,230,2
0,489,112,34,1,58,66,70,0
1,362,564,300,0,17,78,250,2
0,448,108,52,0,50,66,90,0
0,420,215,116,0,51,66,130,1
0,383,65,19,0,47,70,70,0
0,436,255,80,0,38,68,90,1
1,281,241,117,0,39,80,90,2
0,428,147,39,0,53,73,90,0
1,504,421,222,0,37,66,240,2
0,491,101,42,0,66,61,50,0
0,388,84,39,0,48,75,40,0
1,369,249,166,1,52,75,150,2
1,331,712,282,1,7,86,160,2
1,370,254,164,1,36,71,170,2
0,472,602,300,0,26,73,250,2
0,482,720,300,0,15,73,250,2
0,559,193,83,0,45,75,120,1
0,494,589,300,1,28,76,250,2
0,430,77,39,0,53,68,50,0
1,437,380,207,0,26,73,200,2
1,360,387,277,1,37,73,250,2
0,363,248,130,0,40,62,140,1
0,485,60,20,0,62,66,30,0
1,445,369,184,1,41,65,190,2
0,422,478,300,0,25,66,250,2
0,448,60,24,0,58,73,30,0
0,482,81,46,0,58,63,70,0
0,477,486,142,1,26,72,170,2
1,287,224,119,1,29,77,100,2
0,432,180,113,1,53,65,220,1
0,426,276,58,0,41,71,130,0
0,490,102,42,0,57,78,30,0
1,462,132,68,1,48,63,120,1
1,467,277,175,0,39,79,150,2
0,379,424,259,0,27,71,190,2
0,395,232,86,0,45,84,160,1
0,505,90,22,0,58,67,80,0
0,405,356,136,1,30,72,200,2
1,253,110,88,1,49,65,50,2
0,476,324,102,0,36,78,170,1
0,392,144,80,1,38,70,60,1
1,500,228,84,0,55,66,90,1
0,434,133,67,0,41,75,130,0
1,386,295,171,0,33,85,130,2
0,416,198,81,1,69,72,180,1
0,514,242,89,0,45,63,120,0
1,385,552,300,0,22,72,250,2
0,414,642,239,0,29,62,250,2
1,319,325,244,1,29,80,190,2
0,431,364,150,0,33,70,150,2
0,371,177,56,0,41,72,120,1
1,447,253,122,0,42,73,100,2
0,344,251,107,0,40,78,90,2
1,365,87,42,0,43,69,90,1
0,450,72,37,0,59,68,50,0
0,467,83,35,0,52,59,50,0
0,399,240,107,0,34,74,130,1
0,483,60,12,1,64,68,30,0
0,390,62,25,1,55,64,30,0
0,433,60,28,0,46,61,50,0
0,467,206,67,0,51,70,110,0
0,458,140,40,0,56,66,80,0
1,327,267,157,1,34,78,230,2
0,494,271,150,0,49,64,110,1
1,396,344,138,1,32,76,190,2
0,472,153,54,0,46,70,110,0
0,526,60,10,0,48,67,40,0
1,468,488,207,0,31,71,230,2
0,491,60,23,0,57,66,80,0
0,444,233,89,0,40,65,80,0
0,474,720,89,0,12,67,250,2
0,445,304,114,0,34,81,160,1
0,374,116,66,0,49,82,70,1
1,381,537,300,1,19,71,240,2
0,447,712,267,0,14,72,250,2
1,415,685,300,1,21,82,250,2
1,381,720,293,1,6,76,250,2
0,396,95,39,0,47,78,90,0
0,467,143,63,0,45,81,60,0
1,283,539,300,1,26,80,250,2
1,477,300,157,1,48,72,180,2
0,423,89,47,0,66,74,80,0
0,447,308,161,0,33,70,160,2
0,462,336,120,0,43,78,110,1
0,449,127,54,0,55,70,80,0
0,364,76,19,0,69,83,50,0
1,417,193,135,0,50,70,150,2
0,465,176,47,0,50,74,70,0
1,345,401,243,1,33,74,250,1
0,412,78,26,0,69,62,60,0
0,418,176,35,0,42,76,110,0
0,355,103,50,0,55,79,50,1
1,510,559,296,1,32,61,250,2
1,464,720,300,0,17,67,250,2
1,421,417,245,1,31,73,170,2
0,408,155,68,1,43,70,30,1
0,425,267,134,0,42,75,180,1
0,487,412,100,1,34,61,170,2
0,522,60,22,0,59,79,70,0
1,350,346,240,0,30,72,180,2
0,394,447,75,1,37,72,150,2
1,483,69,42,0,57,70,80,0
0,330,184,98,0,57,82,120,2
1,304,637,300,1,11,72,250,2
1,357,720,300,1,12,77,250,2
0,356,248,117,0,39,67,170,2
1,452,494,300,1,22,77,250,2
0,492,344,109,0,50,68,90,1
0,406,60,27,0,67,71,70,0
1,479,720,300,1,10,72,250,2
1,491,476,207,1,38,81,240,2
0,429,171,76,0,49,66,80,0
0,427,583,153,0,28,75,250,0
1,533,174,103,0,51,58,130,1
1,425,466,161,1,33,74,230,2
0,462,190,69,0,42,63,110,0
1,470,169,123,0,51,79,120,2
0,465,249,89,0,37,67,120,1
0,394,184,106,0,47,66,60,1
0,439,188,92,1,35,72,70,1
0,471,720,300,1,9,67,250,2
1,240,367,187,1,28,77,190,2
0,435,183,64,0,53,70,70,0
1,471,360,254,0,32,68,240,2
0,394,271,106,1,58,75,70,2
1,483,446,299,1,38,77,200,2
1,459,720,300,0,23,75,250,0
1,355,350,241,0,35,68,160,1
0,421,60,16,1,50,66,90,0
0,435,277,90,0,30,66,60,0
1,561,373,199,1,40,69,150,2
1,506,657,300,1,14,75,250,2
0,426,60,22,0,59,71,50,0
1,317,421,187,1,27,86,150,2
0,440,370,158,1,37,80,110,2
0,462,281,86,0,42,73,130,1
1,287,558,300,1,18,83,240,2
0,454,109,1,0,48,63,60,0
1,452,542,280,1,23,77,230,1
0,345,78,27,1,54,75,30,1
0,476,124,60,0,54,71,110,0
0,518,391,46,0,47,71,150,0
0,406,720,300,0,11,82,250,2
1,493,720,300,1,12,83,250,2
0,400,266,110,0,45,72,110,1
0,472,60,17,0,53,72,40,0
0,419,128,50,0,47,67,130,0
0,404,129,64,0,54,71,70,0
1,346,60,36,1,54,76,60,2
0,484,92,27,1,50,61,70,0
0,492,474,190,0,17,68,170,2
1,370,720,300,1,12,79,250,2
1,279,704,300,1,3,83,250,2
1,403,216,124,1,41,72,150,2
0,471,405,112,0,34,72,180,1
0,424,202,44,0,41,76,80,0
1,505,121,61,0,54,74,90,1
1,265,410,217,0,30,77,140,2
0,309,252,80,0,33,83,130,2
1,338,164,67,0,47,74,100,2
0,470,60,28,0,61,60,60,0
0,382,137,65,0,52,74,60,1
1,306,720,300,1,4,73,250,2
1,441,574,300,1,13,76,250,2
0,458,145,70,0,65,65,80,0
1,386,138,110,0,51,60,80,1
0,489,241,98,0,51,71,100,1
0,428,86,42,0,60,76,70,0
1,348,379,243,1,25,73,190,2
1,431,285,148,1,38,73,110,2
0,382,60,19,0,61,72,40,0
0,342,182,13,0,50,63,100,1
0,428,60,17,0,68,69,60,0
1,425,348,242,1,30,74,230,2
0,462,80,31,0,57,67,30,0
1,435,60,37,0,48,68,50,0
1,248,299,136,1,32,78,110,2
1,397,247,113,0,38,75,80,2
0,482,306,68,1,44,63,140,1
1,280,111,64,0,45,69,120,2
0,493,633,145,0,31,75,170,2
0,414,276,65,0,53,65,100,0
0,600,649,193,0,20,77,250,2
0,326,173,61,0,48,75,130,2
1,455,125,81,0,56,66,100,1
0,415,632,263,0,15,68,210,2
0,354,340,120,0,25,59,210,2
1,338,260,184,0,51,70,180,2
0,448,195,63,0,48,70,100,0
1,447,222,114,0,47,71,130,1
0,506,323,137,0,43,62,150,1
0,506,270,112,0,36,68,160,1
1,307,475,292,1,31,84,250,2
0,491,81,27,1,42,82,30,0
0,454,181,72,0,46,73,100,0
0,417,280,94,0,42,71,80,1
0,424,60,27,0,51,62,80,0
0,384,214,104,0,44,72,80,1
0,451,259,57,0,54,66,90,0
0,398,380,122,1,36,80,240,2
1,318,720,300,0,7,77,240,2
0,458,720,300,1,11,78,250,2
0,481,273,86,0,39,69,190,1
0,425,152,54,0,46,76,80,0
1,470,112,60,0,53,69,90,1
1,356,93,63,0,46,75,110,2
1,353,309,147,0,31,75,160,2
1,421,85,46,0,57,72,90,0
0,413,60,38,0,47,65,50,0
0,454,238,99,0,49,75,190,1
0,308,142,59,0,47,66,80,2
0,450,106,26,0,53,72,80,0
0,328,121,57,0,57,68,110,1
0,358,282,143,0,40,77,180,2
1,281,434,300,0,19,86,250,0
1,287,581,300,0,13,73,250,2
0,407,173,84,0,62,64,100,0
1,340,222,129,1,30,71,90,2
0,483,268,67,0,48,77,160,1
0,446,64,24,0,65,61,80,0
0,354,195,77,0,56,68,130,0
0,424,119,78,0,38,61,50,0
0,450,720,226,0,4,76,250,2
1,352,720,266,1,10,79,250,2
0,446,386,106,1,42,59,90,1
0,444,278,140,0,26,79,130,1
0,488,712,172,1,20,75,250,2
0,356,276,122,0,45,68,140,2
1,372,185,71,0,40,64,140,2
0,495,76,35,0,62,78,30,0
1,474,576,300,0,17,75,250,2
1,434,504,294,0,20,73,250,2
0,461,275,115,0,50,76,90,1
0,517,428,200,1,44,71,190,2
1,509,659,300,1,18,68,250,2
1,365,60,29,0,56,60,90,1
0,371,141,49,0,49,80,90,1
1,356,475,300,1,29,81,250,2
1,576,705,300,0,22,71,250,2
0,341,264,145,1,36,76,180,2
0,426,436,61,0,32,76,110,1
1,261,104,83,1,51,75,60,2
1,398,86,66,0,59,66,100,1
0,359,213,113,0,43,71,110,2
0,429,137,50,0,43,71,50,0
0,322,242,155,0,33,82,120,2
0,450,92,41,0,48,64,60,0
1,445,187,131,0,50,68,130,2
0,415,356,43,0,44,59,120,0
0,428,208,81,0,46,81,140,1
0,441,132,54,0,65,68,110,0
0,444,185,65,0,45,77,70,0
0,448,386,98,1,37,65,180,2
0,473,195,69,0,54,76,90,0
0,496,295,175,0,43,76,130,0
0,379,132,69,0,59,65,70,1
0,419,475,191,0,34,71,220,2
0,465,145,66,0,66,62,110,0
1,290,233,140,0,30,80,140,2
0,321,447,187,1,20,86,240,2
0,431,167,104,0,47,73,180,1
1,409,466,274,1,33,72,230,2
0,398,128,66,0,50,77,120,1
1,334,456,256,1,36,74,250,2
0,411,384,146,1,40,77,200,2
0,391,103,46,0,55,63,120,0
1,423,604,300,1,20,76,250,2
1,307,343,218,0,23,80,250,2
0,421,377,199,0,36,67,210,2
0,404,136,32,0,56,66,120,0
0,377,161,36,0,49,65,80,0
1,450,422,200,1,32,68,210,2
1,323,134,89,1,51,81,80,1
0,444,240,120,0,54,70,90,1
0,344,215,115,0,40,73,90,2
0,397,234,72,0,43,66,120,1
0,472,222,69,0,39,75,100,0
0,564,79,32,0,51,75,10,0
0,336,60,29,0,46,78,80,1
0,439,240,109,0,44,64,160,1
1,403,60,37,0,45,71,50,0
1,346,60,29,1,62,74,70,2
0,477,133,50,0,51,70,40,0
0,391,94,30,0,61,60,70,0
1,400,496,244,1,31,74,240,2
0,423,239,60,0,46,60,120,0
1,460,428,239,1,30,80,250,2
0,401,374,171,0,42,65,180,2
0,432,576,89,0,21,80,120,1
0,467,275,84,0,41,69,60,0
0,398,276,56,0,48,71,150,1
1,379,139,94,0,60,71,120,2
0,328,361,193,0,33,75,160,2
0,395,86,33,0,51,60,70,0
0,469,456,61,1,38,69,150,1
1,320,720,300,1,9,76,250,2
0,407,280,71,0,40,62,70,0
0,474,107,20,0,60,65,50,0
0,406,141,38,0,55,69,100,0
0,491,295,55,0,38,65,130,0
0,445,109,72,0,47,69,70,0
1,390,318,239,0,36,72,190,2
0,482,221,69,0,49,68,90,0
0,450,296,71,0,49,66,170,1
1,482,223,135,0,42,69,200,2
0,480,208,86,0,45,69,150,1
0,408,237,79,0,34,65,130,1
0,499,60,34,0,61,69,50,0
0,463,162,34,0,57,75,90,0
1,332,306,242,1,35,71,250,2
0,448,274,131,0,32,74,120,1
0,505,655,300,1,24,67,250,2
1,406,413,300,0,40,71,250,2
0,526,69,32,0,66,64,50,0
0,474,81,40,0,47,63,60,0
0,461,395,172,0,34,69,150,2
0,383,681,300,0,17,75,250,2
1,377,152,47,0,48,72,90,1
1,380,210,94,0,37,68,160,2
0,469,701,300,1,10,69,170,2
0,481,711,300,0,9,77,250,2
0,458,379,170,0,38,66,140,2
0,441,133,50,0,45,71,50,0
0,486,97,32,0,50,63,70,0
0,392,125,44,0,44,68,70,0
1,508,278,190,0,37,59,230,2
1,246,289,133,0,36,80,200,2
0,522,60,13,0,51,68,40,0
0,417,77,37,0,54,66,120,0
0,470,178,82,0,55,75,120,0
1,385,182,126,0,50,67,90,2
1,399,106,73,1,44,75,60,1
1,428,157,80,0,40,71,100,1
0,475,175,59,0,55,76,80,0
1,351,87,46,1,62,79,60,2
0,471,393,175,1,37,67,170,2
0,395,69,7,0,55,74,30,0
0,434,333,163,0,26,83,190,2
0,491,720,260,0,27,74,190,2
0,484,64,35,0,62,66,30,0
0,458,78,34,0,54,61,50,0
0,415,177,44,0,45,60,60,0
0,479,142,58,0,67,60,150,0
0,401,404,169,0,28,84,180,2
0,522,168,79,0,52,69,130,0
0,430,95,55,0,36,72,70,0
0,343,279,105,0,57,69,120,2
0,360,124,69,0,45,75,110,1
1,378,148,86,0,39,72,90,2
0,441,107,70,0,49,64,120,0
0,533,62,30,0,63,59,70,0
0,383,60,22,0,58,60,40,0
1,392,122,77,1,43,69,90,2
1,285,240,162,0,46,74,130,2
0,425,182,66,0,53,72,90,0
0,504,60,27,0,57,76,40,0
1,295,154,93,1,39,72,160,2
1,416,505,300,0,36,68,250,2
1,402,476,268,1,17,83,250,2
1,358,299,118,0,39,81,130,2
1,411,119,62,1,58,60,80,1
0,376,401,219,1,27,82,250,2
0,532,214,98,0,64,64,80,0
0,531,106,34,0,47,68,60,0
1,393,139,47,1,37,75,120,2
0,556,337,119,1,35,68,220,2
1,347,60,41,1,56,69,70,2
0,455,250,94,0,52,66,150,1
0,521,163,16,0,44,76,70,0
1,357,720,300,0,13,72,250,2
0,365,720,300,0,8,74,250,2
0,369,128,58,0,49,72,50,1
0,553,486,45,1,36,62,80,1
0,423,311,128,0,35,72,160,1
0,410,191,99,0,49,75,120,1
0,379,60,20,0,43,72,120,0
0,482,127,29,0,47,67,110,0
1,335,709,222,1,9,72,250,2
1,340,720,300,0,3,75,250,0
0,449,584,185,0,21,71,230,2
1,300,204,120,0,49,68,120,2
0,441,349,156,1,38,65,160,2
0,520,158,46,1,48,65,30,0
0,471,269,39,0,39,64,100,0
1,384,461,229,1,30,73,190,2
1,390,219,138,1,46,74,160,2
0,430,366,82,0,40,67,130,1
0,549,205,59,0,52,67,110,0
0,409,231,95,0,46,74,170,1
0,430,60,33,0,51,68,60,0
0,455,145,35,0,51,73,40,0
0,485,123,37,0,69,60,70,0
1,452,720,300,1,8,74,250,2
0,433,100,32,0,44,74,20,0
1,410,342,252,1,40,84,230,2
1,412,184,121,0,53,76,160,2
0,321,171,66,0,45,72,140,2
1,263,354,169,1,39,70,160,2
1,332,135,81,1,58,72,40,2
0,406,375,199,0,28,78,250,2
0,390,106,27,0,52,66,60,0
1,412,61,34,0,48,69,60,0
0,435,207,71,0,40,66,100,0
0,439,720,244,0,12,73,250,2
0,357,60,32,1,63,73,90,1
1,371,94,57,1,66,74,100,2
1,240,567,300,1,24,76,220,2
1,363,160,94,1,58,75,150,2
0,423,185,83,0,59,69,90,0
0,447,421,174,0,30,66,220,1
0,371,406,132,0,35,75,190,2
1,390,352,202,1,43,72,180,2
0,367,178,74,0,48,76,70,1
0,409,263,111,0,25,69,110,1
0,470,249,107,0,47,66,230,1
0,535,493,232,0,25,65,250,0
1,378,115,60,1,53,61,110,2
1,317,99,58,0,53,73,80,2
1,373,427,266,1,34,72,250,2
0,496,136,60,0,55,60,50,0
1,433,720,282,0,8,76,210,2
1,582,430,171,0,39,74,250,2
0,384,489,247,1,27,64,230,2
1,392,533,257,1,28,70,250,2
0,527,190,83,0,51,72,70,0
1,464,284,158,0,49,71,140,2
1,240,560,300,0,11,78,250,2
1,359,65,42,0,59,78,40,1
0,494,333,176,0,44,61,200,2
0,594,231,50,0,42,67,130,0
0,470,170,72,0,48,75,80,0
0,416,720,226,0,11,74,250,2
1,289,695,300,1,9,78,250,2
1,530,155,89,0,46,80,80,1
1,426,407,239,1,26,70,250,2
0,392,84,31,0,60,62,30,0
1,375,520,239,1,25,68,240,2
1,396,720,300,1,7,83,250,2
1,398,720,300,0,6,67,250,2
0,375,224,117,0,44,78,210,2
0,419,308,125,0,39,69,170,1
0,367,217,35,0,46,82,80,1
0,501,720,300,0,13,76,250,2
0,417,373,86,1,33,72,120,1
1,392,200,160,0,45,62,140,2
0,521,266,35,0,56,66,80,0
0,445,230,90,0,34,76,150,1
0,414,81,35,1,37,81,70,0
1,388,370,278,1,34,65,210,2
1,379,488,300,0,28,70,240,2
1,462,141,80,0,61,62,100,1
0,450,429,194,0,36,71,230,2
0,422,141,46,0,44,74,40,0
1,448,231,154,1,44,68,250,2
0,496,115,43,0,59,68,160,0
0,353,77,33,0,55,76,80,1
0,511,481,87,0,37,73,140,1
0,453,540,197,0,23,65,250,2
1,409,229,117,1,46,65,120,2
0,485,445,133,1,43,74,160,2
0,421,62,18,1,54,70,30,0
0,497,195,80,0,56,72,100,0
0,416,68,27,0,44,61,30,0
0,346,627,267,0,27,80,250,2
1,320,720,300,1,10,75,250,2
0,463,60,25,0,56,71,40,0
0,372,82,42,0,49,72,40,0
0,530,200,51,1,53,74,110,1
0,494,196,53,0,46,72,90,0
0,501,62,26,0,64,66,50,0
0,441,349,152,0,41,67,250,2
1,408,720,300,1,12,74,250,2
1,291,424,261,0,20,76,200,2
0,484,251,123,0,46,78,120,1
0,453,115,34,0,45,64,80,0
1,429,288,156,1,43,71,170,2
1,493,388,228,1,34,67,250,2
0,419,314,124,1,43,77,140,2
1,366,331,234,0,45,77,120,2
1,412,720,300,0,8,65,250,2
1,294,424,296,1,30,78,160,2
0,425,448,169,1,31,72,190,2
0,459,225,66,0,46,68,70,0
0,433,269,91,0,36,72,70,1
1,466,624,300,0,24,75,170,2
0,344,70,29,0,45,76,80,1
0,476,720,218,1,16,64,250,2
1,421,184,120,0,32,60,70,1
1,335,167,94,0,54,56,150,2
1,310,690,300,1,11,77,250,2
1,240,445,250,1,28,76,250,2
1,319,565,300,1,16,78,240,2
0,487,229,90,0,39,67,150,1
1,371,148,85,1,65,69,90,2
1,456,720,300,1,10,73,250,2
0,419,502,158,0,20,61,210,2
0,470,128,29,0,45,74,50,0
1,324,629,300,1,16,77,230,2
0,386,138,32,0,50,64,70,0
1,382,279,178,0,42,70,250,2
0,401,165,70,1,51,64,170,1
0,357,119,45,0,40,76,110,1
0,425,226,58,0,46,72,90,0
0,455,505,160,1,34,70,230,2
1,463,471,300,1,28,71,250,2
0,481,350,160,1,37,76,230,2
0,495,256,116,0,45,74,180,1
0,471,60,32,0,48,61,40,0
0,451,720,300,0,13,70,250,2
0,358,378,193,0,36,77,250,2
1,400,480,268,1,26,78,250,2
0,449,65,43,0,59,79,60,0
0,507,341,102,1,35,74,170,2
0,484,255,88,0,45,61,80,0
0,512,296,58,0,38,69,110,2
0,383,414,150,0,28,77,240,2
0,418,284,151,0,55,60,220,1
1,405,720,300,0,14,75,250,2
1,456,239,169,1,51,66,160,2
1,364,78,42,0,63,73,160,1
0,430,206,105,0,43,74,170,1
0,484,184,82,0,43,65,170,0
0,378,309,95,0,37,81,180,2
1,487,167,110,1,45,60,120,0
1,328,269,164,0,36,78,120,2
0,354,381,97,0,31,81,240,2
0,435,176,80,0,54,70,140,0
1,493,699,300,1,17,69,250,2
1,401,149,119,1,54,69,120,2
1,412,107,66,0,61,62,150,1
1,377,551,300,0,31,70,250,2
1,364,104,61,0,52,71,60,1
0,357,60,24,0,62,72,30,0
1,240,120,77,1,54,77,70,2
1,403,720,300,1,11,76,210,2
1,466,210,102,1,45,70,110,2
0,437,125,46,0,49,67,170,0
0,466,362,206,0,35,75,170,2
0,514,415,214,0,41,69,210,2
0,451,368,99,0,44,64,170,1
1,381,618,300,0,21,75,250,2
0,394,124,59,0,50,62,60,0
0,536,232,140,0,50,63,150,1
1,426,116,52,0,58,74,60,1
0,402,197,79,0,43,82,120,1
0,361,60,34,0,54,76,40,0
0,512,525,121,1,25,75,230,2
0,383,157,57,0,31,74,60,1
0,542,272,61,0,42,64,130,0
1,240,195,143,1,41,85,110,2
0,521,570,82,0,25,72,110,1
1,409,95,54,1,50,65,120,1
0,425,65,30,0,48,77,30,0
0,411,178,52,0,57,80,130,0
0,544,278,91,0,33,61,140,1
0,455,352,199,0,43,74,210,2
0,389,259,66,0,39,73,100,1
0,349,230,92,0,40,76,90,2
0,458,137,22,0,44,78,60,0
0,449,573,178,0,22,75,250,2
0,359,185,95,0,36,74,140,2
0,432,121,42,1,57,64,30,0
1,334,171,97,1,56,73,160,2
1,375,365,292,1,43,75,220,2
0,471,60,19,1,66,58,70,0
0,524,73,15,0,57,65,70,0
1,438,97,58,1,59,69,70,1
0,413,720,300,0,5,72,250,2
1,400,720,300,1,9,83,250,2
0,438,98,32,0,55,62,40,0
1,266,369,280,1,32,69,230,2
0,469,422,158,0,25,82,210,2
1,519,522,292,1,24,71,250,2
0,451,90,34,0,47,65,80,0
1,278,201,119,0,37,83,100,2
0,451,312,89,0,48,68,130,1
0,359,60,29,0,52,72,60,0
1,450,720,300,1,12,73,250,2
0,476,87,4,0,58,74,30,0
1,363,384,130,1,28,75,250,2
0,418,389,132,0,43,76,160,2
1,360,675,300,1,18,80,250,2
0,450,511,188,0,25,66,250,2
1,320,186,102,0,33,78,50,2
1,292,231,142,0,30,74,180,2
0,506,333,104,0,43,74,160,1
1,333,481,299,1,19,76,250,2
1,401,598,300,1,17,73,250,2
0,449,361,154,0,45,62,230,2
0,451,304,82,0,41,68,170,1
0,376,265,126,0,41,64,160,2
1,242,174,135,0,34,74,170,2
0,420,325,55,0,46,68,100,0
0,454,610,250,0,19,76,240,2
0,383,135,75,0,50,63,110,1
0,417,156,36,0,59,61,70,0
1,508,453,300,1,39,75,250,2
1,260,131,56,0,47,79,80,0
0,397,238,74,0,44,76,190,1
0,544,531,144,0,37,73,250,2
1,371,383,256,1,22,77,250,2
0,384,191,114,0,41,70,100,1
0,508,60,27,1,62,63,80,0
0,437,172,53,0,57,74,120,0
0,432,110,37,1,47,71,30,0
0,444,67,31,0,47,73,70,0
1,328,315,204,1,30,85,180,2
0,369,274,110,0,33,72,130,2
1,367,297,185,1,38,76,250,2
0,384,397,171,0,36,75,120,2
0,450,406,96,0,36,74,140,1
1,414,236,129,0,45,74,140,2
0,492,175,56,0,40,64,100,0
0,506,60,9,0,53,69,50,0
0,399,601,300,0,9,71,250,2
0,459,98,40,0,62,64,30,0
1,409,392,161,1,31,77,170,2
0,466,231,62,0,47,74,60,0
1,326,720,300,1,9,75,250,0
0,383,270,88,0,42,71,110,1
0,475,255,84,0,48,77,110,1
1,255,720,300,1,10,81,250,2
1,356,392,275,1,28,77,250,2
0,322,128,41,0,37,80,50,2
0,368,311,183,0,48,76,110,2
0,391,64,16,0,56,66,40,0
1,466,169,89,0,55,81,110,1
1,408,213,149,0,60,73,130,2
1,321,107,79,1,46,78,90,2
0,471,166,88,0,46,75,80,0
1,437,60,27,0,61,70,50,0
0,426,240,110,0,43,70,220,1
0,365,299,129,0,44,69,150,2
0,424,136,42,0,46,64,60,0
1,383,80,49,1,68,64,70,1
1,288,333,201,1,24,82,210,2
0,438,270,114,0,52,77,100,1
0,448,60,26,0,66,63,60,0
1,421,720,300,1,17,71,250,2
0,448,246,106,0,44,69,140,1
0,486,419,107,0,35,79,150,1
1,377,720,300,1,12,77,250,2
1,404,514,215,1,25,76,230,2
0,415,104,49,0,55,76,30,0
0,405,124,61,0,55,66,110,0
0,501,427,160,0,33,74,170,2
0,347,454,242,0,28,77,250,2
1,421,606,300,1,19,74,250,2
0,388,260,128,0,27,71,150,2
1,307,409,270,1,28,83,250,2
0,463,429,123,1,34,71,210,2
0,360,280,110,0,34,76,130,2
0,379,67,37,0,70,76,70,0
1,315,199,115,1,36,67,160,2
0,438,472,170,0,22,68,220,2
0,409,720,101,0,14,71,230,2
0,515,445,150,1,29,70,180,2
0,509,500,233,1,33,69,230,1
0,333,60,22,0,46,76,20,1
0,462,464,100,1,31,70,180,2
0,492,442,172,0,33,71,190,2
0,462,268,67,0,40,79,90,0
0,387,116,50,0,52,70,60,0
0,422,301,119,0,42,65,210,0
0,397,407,245,0,35,75,250,2
0,398,178,88,0,54,71,110,1
0,389,142,48,0,63,85,80,0
1,366,720,300,1,10,74,220,2
0,374,209,45,0,48,75,150,1
0,424,275,90,0,34,72,140,1
0,372,60,20,1,76,74,50,0
1,389,176,123,1,44,70,100,2
1,327,720,300,1,14,86,250,2
1,395,715,300,1,13,72,250,2
0,474,239,101,0,54,83,100,1
0,514,60,22,0,57,64,40,0
1,240,222,57,0,44,75,150,2
1,316,720,300,1,8,70,250,0
0,419,227,90,0,54,81,130,1
1,407,634,300,1,16,76,250,2
1,244,168,134,1,41,85,170,2
0,370,175,86,0,43,71,160,1
0,456,145,4,1,54,67,30,0
0,424,129,48,0,36,80,110,0
0,468,125,36,0,66,71,100,0
1,421,334,164,0,46,82,80,0
0,466,232,50,0,57,81,140,0
1,373,509,300,1,37,75,230,2
1,378,69,50,1,59,76,90,2
0,483,84,33,0,64,59,60,0
0,323,222,113,0,30,79,140,2
1,483,127,68,1,62,66,80,1
1,240,158,90,1,61,78,140,2
1,284,720,300,1,9,80,250,2
0,408,277,126,0,44,71,110,1
0,468,186,64,0,48,78,110,0
0,270,92,43,1,49,78,80,2
1,373,720,300,0,11,71,250,2
0,459,60,28,0,46,71,10,0
1,444,687,300,0,18,71,250,2
0,400,673,219,0,10,80,250,2
1,368,402,221,1,30,72,190,2
1,316,402,295,0,38,80,180,2
0,415,299,167,0,38,73,160,2
0,398,432,143,1,38,74,250,2
0,405,313,140,1,27,67,120,2
0,456,282,71,0,45,68,150,1
0,441,112,51,0,48,72,20,0
0,459,60,28,0,53,66,70,0
0,430,328,179,0,34,76,250,2
1,439,132,50,1,61,69,60,1
0,478,583,251,0,24,79,250,2
0,362,234,61,0,48,67,70,1
1,300,720,300,1,9,87,250,1
0,408,224,110,0,41,71,160,1
1,373,245,133,0,41,73,140,2
1,328,547,300,1,26,76,250,2
0,480,720,234,0,12,77,250,2
0,533,234,100,0,45,60,110,0
0,429,180,99,0,54,68,160,1
0,439,211,78,0,39,63,110,0
0,477,150,77,0,61,67,80,0
0,341,263,127,0,45,74,160,2
0,421,234,77,0,44,74,150,1
0,483,720,300,0,16,80,250,2
0,417,183,87,0,42,69,110,2
0,373,635,205,1,13,67,220,2
1,346,428,240,1,32,75,250,2
0,446,413,111,0,40,62,160,1
0,404,162,48,0,53,60,140,0
0,554,237,71,0,47,67,120,0
0,411,169,85,1,47,62,130,1
0,377,368,121,1,44,67,200,2
0,430,96,43,0,54,72,50,0
0,480,91,43,0,41,67,20,0
0,435,60,24,0,49,74,40,0
0,459,345,116,1,41,74,170,2
0,376,60,23,0,50,73,50,0
0,509,218,53,0,58,66,120,0
0,448,60,21,0,60,70,60,0
1,448,356,156,1,38,80,140,2
1,415,382,249,0,31,74,210,2
0,476,141,53,0,40,70,90,0
0,391,294,177,0,56,70,200,2
0,410,134,58,0,64,69,60,0
1,484,720,249,0,11,74,250,2
0,527,566,158,0,24,74,170,2
1,279,688,300,1,8,73,250,2
1,407,397,210,1,26,79,140,2
1,329,467,300,1,29,76,250,2
0,415,264,102,0,32,77,150,1
0,449,306,90,0,44,58,100,0
0,492,228,95,1,53,60,210,1
0,457,246,117,0,41,76,100,1
0,419,603,218,0,24,72,150,2
1,426,63,34,1,68,65,50,0
0,432,305,87,1,36,68,140,1
0,455,253,106,0,63,68,140,1
0,504,130,57,0,46,81,90,0
1,240,458,300,1,30,66,250,2
1,415,296,236,0,32,66,160,2
0,358,144,61,1,42,68,50,1
0,496,244,111,0,43,76,160,1
0,403,626,300,1,16,81,250,2
0,389,720,258,1,12,74,250,2
0,454,148,59,0,50,73,80,0
1,400,272,182,0,49,68,230,2
0,385,210,89,0,41,79,140,1
0,387,60,13,0,43,74,30,0
0,425,193,99,0,44,69,70,0
1,290,60,29,1,56,63,90,2
0,366,87,38,0,52,70,50,0
0,440,307,109,0,43,68,150,1
1,307,153,72,0,49,75,110,2
0,441,214,106,0,44,71,120,1
1,494,308,133,1,45,68,160,2
0,427,132,55,1,59,66,60,0
1,399,720,300,0,18,78,250,2
0,535,234,92,0,35,63,80,0
0,360,237,129,0,38,69,130,2
1,473,306,152,0,49,67,190,2
0,473,303,141,1,42,66,120,2
0,492,93,34,0,49,72,60,0
0,484,388,157,0,33,67,160,2
0,449,60,29,0,47,67,100,0
0,390,60,25,1,59,74,50,0
1,466,255,161,1,38,75,200,2
1,439,236,156,0,46,69,160,2
0,490,164,52,0,40,70,70,0
0,437,96,39,0,67,64,50,0
0,384,521,178,0,22,79,230,2
1,403,365,143,1,37,72,180,1
0,467,394,215,1,42,73,170,2
0,501,60,25,0,59,69,40,0
0,413,100,34,0,52,69,50,0
0,450,78,41,1,50,59,40,0
0,384,60,15,0,52,65,60,0
0,499,300,95,0,44,68,170,1
1,335,248,128,1,43,66,250,2
0,474,60,33,1,62,64,40,0
0,377,109,53,0,44,73,60,1
0,486,337,127,0,33,64,180,1
0,466,665,300,0,20,77,250,2
0,410,170,50,1,46,79,130,1
0,469,120,48,0,50,70,90,0
1,348,269,143,0,37,72,150,2
0,457,91,41,0,59,72,80,0
0,406,97,61,0,53,73,40,0
0,348,592,231,0,14,74,250,2
1,306,559,300,0,24,75,250,2
1,329,544,231,1,21,75,210,2
1,485,170,87,0,66,73,110,0
0,495,402,107,0,42,66,140,1
1,503,318,161,0,48,72,140,2
0,517,83,23,1,56,69,40,0
0,423,720,202,1,12,76,250,2
1,361,458,283,0,19,73,250,2
1,331,720,300,1,14,76,250,2
0,386,359,200,1,43,75,170,2
0,342,60,24,0,48,67,20,1
0,449,116,42,0,50,65,90,0
0,355,267,159,0,33,61,130,2
0,433,163,82,0,45,77,70,0
1,538,522,241,1,35,70,230,2
1,354,720,300,1,10,76,230,2
1,373,60,48,1,61,74,50,2
1,438,438,222,1,31,70,190,2
0,434,109,49,0,55,65,90,0
1,380,505,300,1,19,74,250,2
0,416,492,154,1,23,77,230,2
0,423,202,83,0,48,69,140,0
0,386,182,94,0,44,72,110,1
0,477,286,59,0,44,67,170,0
1,253,570,300,0,14,81,250,2
1,442,720,300,0,15,79,250,2
0,364,717,300,0,14,71,250,2
1,427,640,300,1,12,71,250,2
0,417,576,280,0,23,81,250,2
1,288,319,186,1,36,78,200,2
0,463,155,64,0,63,61,110,0
0,481,60,31,0,58,79,90,0
0,413,121,46,0,48,65,90,0
0,486,404,119,0,42,57,190,1
0,320,119,49,0,45,72,100,2
1,297,417,216,1,36,72,250,2
0,499,303,88,0,50,73,90,1
1,359,588,300,1,16,83,250,2
1,244,720,300,1,8,82,250,2
0,385,183,61,0,49,74,70,1
0,388,351,170,0,25,74,170,2
1,363,268,185,1,32,81,150,2
0,416,83,35,0,61,67,90,0
1,387,213,99,0,41,64,110,2
0,446,229,53,0,36,70,140,0
0,517,362,24,0,42,56,140,0
1,404,720,300,1,16,70,250,2
0,457,214,66,0,46,66,100,0
0,508,174,51,0,56,63,70,0
0,430,173,69,0,44,75,100,0
1,301,489,219,1,27,76,250,2
1,444,373,276,0,39,73,100,2
0,441,251,98,0,47,69,200,1
0,441,198,61,0,45,71,130,0
0,418,456,201,0,34,66,250,2
0,404,60,28,0,53,70,50,0
0,492,399,75,1,37,78,170,2
1,458,280,152,0,35,65,130,2
0,474,292,110,0,35,80,80,1
0,489,392,137,0,36,78,160,2
1,429,257,94,0,36,69,150,1
0,456,720,190,0,11,77,250,2
0,441,114,38,0,41,72,70,0
0,510,641,122,1,27,66,150,2
0,416,197,83,0,45,72,160,1
1,385,591,300,1,22,74,250,2
0,394,60,24,0,51,68,50,0
0,402,316,158,0,44,75,140,2
0,438,252,143,1,42,67,210,2
1,303,471,300,1,30,74,250,2
0,474,335,127,0,39,64,150,1
0,382,481,237,0,29,71,240,2
1,381,720,300,1,7,84,250,2
0,456,720,300,0,9,70,250,2
1,248,93,58,0,46,83,50,2
0,412,60,28,0,48,69,60,0
1,377,213,150,1,34,74,130,2
0,456,256,103,0,53,60,100,0
0,424,157,64,0,55,74,50,0
1,407,596,300,0,19,71,250,2
0,444,706,217,0,8,74,250,2
0,450,461,202,1,27,74,170,2
0,447,66,30,0,45,73,40,0
0,481,539,226,0,17,71,250,2
1,327,219,134,0,43,64,160,2
0,395,60,27,0,62,77,40,0
1,328,128,62,0,49,82,50,2
0,418,421,210,1,41,65,180,2
0,506,341,170,1,48,72,200,2
0,448,176,68,0,47,69,70,0
1,280,236,139,1,37,85,140,2
1,317,101,77,1,54,73,30,2
0,468,179,47,0,44,66,180,0
1,311,89,44,1,50,69,90,2
0,413,407,56,0,34,72,190,1
0,517,498,126,0,16,73,160,2
1,347,634,300,1,12,87,250,2
1,441,704,300,1,11,65,250,2
1,462,396,185,1,30,66,250,2
0,413,511,123,1,26,66,190,2
0,390,60,27,0,53,63,50,0
0,421,204,113,0,54,64,80,0
0,380,346,140,0,36,77,240,2
1,398,242,145,0,48,57,120,2
0,424,193,91,0,45,70,120,0
1,400,315,170,1,34,80,180,2
0,519,274,107,0,52,69,150,1
0,490,122,50,0,53,66,130,0
1,409,317,174,1,46,69,180,2
0,321,331,166,0,31,75,200,2
1,406,112,60,0,61,73,90,1
0,521,107,29,0,55,66,90,0
1,240,341,239,0,30,77,210,2
0,469,340,190,0,38,68,250,2
0,442,85,24,0,52,82,40,0
1,315,210,114,1,39,77,150,2
1,416,720,300,0,6,83,250,2
0,520,233,120,0,47,79,180,1
0,458,260,107,1,40,71,130,1
0,416,442,182,0,35,73,230,2
0,402,281,139,0,49,71,150,2
1,370,102,81,1,46,77,60,0
1,451,326,132,1,38,74,120,2
0,415,339,88,0,33,74,140,1
0,435,438,146,0,40,70,250,2
1,587,248,141,1,51,59,140,2
0,488,126,59,0,50,66,40,0
0,507,151,53,0,53,68,130,0
0,361,367,157,1,42,76,180,2
0,399,147,52,0,50,75,70,0
0,453,60,14,0,45,60,60,0
1,319,302,175,0,35,74,220,2
0,515,334,110,1,43,75,120,2
0,505,423,98,0,38,69,210,1
1,337,214,131,0,43,76,130,2
0,524,211,90,0,57,68,100,0
0,419,162,112,1,51,63,160,1
0,564,182,73,0,51,69,140,0
0,442,181,48,0,49,61,50,0
1,415,485,300,1,26,79,250,2
1,487,720,300,1,21,71,250,2
0,498,186,71,0,52,71,80,0
1,410,143,69,1,45,62,100,1
0,427,285,128,0,42,68,110,1
1,410,720,300,1,16,70,250,0
0,379,222,112,0,54,69,140,1
0,427,195,115,0,45,67,140,1
0,364,77,46,0,56,76,80,1
0,345,60,25,0,65,72,40,1
0,437,196,88,0,50,70,70,0
0,498,280,121,0,40,70,200,1
1,439,720,300,1,11,81,250,2
0,430,237,73,0,47,61,120,0
1,497,74,36,0,50,70,60,0
0,406,98,27,0,50,72,90,0
1,240,401,261,1,27,83,250,2
1,240,450,219,1,27,69,230,2
1,292,577,282,1,19,74,250,2
1,447,200,96,0,44,71,90,1
1,315,720,300,1,6,83,250,2
0,458,298,131,0,36,59,170,1
0,532,130,58,0,58,66,80,0
0,394,211,35,0,36,76,90,0
0,458,73,31,0,60,73,130,0
0,461,358,161,0,36,75,110,2
1,314,720,300,0,8,80,250,2
0,517,720,197,0,10,77,250,2
0,420,206,102,0,44,75,140,1
0,415,258,115,0,44,76,120,1
1,522,387,235,1,37,79,190,2
0,461,451,161,0,37,71,160,2
0,481,120,30,0,62,75,50,0
0,517,211,22,0,58,68,130,0
1,314,373,235,1,36,76,250,1
1,462,692,300,1,16,81,250,2
1,339,720,300,1,4,89,250,2
1,351,720,300,1,13,78,250,2
0,421,189,91,0,49,73,100,0
1,346,583,218,1,17,67,250,2
0,476,219,99,0,53,68,190,1
0,433,116,57,0,54,72,70,0
0,410,240,54,0,47,70,180,1
0,483,720,281,0,16,73,250,2
1,370,212,86,0,49,73,150,2
0,418,130,85,0,54,74,70,0
1,393,373,230,1,31,65,150,2
0,473,506,144,0,33,80,220,2
0,454,60,23,0,62,73,60,0
0,416,372,97,1,45,71,110,1
1,449,255,172,1,43,70,150,2
1,344,494,300,1,22,70,250,2
0,417,323,98,0,33,72,110,1
0,346,137,59,0,43,67,110,1
0,484,66,29,0,69,75,100,0
0,420,346,172,0,28,76,250,2
1,389,323,173,0,41,74,250,2
0,472,137,74,0,51,63,60,0
1,326,173,138,1,39,69,140,2
0,381,344,104,1,30,68,110,2
0,423,339,95,1,38,70,250,2
1,396,353,225,0,38,79,140,2
0,421,123,31,0,54,73,50,0
0,508,495,130,0,32,74,170,2
0,310,91,22,0,61,73,20,1
0,506,232,85,0,61,68,60,0
1,430,720,300,1,15,76,250,2
0,457,181,90,0,54,69,160,1
1,240,99,67,1,53,79,70,2
0,484,205,84,0,64,61,80,0
0,383,505,226,1,32,82,210,2
0,409,143,74,0,53,63,70,0
0,441,190,45,0,47,71,80,0
1,418,720,300,1,14,73,220,2
1,434,60,31,1,59,72,40,1
0,479,514,170,1,34,75,200,2
1,447,241,140,0,44,77,140,2
1,377,67,42,0,47,69,40,1
0,455,186,100,0,58,74,130,1
1,298,539,261,1,22,79,250,2
0,397,172,91,0,43,75,70,1
0,494,97,31,0,59,74,110,0
0,476,424,199,0,35,73,250,2
0,471,197,71,0,56,61,40,0
0,409,60,26,0,67,70,40,0
0,480,287,42,0,35,75,40,0
0,361,60,31,0,59,72,60,0
1,435,720,300,1,10,80,250,2
1,356,376,253,1,38,75,250,2
1,492,178,97,0,49,75,150,1
0,358,108,37,0,62,71,90,1
0,538,273,50,0,49,75,100,0
0,416,575,240,1,22,70,250,2
0,431,158,34,0,55,70,100,0
0,444,178,70,1,43,65,70,1
0,400,281,103,0,37,71,140,1
1,384,325,129,1,34,74,170,2
1,308,85,56,1,57,67,60,2
0,384,183,80,0,51,78,100,1
0,459,129,64,0,46,71,60,0
1,311,277,197,0,28,81,130,2
0,381,503,185,0,23,74,170,2
0,381,217,69,0,43,70,70,1
0,409,60,22,0,44,61,20,0
0,515,200,42,0,45,73,80,0
0,392,202,83,0,49,77,90,1
1,338,599,300,0,21,77,250,2
1,373,357,154,1,36,67,160,2
0,401,202,121,0,40,77,100,1
0,561,322,119,0,50,75,160,1
1,363,586,300,1,19,77,250,2
0,436,60,24,0,57,72,50,0
0,482,720,300,0,7,81,250,2
0,466,127,55,0,53,72,110,0
0,446,86,45,0,46,74,50,0
1,363,459,300,0,27,83,250,2
1,531,314,157,0,42,72,130,2
0,445,482,105,1,25,67,140,2
0,412,134,60,0,63,82,100,0
0,402,439,210,0,18,80,250,2
0,348,88,32,0,54,78,40,1
1,432,720,300,1,15,71,250,2
1,240,336,185,1,35,81,250,2
0,419,447,145,0,31,64,130,2
1,345,106,56,0,40,72,100,2
1,531,567,300,1,26,70,250,2
1,240,488,300,1,19,79,250,2
0,389,186,56,0,38,65,120,1
0,428,60,19,0,61,62,40,0
1,346,500,300,1,14,80,230,2
0,422,198,60,1,47,72,120,1
1,384,720,300,1,15,81,250,2
1,271,576,300,1,19,76,240,2
1,400,720,300,0,10,77,250,2
0,303,252,129,0,37,76,220,2
1,358,326,191,0,26,75,170,2
0,419,686,177,0,9,70,240,2
1,431,720,300,0,12,64,250,2
0,522,217,97,0,56,70,100,0
0,418,491,210,0,33,67,180,2
1,472,198,101,1,56,65,110,2
0,404,67,28,0,57,68,50,0
0,401,151,29,0,53,73,110,0
1,497,187,77,0,50,61,70,1
0,461,365,136,0,33,70,120,1
0,435,146,52,0,37,63,90,0
0,469,90,37,0,59,73,110,0
1,409,165,99,0,49,78,160,1
0,446,373,88,0,34,75,130,1
0,368,363,190,0,29,79,130,2
0,406,261,143,0,36,85,120,2
0,481,424,187,1,29,61,220,2
0,443,198,36,0,54,70,80,0
0,465,613,300,0,17,72,200,2
0,469,202,46,0,44,72,60,0
0,376,112,47,0,44,70,110,1
0,369,358,141,0,40,74,120,2
1,348,228,140,0,31,78,150,2
0,423,165,56,0,54,72,80,0
0,466,209,80,0,52,62,120,0
0,399,248,111,0,38,76,130,1
0,389,351,173,0,50,68,130,2
1,448,71,50,0,56,66,110,0
1,400,720,300,1,20,71,250,2
0,399,60,23,0,57,73,110,0
0,435,67,25,0,60,61,40,0
0,503,258,80,0,38,77,120,1
0,449,60,18,0,67,79,20,0
1,401,188,123,0,51,70,130,2
0,397,407,119,0,38,66,210,2
0,501,429,79,0,45,61,110,1
0,550,439,135,0,49,69,210,2
0,410,152,61,0,41,68,70,0
1,292,271,140,0,36,81,140,2
0,443,62,29,0,58,74,20,0
1,451,313,136,0,44,63,190,2
0,430,64,26,0,56,68,40,0
0,397,720,157,1,4,71,250,2
0,414,234,121,0,48,71,90,1
1,401,346,276,1,44,59,250,2
0,429,145,33,0,47,62,80,0
0,450,89,41,0,58,66,100,0
1,456,240,115,0,59,72,100,1
0,462,324,132,1,49,66,150,2
1,388,153,95,0,46,76,150,2
0,476,63,19,0,60,63,30,0
1,315,60,35,1,56,73,70,0
0,387,297,131,0,37,69,90,2
1,371,343,173,1,37,79,170,2
1,355,269,109,0,51,80,150,2
0,394,83,25,0,51,75,30,0
1,518,270,101,0,39,77,100,1
1,542,720,300,0,22,72,250,2
0,432,128,46,1,57,64,50,0
0,424,258,172,0,38,68,150,2
0,410,285,113,0,48,64,110,1
1,452,125,78,0,57,71,50,1
1,451,128,91,0,36,69,70,1
0,346,199,86,0,35,70,120,2
0,458,720,300,0,17,73,250,2
0,384,491,300,0,21,64,250,2
0,522,199,142,1,56,70,140,2
0,442,335,179,0,35,63,200,2
0,393,60,33,0,58,70,70,0
0,422,186,58,0,54,70,120,0
0,420,60,23,0,52,64,120,0
1,426,423,177,1,23,70,250,2
1,432,483,300,1,32,72,250,2
1,294,215,140,1,47,71,180,2
1,503,206,164,1,48,73,120,2
0,515,203,62,0,36,79,140,1
0,391,144,76,0,57,70,30,0
0,453,195,50,0,46,75,90,0
1,494,719,300,1,14,74,250,1
1,476,645,300,1,15,72,250,2
1,351,436,300,1,30,75,250,2
1,417,71,35,0,51,68,60,0
0,569,247,134,0,43,72,110,1
0,440,197,100,0,51,71,60,0
0,403,145,43,0,60,75,70,0
0,458,196,69,0,42,68,80,0
0,447,512,167,1,35,68,180,2
1,353,719,300,1,7,82,250,2
0,457,161,43,0,46,70,80,0
0,387,710,254,1,13,74,250,2
0,416,454,116,1,24,60,180,2
0,472,111,42,0,65,76,30,0
0,362,130,35,1,51,70,40,1
0,480,232,118,0,46,71,110,1
0,334,90,37,1,48,71,40,1
1,268,720,258,1,13,84,250,2
0,410,237,103,0,48,75,120,1
0,464,115,37,0,45,65,60,0
1,482,720,300,0,18,81,250,2
1,379,60,38,0,53,64,100,1
1,372,429,149,0,29,74,210,2
0,448,152,94,0,51,64,70,0
0,406,74,30,0,56,73,70,1
0,456,683,241,1,11,81,250,2
0,375,139,59,0,48,74,20,1
1,380,199,127,1,58,68,100,2
0,443,433,180,1,29,68,160,2
0,394,231,124,0,53,80,90,1
0,458,118,41,0,55,65,50,0
0,427,110,62,1,59,64,80,0
0,493,519,218,0,26,69,250,2
1,262,277,221,1,41,76,190,2
1,354,720,300,0,10,73,250,2
1,321,142,76,1,50,70,90,2
0,463,124,52,0,53,68,50,0
0,472,114,69,0,53,70,100,1
0,445,273,130,0,40,71,150,1
0,414,720,73,0,10,64,200,2
1,436,350,182,0,33,67,250,2
0,358,249,113,0,42,72,170,2
1,253,238,143,0,48,78,140,2
0,371,60,23,0,60,72,70,0
0,433,174,73,0,49,64,70,0
0,483,348,144,0,45,69,100,1
0,301,158,62,0,48,85,120,2
1,467,99,51,0,56,66,50,0
0,441,60,25,0,52,61,30,0
1,250,720,300,1,6,88,250,2
1,382,235,146,1,45,72,220,2
0,474,224,99,0,52,66,140,1
1,416,692,300,1,16,81,250,2
0,504,594,193,0,17,57,250,2
1,294,231,110,0,50,73,60,2
1,346,435,251,1,36,66,250,2
1,310,471,293,0,17,86,250,2
0,535,468,108,0,44,67,180,1
0,466,292,154,0,52,62,180,1
0,562,200,98,0,49,61,100,0
0,411,90,53,0,52,75,110,0
1,324,536,300,1,26,87,250,2
1,365,325,192,1,43,72,210,2
0,518,650,111,0,19,73,240,2
0,416,337,157,1,30,69,190,2
0,441,60,26,1,59,73,30,0
0,454,101,23,0,57,65,100,0
0,436,149,42,0,42,66,160,0
0,402,198,78,0,48,68,80,0
1,350,720,300,1,7,81,250,2
0,410,292,150,0,47,74,100,1
0,449,137,41,0,53,63,70,0
1,441,596,300,1,35,70,250,2
0,523,241,81,1,39,58,120,1
0,377,300,206,0,40,67,250,2
1,362,290,96,0,36,72,90,2
1,317,720,300,0,8,74,250,2
0,444,589,165,0,21,72,210,2
0,423,393,126,0,34,78,100,1
1,406,263,141,0,34,73,160,2
1,452,599,300,1,21,81,250,2
0,308,60,25,0,47,73,90,1
0,459,618,299,0,26,71,250,2
0,411,530,154,0,19,77,250,2
0,458,301,78,1,27,79,110,1
0,390,92,48,0,47,74,100,0
0,509,192,75,0,56,74,90,0
0,465,60,31,0,56,68,60,0
1,429,322,132,0,52,63,140,2
0,474,85,54,0,46,74,100,0
1,337,60,34,1,56,71,60,2
1,346,262,112,0,42,74,180,2
0,472,156,63,0,45,61,90,0
1,336,119,42,0,61,83,60,1
1,461,369,262,0,41,75,250,2
0,433,501,127,0,29,79,160,2
0,460,275,175,0,45,77,150,2
0,539,198,94,0,51,70,100,0
1,340,381,94,1,31,64,180,2
0,453,202,97,0,39,71,140,1
0,487,144,63,0,49,66,120,0
1,441,433,300,1,35,78,250,2
0,418,281,120,0,46,73,140,1
0,409,213,88,0,39,73,90,1
1,358,238,122,0,39,69,50,2
0,522,110,40,1,54,64,140,0
1,355,72,51,1,48,65,80,2
1,365,128,67,1,51,67,70,2
0,413,147,46,0,46,70,110,0
0,470,159,44,0,52,65,100,0
1,385,720,300,1,17,76,250,2
1,304,621,300,1,21,82,250,2
0,386,272,99,0,57,72,70,1
0,335,328,166,1,31,85,150,2
0,378,680,246,0,14,74,250,2
1,445,210,111,1,51,76,70,2
1,482,720,300,0,15,80,250,1
0,469,60,20,0,64,61,30,0
1,398,247,172,1,31,75,200,2
0,443,96,33,0,51,78,70,0
1,444,74,45,0,52,67,60,0
0,464,635,93,0,12,68,250,2
0,540,209,59,0,56,71,140,0
0,430,151,46,0,56,70,120,0
0,502,176,80,0,50,82,90,0
1,436,372,211,0,33,77,160,2
0,471,102,49,0,56,72,70,0
0,349,60,9,0,54,68,70,0
0,496,240,60,0,41,62,110,0
0,428,234,140,0,41,77,200,1
1,328,720,300,1,10,80,250,2
1,256,271,216,0,37,79,160,2
0,449,267,51,0,41,70,140,0
0,421,68,23,0,46,73,30,0
0,369,85,45,1,42,69,90,1
1,271,437,297,1,27,66,250,2
1,409,569,300,1,22,69,250,2
1,436,702,300,1,15,72,250,2
1,388,419,225,0,32,67,190,2
1,470,184,76,0,35,71,90,1
1,383,83,41,1,53,82,80,2
0,447,94,25,1,66,68,70,0
0,389,261,74,0,30,65,100,1
0,356,60,23,0,71,72,130,1
0,527,81,34,1,50,71,80,0
0,506,136,52,0,64,68,50,0
0,350,246,188,0,25,69,170,2
0,427,402,250,1,41,74,250,0
0,429,216,63,1,40,82,60,1
0,406,199,153,0,47,77,140,2
0,414,198,80,0,51,75,150,1
1,386,249,182,1,50,64,150,2
1,447,517,223,1,28,69,180,2
1,403,286,171,1,31,67,220,2
0,443,720,214,0,9,73,250,2
0,442,285,104,0,35,75,60,1
0,496,309,120,1,33,75,150,2
1,407,324,182,1,28,73,200,2
0,438,369,191,0,40,65,210,2
0,433,110,37,0,50,74,70,0
1,414,153,93,0,49,73,110,1
0,396,267,115,0,45,55,150,1
0,476,237,67,0,37,73,100,0
0,381,338,125,0,45,66,200,2
0,414,158,59,0,44,69,100,0
0,480,270,54,0,40,65,100,0
0,378,142,51,0,42,73,90,1
1,249,273,176,1,33,81,200,2
1,394,85,42,1,44,73,70,1
0,350,60,27,0,52,74,90,1
1,269,78,53,0,60,77,110,2
0,472,363,111,1,38,68,130,2
0,439,426,112,0,22,73,90,1
0,514,720,287,0,9,77,250,2
0,389,411,96,0,26,74,130,2
0,430,150,45,0,51,70,50,0
0,454,199,49,1,51,65,100,0
1,308,60,25,1,55,77,40,2
0,471,121,70,0,47,75,30,0
0,460,226,73,0,48,74,130,0
1,277,720,300,0,3,80,250,2
0,433,212,74,0,47,75,130,0
0,454,73,25,0,70,68,60,0
1,348,714,300,0,9,69,250,2
0,376,163,46,0,55,76,70,1
0,433,81,30,0,45,65,90,0
0,545,190,46,0,51,66,40,0
0,415,135,39,0,50,70,50,0
0,513,225,63,0,54,71,100,0
0,412,389,150,0,42,75,100,2
1,405,274,131,1,44,62,200,2
1,429,247,149,0,53,72,190,2
0,449,390,107,1,29,64,230,2
1,369,586,281,1,17,76,250,2
1,410,338,268,1,27,72,150,2
0,514,146,87,0,43,60,110,0
0,450,465,269,0,28,83,250,2
0,394,91,37,0,53,60,70,0
1,376,591,272,1,18,76,250,2
0,545,88,45,0,54,68,80,0
1,399,398,261,1,26,72,250,2
0,390,60,25,0,68,60,10,0
0,362,181,107,0,60,74,130,2
0,343,484,164,1,33,87,190,2
0,438,305,182,0,34,71,130,2
1,420,60,36,0,51,71,40,0
1,362,720,284,1,6,76,250,2
0,434,131,50,0,45,75,40,0
1,293,465,300,1,30,83,250,2
1,399,359,76,1,48,64,190,2
0,459,122,59,0,54,64,100,0
1,322,374,206,1,39,71,230,2
0,534,152,42,0,52,70,80,0
0,393,338,131,0,28,78,160,2
0,434,100,22,0,56,57,50,0
1,419,158,100,1,54,71,150,2
0,416,275,148,0,38,79,180,2
1,361,720,300,0,10,75,250,2
1,259,572,300,0,11,81,180,2
0,502,368,180,0,35,76,170,2
0,441,247,20,1,41,74,70,0
0,461,324,119,0,32,70,140,1
0,468,151,87,0,53,71,130,0
0,418,645,257,1,22,57,250,2
0,425,60,20,0,58,71,10,0
0,501,199,81,0,56,69,140,0
0,394,197,78,0,56,78,60,1
0,541,207,102,0,50,78,130,1
0,397,118,45,1,48,70,80,1
1,292,374,215,1,21,86,180,2
1,399,206,112,1,61,66,110,2
0,560,172,68,0,64,68,110,0
0,339,298,107,0,43,81,160,2
0,412,720,226,0,13,75,250,0
0,473,170,49,0,52,73,90,0
0,436,267,73,0,33,71,60,0
0,469,540,266,0,26,69,250,2
1,324,447,225,1,27,76,250,2
0,390,142,69,0,54,68,90,1
1,364,281,148,0,47,70,90,2
0,393,568,140,0,24,80,250,2
0,432,60,29,0,61,64,50,0
0,430,279,113,0,54,63,150,2
0,411,159,74,0,53,79,150,1
0,451,60,29,0,66,67,80,0
0,358,258,63,0,40,80,100,1
0,438,150,28,0,43,78,80,0
0,550,81,26,1,66,69,80,0
1,283,716,300,1,4,86,250,2
1,449,133,106,0,58,66,60,1
0,452,89,15,0,60,63,30,0
0,404,60,21,0,45,72,50,0
0,368,258,96,0,54,82,170,2
1,384,447,233,0,26,65,250,2
0,507,720,300,0,15,76,250,2
0,400,129,77,1,47,69,70,0
0,415,112,83,0,49,61,60,0
0,485,72,43,0,57,68,50,0
0,452,291,139,0,41,68,140,1
1,264,86,47,0,57,73,70,2
1,396,223,127,1,60,70,140,2
0,510,247,50,0,59,68,110,0
0,433,128,59,0,48,58,60,0
0,297,125,54,0,61,83,110,2
0,469,127,39,0,58,76,50,0
1,376,720,300,1,11,84,250,2
0,328,95,55,0,45,75,30,1
0,366,353,70,1,31,75,130,2
0,483,112,56,0,59,75,80,0
1,338,250,140,0,43,83,150,2
0,404,250,85,0,31,79,130,1
0,448,598,120,0,16,73,180,2
0,417,60,14,0,54,70,80,0
0,425,367,128,0,25,77,160,2
1,375,169,98,1,54,70,100,2
0,360,184,92,0,37,76,110,2
0,409,191,66,0,43,65,130,0
0,457,65,25,0,54,61,60,0
1,377,201,141,0,50,69,90,2
0,430,192,54,0,46,68,120,0
0,531,60,21,0,53,67,30,0
0,486,472,67,0,33,71,220,1
1,434,335,165,1,35,74,140,2
1,348,182,122,0,39,74,90,2
1,375,217,173,0,50,74,190,2
0,398,313,176,0,39,72,190,2
0,473,456,227,0,27,75,170,2
1,367,160,106,1,56,67,160,2
0,446,71,21,0,64,73,70,0
0,443,322,183,0,26,75,190,2
1,388,145,83,1,42,68,100,2
0,581,280,162,0,39,71,200,2
0,416,109,50,0,63,65,110,0
1,327,144,85,0,39,82,100,2
1,408,65,42,0,64,60,60,0
0,420,720,55,0,15,70,220,2
0,435,550,174,0,31,75,230,2
0,395,192,56,0,60,72,130,1
0,444,191,83,0,37,76,150,1
0,460,233,81,0,50,63,110,0
0,419,670,300,0,18,68,250,2
1,410,378,193,1,46,76,250,2
1,240,513,300,0,23,86,250,2
1,325,720,300,1,6,74,250,2
0,426,98,35,0,54,79,100,0
0,376,112,43,0,45,72,90,1
1,252,720,300,0,5,81,250,2
0,434,187,71,0,48,63,120,0
0,454,69,48,0,55,72,50,0
0,499,223,77,0,59,71,130,0
1,351,720,300,1,17,75,250,2
1,426,720,300,1,14,71,250,2
0,481,699,181,1,10,71,250,2
1,475,60,28,0,59,61,10,0
0,417,160,81,0,57,74,150,0
0,360,81,19,0,58,78,70,0
1,379,164,100,0,49,59,140,2
1,304,367,201,1,35,76,200,2
0,413,274,70,0,48,71,140,1
0,404,60,38,0,47,74,70,2
1,366,185,92,1,49,70,180,2
1,384,720,300,0,15,74,210,2
1,424,86,47,0,55,70,40,0
0,431,538,176,1,28,72,230,2
1,417,237,117,0,43,74,250,2
1,376,319,191,1,39,67,240,2
0,466,391,183,0,29,65,230,2
1,376,300,181,0,47,70,170,2
0,431,635,290,1,17,65,230,2
0,416,60,22,0,63,81,70,0
0,411,310,159,0,47,65,130,1
0,395,353,112,0,29,78,160,2
0,390,587,230,0,20,82,250,2
1,429,498,264,1,31,73,250,2
0,380,180,75,0,39,69,100,1
0,404,77,37,0,55,71,100,0
1,461,280,133,1,55,62,150,2
0,417,60,24,0,53,62,70,0
0,461,298,157,0,39,81,240,2
0,390,158,96,1,50,63,90,1
0,367,141,81,0,51,63,70,1
0,355,146,72,0,51,76,100,1
1,466,543,300,1,20,69,210,2
0,378,176,75,0,45,78,110,1
1,427,343,265,0,28,54,210,2
0,400,253,73,0,35,71,90,1
0,500,308,127,1,50,63,140,1
1,529,467,286,0,28,62,250,2
1,271,720,300,0,5,74,250,2
0,380,446,235,1,33,65,220,2
0,473,144,51,0,56,67,70,0
0,445,558,300,0,19,70,240,2
0,488,346,130,1,39,73,110,2
0,421,720,211,1,10,64,250,2
1,514,417,233,0,31,74,130,0
0,455,187,55,0,45,75,120,0
1,289,206,147,0,37,83,90,2
0,422,60,30,0,58,72,70,0
0,389,293,111,0,35,74,140,2
0,514,254,99,0,46,67,150,0
0,401,201,81,0,64,75,90,1
1,409,436,288,0,36,76,220,1
0,396,60,28,0,57,69,60,0
0,389,150,87,0,60,64,90,1
1,241,123,75,0,45,74,100,2
0,464,279,139,0,43,63,150,1
0,499,231,59,0,62,64,100,0
0,374,354,155,0,25,78,190,0
1,266,255,144,1,49,82,100,2
1,431,706,300,1,16,70,250,2
1,244,261,172,0,40,77,130,2
0,510,403,208,1,33,68,250,2
1,296,150,86,1,43,71,110,2
0,394,254,102,0,36,67,80,1
0,447,195,101,0,46,77,140,1
1,302,720,300,1,4,77,250,2
0,384,155,72,0,45,71,50,1
0,437,157,78,0,54,55,50,0
0,313,720,300,0,6,75,250,2
0,517,375,90,0,38,66,200,1
1,378,264,141,1,44,75,120,2
0,355,249,111,1,37,79,140,2
0,384,401,182,0,44,77,150,2
0,484,225,114,0,41,63,100,1
1,432,657,300,1,19,79,250,2
1,472,338,139,0,39,68,130,2
0,400,463,137,0,24,68,130,2
1,395,60,33,0,67,71,40,0
1,419,168,93,1,53,76,150,2
0,454,119,68,0,64,70,80,0
0,506,437,79,0,28,64,250,1
0,399,270,118,1,43,75,150,2
1,352,155,68,0,46,80,140,2
0,404,232,99,0,39,65,100,1
0,447,60,17,0,64,68,20,0
0,469,60,23,1,49,68,70,0
1,244,65,42,1,40,80,50,2
0,490,79,30,0,69,61,70,0
1,280,494,300,1,14,75,250,2
1,368,500,300,0,17,78,250,2
0,497,169,45,0,54,73,130,0
0,451,361,134,0,27,74,110,1
0,436,387,214,0,31,76,250,2
1,307,148,73,1,43,73,90,1
0,367,361,184,0,32,83,120,2
0,482,110,37,0,58,63,80,0
0,405,127,61,0,50,74,130,0
0,425,720,59,0,10,76,250,2
1,427,333,200,0,36,71,180,2
1,316,258,179,0,41,81,190,2
1,393,508,242,0,24,79,170,2
0,452,472,100,1,26,75,180,2
0,419,192,80,0,45,68,60,0
1,338,229,125,0,29,86,130,2
0,406,269,107,1,35,69,140,2
1,314,598,300,0,24,78,250,2
0,459,189,84,1,47,75,70,1
0,401,636,239,1,18,71,250,2
1,427,365,292,1,38,70,250,2
1,344,529,300,1,21,66,250,2
1,315,695,300,1,7,82,250,2
0,423,60,24,0,41,78,40,0
0,429,382,146,0,35,73,180,2
0,485,341,97,1,47,69,190,2
0,431,169,33,0,46,72,80,1
1,355,198,137,0,48,81,130,2
0,505,60,34,0,64,69,50,0
1,410,720,300,1,16,81,250,2
0,518,105,28,0,48,71,40,0
1,463,92,44,0,53,69,40,0
0,390,163,82,0,51,75,60,1
0,499,108,14,0,57,71,120,0
1,481,91,55,0,63,67,50,0
0,526,720,203,0,15,77,220,2
1,444,136,72,0,58,69,110,0
1,442,178,91,0,38,73,150,1
1,353,370,247,1,31,69,250,2
0,408,67,25,0,69,71,100,0
0,417,196,101,0,63,72,110,1
0,336,261,143,0,37,79,140,2
0,502,249,99,0,37,74,150,1
0,420,289,120,0,48,71,190,1
0,499,191,95,1,45,63,150,1
0,388,174,22,0,47,74,70,1
0,489,293,130,0,35,73,190,1
0,410,279,95,0,29,73,180,1
0,385,98,33,0,45,65,60,0
0,531,274,53,0,42,70,50,0
1,467,362,211,1,33,69,250,2
0,445,332,152,0,39,69,190,2
0,421,214,91,0,41,65,90,0
0,471,576,145,0,25,79,210,2
1,388,635,300,0,22,76,250,2
0,410,516,157,0,27,76,150,0
0,399,271,190,1,40,72,230,2
1,527,720,229,1,11,74,170,2
1,562,250,158,0,47,65,240,0
0,513,386,171,0,27,71,160,2
0,458,202,70,0,42,72,70,0
0,418,60,13,0,56,65,70,0
0,395,382,145,1,41,76,170,2
1,323,401,191,1,26,81,210,2
0,422,643,228,1,17,75,250,2
1,540,408,147,1,32,63,100,2
0,525,109,43,0,41,74,60,0
1,442,240,101,1,45,74,90,2
0,401,212,87,0,49,62,180,1
0,479,256,142,0,49,74,220,1
0,408,336,155,1,36,72,130,2
0,327,252,74,1,34,80,90,2
0,464,96,44,0,88,81,90,0
1,331,466,226,0,33,70,170,2
0,379,373,198,0,33,73,230,2
1,372,415,202,1,36,75,220,2
0,425,346,96,0,37,67,150,1
0,433,196,68,0,51,80,120,0
1,369,312,128,1,36,64,190,2
0,341,432,249,0,25,82,250,2
0,526,432,138,1,42,67,200,2
0,400,720,210,0,10,73,250,2
0,372,116,68,0,38,77,100,1
1,367,218,96,1,49,77,200,2
1,367,96,61,0,48,78,80,2
0,507,175,56,0,46,73,100,0
1,393,326,184,1,46,73,190,2
0,463,116,53,0,52,63,60,0
0,463,352,115,1,32,74,130,2
1,391,584,300,1,19,68,230,2
0,435,227,130,0,53,76,170,1
1,240,125,77,1,51,78,40,2
1,372,224,91,1,46,74,110,2
1,471,401,182,1,32,71,180,2
1,600,631,300,1,20,69,250,2
0,374,189,69,0,46,79,120,1
0,441,60,27,0,51,68,30,0
0,421,209,81,0,45,64,90,1
1,518,341,255,1,48,63,210,0
0,367,574,222,0,21,71,250,2
0,466,60,27,0,58,59,10,0
0,364,367,119,0,28,76,150,2
1,367,110,53,0,37,74,70,1
1,372,238,153,1,49,60,140,2
0,503,333,71,1,48,73,30,1
0,381,400,189,0,26,71,170,2
0,453,100,42,1,44,68,80,1
0,435,153,76,0,46,61,70,0
0,433,150,87,0,54,76,120,0
1,457,215,131,1,48,72,140,2
1,285,720,300,0,9,81,250,2
0,460,200,138,0,48,64,130,1
0,421,415,145,0,27,73,160,2
0,504,227,35,0,45,75,120,0
0,451,188,77,0,46,73,80,0
0,439,510,129,1,31,67,220,2
0,405,211,55,0,42,77,70,0
0,461,247,155,0,54,69,110,1
1,463,259,147,1,41,77,50,1
1,352,230,80,0,46,63,140,2
0,378,243,81,0,47,61,60,1
0,469,108,67,1,51,67,110,0
1,288,92,58,0,61,73,40,2
1,283,260,174,0,33,83,160,2
0,381,621,287,0,11,80,250,2
0,414,302,93,0,37,79,110,1
0,383,171,34,0,44,72,100,0
0,338,310,141,1,30,76,160,2
0,393,561,257,0,19,72,250,2
0,482,141,27,0,61,72,70,0
0,356,248,121,0,34,76,80,2
0,417,159,67,0,52,67,140,0
0,547,603,151,0,21,73,250,2
1,386,254,122,0,50,66,150,2
0,467,186,36,0,55,62,120,0
1,323,517,274,1,20,80,250,2
0,558,126,39,0,65,68,50,0
0,422,119,43,0,52,66,80,0
0,423,489,185,0,37,75,200,2
0,500,426,200,0,26,66,140,2
0,425,354,153,0,31,73,170,2
0,437,125,65,1,44,72,110,1
0,435,261,71,0,37,76,220,1
1,340,334,265,1,42,76,180,2
0,438,477,227,0,35,73,160,2
1,398,286,218,0,40,85,250,2
0,387,93,58,0,43,76,60,0
0,381,266,164,0,47,68,170,2
0,404,242,91,1,46,71,150,1
1,291,654,292,1,14,84,250,2
1,263,720,300,1,5,79,250,2
1,395,720,300,1,15,78,250,2
0,481,138,68,0,68,59,90,0
1,435,260,124,1,42,72,140,2
0,330,60,20,1,70,72,70,1
1,357,183,103,0,41,71,130,2
0,364,160,53,0,39,67,180,1
0,442,496,160,0,30,76,190,2
0,414,195,70,0,52,73,90,0
0,479,481,236,1,29,71,230,2
1,373,210,63,0,38,72,130,2
1,240,117,78,1,55,78,100,2
0,386,213,77,0,36,67,140,1
1,375,422,212,0,35,82,160,2
1,381,186,104,1,55,72,130,2
0,364,72,27,0,58,63,30,0
0,373,172,40,0,44,86,70,1
0,437,330,143,0,33,72,150,1
0,364,212,118,0,51,77,130,2
0,351,96,37,0,49,74,60,1
0,412,109,36,0,53,71,80,0
0,395,286,139,0,42,68,110,2
0,406,221,58,0,54,82,80,0
1,310,78,62,1,54,72,90,2
0,450,551,139,1,26,69,190,2
0,398,60,26,0,63,68,50,0
0,453,499,164,0,38,70,210,2
0,415,134,55,0,48,69,100,0
0,443,91,26,0,61,69,60,0
0,493,282,67,0,55,65,100,0
0,476,175,66,0,60,70,110,0
0,484,113,43,0,54,74,50,1
0,491,294,59,0,48,64,50,0
0,446,68,23,0,50,81,50,0
1,344,360,228,1,31,65,170,2
0,415,237,128,0,56,69,110,1
0,406,160,52,0,48,68,50,0
0,450,60,18,0,52,72,60,0
1,438,327,165,1,32,71,220,2
0,413,213,56,0,43,66,70,0
1,387,294,144,0,39,74,100,2
1,327,63,41,1,50,78,50,2
0,430,181,107,1,58,69,130,1
0,392,307,78,1,34,70,140,2
0,398,169,79,0,47,80,190,1
0,416,82,22,0,59,81,60,0
0,475,341,119,1,36,66,170,2
0,430,538,234,0,23,80,190,2
0,428,115,32,0,56,75,70,0
0,448,99,44,1,57,74,50,0
1,345,720,300,1,11,69,250,2
0,491,181,71,0,49,70,100,0
1,306,60,35,1,54,83,70,2
1,346,720,300,1,11,71,250,2
1,276,60,36,0,56,79,100,2
1,350,60,24,0,54,69,70,1
0,336,60,31,0,49,82,50,1
0,457,271,155,0,44,79,130,1
0,473,359,91,1,34,76,140,2
0,474,60,22,0,54,69,70,0
1,377,163,120,1,53,71,120,2
1,298,360,288,1,27,77,250,2
0,379,426,208,0,24,73,240,2
0,526,60,18,0,54,69,40,0
0,506,60,23,0,61,74,40,0
0,441,134,55,0,45,67,90,0
0,409,60,31,0,46,75,90,0
0,518,539,161,0,25,88,250,2
1,311,269,151,0,43,77,160,2
0,446,422,179,1,31,75,200,0
1,454,363,240,0,31,63,250,2
0,378,264,102,0,43,75,210,2
1,433,184,89,1,36,70,120,2
0,461,60,23,0,44,77,60,0
1,372,278,184,1,41,81,170,2
1,320,696,300,0,12,80,240,2
0,398,638,300,0,11,71,250,2
0,464,197,44,0,57,65,60,0
1,275,545,300,1,16,71,250,2
0,456,136,49,1,62,66,90,0
0,477,173,64,0,54,66,80,0
0,499,227,56,0,33,78,100,0
1,292,720,300,1,8,88,250,2
1,467,531,300,0,19,83,250,1
0,519,298,145,0,43,67,150,1
0,455,542,203,1,29,68,240,2
1,317,183,99,1,42,71,90,2
1,367,294,147,0,39,82,140,2
1,386,540,234,0,32,77,220,2
0,463,152,56,0,45,79,70,0
0,421,125,59,0,58,71,60,0
0,464,290,43,0,45,77,140,0
1,368,313,167,1,39,72,170,2
0,463,93,6,0,69,69,80,0
0,426,134,76,0,55,66,40,0
0,418,77,40,0,50,70,50,0
0,406,340,91,0,35,68,140,1
1,524,195,85,0,59,73,160,1
0,523,361,116,0,38,71,150,1
1,413,363,275,1,31,74,250,2
1,482,358,204,0,28,78,230,2
0,489,78,25,0,67,69,50,0
1,372,315,201,0,50,71,200,2
1,269,447,289,1,34,74,220,2
1,356,546,300,0,24,73,250,2
0,418,76,30,0,68,63,50,0
0,378,167,65,0,44,79,130,1
0,360,404,143,1,29,75,120,2
1,409,600,300,1,24,79,250,2
1,397,304,130,1,41,72,140,2
1,308,114,60,1,49,80,170,2
0,397,355,142,0,31,74,250,2
0,493,202,41,0,44,70,80,0
0,376,73,33,0,51,77,70,0
0,443,172,51,0,56,68,60,0
1,361,104,51,1,46,74,110,2
0,475,424,93,1,38,77,150,2
0,392,60,31,0,63,60,50,0
0,454,508,149,1,24,72,240,2
0,443,248,117,0,36,81,140,1
0,461,79,14,0,50,78,40,0
0,438,160,54,0,51,73,80,0
0,467,175,45,0,42,67,80,0
0,544,98,40,0,46,76,110,0
0,548,184,101,0,54,65,150,1
1,345,720,300,1,11,80,250,2
0,319,106,33,1,38,80,40,2
1,416,344,231,1,31,81,160,2
1,403,368,161,1,26,76,250,2
0,488,229,97,1,51,72,130,1
1,409,60,21,0,62,68,40,0
0,437,444,166,0,42,66,250,2
1,454,720,300,1,9,69,250,2
1,463,322,196,0,36,71,210,2
1,277,537,278,1,22,85,250,2
0,409,326,115,1,24,63,100,2
0,444,89,19,0,49,73,90,0
0,439,189,42,0,40,78,90,2
0,423,113,56,0,33,71,50,0
1,390,245,146,0,45,55,210,2
0,469,167,96,0,48,67,100,0
0,506,176,83,0,48,68,60,0
1,415,168,111,0,51,68,70,1
0,392,221,71,1,41,65,150,0
1,364,289,198,1,37,72,150,2
1,369,674,300,1,22,81,250,2
0,475,389,106,0,29,62,130,1
0,439,296,84,0,39,70,150,1
0,522,311,105,0,37,70,210,1
0,411,89,42,0,49,72,50,0
1,416,566,245,1,22,77,250,2
1,539,137,55,1,58,68,50,1
0,390,402,175,0,34,81,230,2
0,427,248,137,0,33,68,150,1
0,402,97,17,0,54,79,90,0
0,454,272,109,0,45,69,150,1
0,380,80,35,0,42,67,80,0
0,487,138,49,0,47,63,50,0
0,442,255,82,0,51,73,190,1
0,373,99,30,0,48,68,60,0
0,492,196,52,0,54,71,100,0
1,387,631,300,1,14,79,250,2
1,456,316,169,1,27,67,200,2
0,377,90,28,0,47,75,80,0
0,438,60,20,1,45,63,50,0
0,473,326,185,0,49,65,160,2
0,398,258,133,0,41,75,170,2
0,372,228,88,1,36,77,70,2
1,372,720,300,1,7,76,250,2
0,511,189,37,1,63,66,110,0
0,491,425,120,0,33,72,200,2
0,413,113,52,0,58,72,90,0
1,300,611,300,1,14,77,250,2
1,344,125,57,0,53,69,100,0
0,411,334,131,0,27,72,180,2
0,457,164,70,0,55,76,100,0
0,429,287,126,0,38,66,120,1
0,397,235,85,0,42,74,170,1
0,505,382,77,0,34,79,130,1
0,457,60,5,0,50,67,20,0
0,456,179,106,0,56,77,150,1
0,348,408,226,1,34,62,200,2
0,328,537,122,1,30,72,180,2
1,259,390,271,0,27,85,240,2
0,410,419,139,0,28,66,250,2
1,415,277,156,0,44,75,110,2
0,332,142,39,0,46,76,50,1
0,514,215,58,0,53,75,110,0
0,443,237,91,0,42,63,180,1
1,470,426,257,0,34,75,240,2
0,390,202,46,0,40,71,110,1
0,445,163,68,0,69,73,40,0
0,439,348,88,0,35,68,100,1
0,490,117,22,0,46,68,80,0
1,358,376,214,1,36,79,160,2
0,458,278,105,1,36,72,100,1
0,490,124,46,0,62,72,70,0
0,417,194,97,1,47,72,120,2
1,406,720,300,1,17,79,250,2
0,325,181,96,0,42,73,110,2
1,424,720,300,0,11,69,250,2
1,496,300,165,1,40,66,220,2
0,372,361,137,0,36,64,230,2
0,430,60,23,0,56,70,50,0
0,479,60,28,0,66,66,110,0
1,362,121,70,1,54,71,110,2
0,443,393,132,0,43,61,190,1
0,415,164,46,0,47,71,120,0
1,360,89,38,1,57,70,100,2
0,430,211,77,0,55,73,80,0
0,437,367,100,0,44,71,120,1
0,390,115,43,0,50,70,160,0
0,446,459,90,0,19,75,170,1
0,513,65,30,0,59,67,100,0
0,429,432,108,0,33,74,200,1
1,303,212,94,0,45,79,80,0
0,427,473,227,0,24,71,230,2
1,309,720,300,1,8,78,230,2
0,368,269,118,1,41,80,120,2
0,456,150,18,0,51,69,120,0
1,340,720,300,0,14,72,200,2
0,403,110,59,0,34,73,110,0
1,385,720,300,0,11,81,250,1
1,252,720,300,1,4,82,250,2
0,347,277,76,0,41,71,110,2
0,468,78,28,0,41,74,40,0
0,353,312,58,0,31,77,150,2
0,386,720,269,0,19,73,250,2
0,360,149,35,0,32,76,60,1
0,395,153,55,0,63,68,70,0
0,456,60,19,0,59,80,50,0
0,440,193,78,0,35,73,120,0
1,557,591,239,0,35,77,180,2
1,466,159,73,0,43,69,120,1
0,388,571,277,0,21,80,190,2
1,306,102,42,1,47,75,50,2
0,570,126,38,0,57,72,110,0
0,503,601,185,0,27,76,200,2
0,464,181,92,0,56,70,120,0
0,423,524,282,0,20,70,250,2
0,448,60,19,0,54,66,40,0
1,271,246,130,0,52,72,140,2
1,400,477,213,1,22,62,200,2
0,453,720,189,0,14,78,250,2
1,311,367,293,1,29,76,250,2
0,408,310,126,0,36,76,120,1
0,510,203,117,0,47,65,120,1
1,381,337,196,1,31,73,110,2
0,553,149,6,0,52,69,60,0
0,362,340,84,0,39,71,180,2
0,393,132,65,0,59,75,50,0
0,372,388,122,0,29,79,150,1
0,374,226,91,0,48,71,170,1
0,408,182,23,0,51,75,80,0
0,450,576,128,0,34,76,230,2
0,448,114,45,0,44,76,50,0
0,386,103,47,0,51,78,40,0
0,308,60,37,0,50,79,70,2
1,478,275,165,1,47,75,80,2
0,405,437,251,0,35,71,250,2
0,364,445,251,0,26,74,250,2
0,433,112,55,0,49,70,120,0
0,430,243,148,0,41,70,100,1
0,433,425,107,0,18,75,180,2
0,442,60,23,0,47,70,30,0
1,309,720,300,0,9,79,250,2
1,443,114,47,0,57,78,90,1
0,370,119,45,0,64,78,110,1
0,404,80,21,0,51,77,20,0
0,467,264,77,0,53,65,100,0
0,480,82,39,0,43,71,70,0
0,499,100,53,0,69,70,60,0
1,433,560,300,1,19,74,250,2
0,433,165,50,0,37,64,80,0
1,282,370,175,0,35,79,150,2
0,505,62,30,0,56,66,50,0
0,518,60,14,0,53,72,70,0
0,416,284,130,0,49,69,80,1
0,481,133,63,0,68,60,30,0
1,351,720,300,0,11,79,250,2
0,510,720,248,1,10,69,250,2
0,409,68,33,0,59,76,120,0
1,513,73,41,1,54,65,80,1
1,445,720,300,0,16,67,250,2
1,515,520,233,1,29,72,180,2
1,342,372,202,0,28,79,250,2
0,455,60,16,0,38,58,40,0
1,307,720,300,1,8,85,250,2
1,449,179,82,0,53,64,120,1
1,422,509,300,0,26,79,250,2
1,542,560,300,1,35,65,250,2
0,459,60,32,0,54,64,90,0
1,425,187,101,1,54,67,120,2
0,396,60,16,0,47,80,90,0
0,462,60,24,0,62,79,20,0
0,416,172,77,0,55,65,60,0
1,368,89,57,0,38,67,90,1
0,443,99,45,0,67,77,130,0
0,417,60,24,0,50,60,60,0
0,438,154,56,0,58,64,90,0
1,348,720,300,1,12,79,250,2
0,431,312,83,0,40,69,90,1
1,450,208,159,1,42,65,70,2
1,372,271,190,1,41,64,120,2
0,437,196,81,0,39,66,140,0
0,362,248,51,0,47,74,100,1
1,404,256,184,1,41,72,150,2
1,427,199,118,1,33,65,170,2
1,332,506,300,1,12,80,240,1
0,524,60,37,0,49,72,60,0
1,240,585,300,0,12,72,250,2
0,459,112,32,0,50,68,90,0
0,470,463,103,0,29,62,180,1
1,412,133,76,1,55,78,90,2
0,458,98,38,0,56,72,70,0
1,413,338,212,1,38,70,150,2
0,478,98,42,0,66,60,80,0
1,324,720,300,1,7,74,250,2
0,449,113,35,0,56,68,30,1
0,410,72,35,0,64,75,90,0
1,313,505,239,0,31,79,160,2
0,470,60,21,0,66,69,60,0
0,406,684,300,1,17,74,250,2
1,270,513,300,1,14,83,250,2
0,408,247,109,0,46,78,160,1
1,334,187,91,1,43,65,130,2
0,501,217,79,0,48,72,140,0
0,442,116,33,0,41,71,90,0
1,471,220,100,1,47,71,130,2
1,343,699,300,0,12,81,250,0
0,478,266,126,0,44,74,180,1
0,576,149,54,0,34,72,70,0
1,399,60,48,0,49,70,110,1
0,463,697,277,1,16,75,250,2
0,484,469,131,0,34,70,170,2
0,378,136,15,0,47,74,50,0
0,464,231,126,1,36,74,140,2
0,450,91,35,1,57,64,70,0
0,422,110,18,0,49,74,10,0
0,375,82,38,0,56,75,70,0
0,454,175,42,0,49,61,50,0
0,371,83,51,0,47,63,60,0
1,524,339,172,1,56,73,220,2
0,440,505,204,0,27,65,250,2
1,289,111,58,0,55,72,90,2
1,354,125,60,0,38,71,50,2
0,421,583,280,0,17,73,160,0
0,570,392,101,1,42,74,170,2
0,375,161,89,0,55,77,100,2
1,366,77,24,1,46,70,50,1
1,337,62,29,1,59,77,60,2
0,459,89,36,0,64,71,70,0
1,353,403,172,1,26,76,120,2
0,393,495,206,1,20,76,240,0
0,425,219,105,0,52,68,150,1
1,369,413,262,0,25,74,250,2
0,405,450,184,0,30,75,240,2
0,393,223,94,0,29,67,120,1
0,479,101,56,0,42,66,130,0
1,352,306,151,0,31,77,150,2
0,393,505,136,0,23,78,170,2
1,327,344,254,1,36,78,250,2
0,422,494,212,0,37,69,250,2
0,383,127,68,0,44,72,90,1
1,488,122,81,0,54,62,70,1
0,493,312,64,0,45,72,120,0
1,460,301,239,1,35,67,210,2
0,439,60,39,0,65,62,60,0
0,345,141,21,0,57,80,50,1
0,496,406,254,0,40,71,220,2
1,314,461,218,0,22,73,230,2
0,380,100,49,0,45,68,80,0
1,385,139,85,1,45,72,110,2
0,488,119,51,0,62,62,110,0
0,502,486,113,1,28,78,170,2
0,480,209,65,0,50,58,150,0
1,368,339,151,1,43,71,190,2
1,337,587,300,0,14,77,170,2
1,384,101,80,0,53,69,60,1
0,413,81,28,1,72,71,40,0
0,464,178,121,0,37,73,130,1
0,491,225,64,0,54,67,200,0
1,416,252,98,1,38,67,150,2
0,323,520,196,1,22,74,180,2
0,456,60,15,0,55,72,110,0
0,444,94,16,0,57,65,60,0
0,443,308,112,0,44,82,180,1
0,412,165,36,0,59,71,100,0
1,297,720,300,0,8,80,240,2
0,473,538,119,0,23,72,230,2
1,365,250,91,0,37,68,90,2
1,400,422,265,0,29,76,250,2
0,401,290,87,0,48,65,110,1
0,490,433,263,0,30,80,250,2
0,485,161,67,0,53,74,90,0
1,410,221,78,1,49,73,110,2
0,424,275,80,0,31,75,130,1
0,477,163,57,0,45,72,110,0
0,469,393,45,1,36,72,120,1
0,461,600,113,0,21,71,200,2
0,502,107,35,0,49,69,80,0
0,521,136,65,0,52,66,60,0
1,287,720,299,1,9,81,250,2
1,301,321,256,1,27,87,240,2
0,410,247,83,1,38,74,120,1
0,374,498,92,0,27,68,220,2
1,355,256,204,0,42,80,210,2
0,480,436,149,0,29,66,160,2
1,373,153,104,1,42,79,130,2
0,393,115,66,0,52,72,80,1
1,468,720,300,0,11,75,250,2
0,457,243,42,1,47,75,140,1
0,452,91,43,0,58,76,70,0
1,455,141,85,0,52,68,60,1
0,428,188,86,0,45,61,70,0
0,523,298,128,0,36,75,130,1
0,427,60,14,0,46,65,70,0
1,514,207,112,1,43,66,90,2
0,386,291,137,0,30,75,130,2
1,426,431,211,0,39,68,180,2
0,402,271,93,1,47,67,110,1
0,505,126,33,0,50,68,110,0
1,341,352,255,1,41,80,240,2
0,464,512,178,0,27,69,160,2
0,402,140,62,0,51,70,50,0
0,481,211,90,0,43,76,150,1
0,387,230,139,0,41,71,170,2
0,534,130,25,0,56,64,50,0
0,385,62,30,0,50,70,40,0
0,367,128,52,0,46,62,110,1
0,482,299,91,0,42,71,80,1
0,405,111,44,0,39,70,20,0
0,434,74,27,0,54,64,70,0
1,352,537,300,1,19,87,250,2
1,268,124,97,1,53,72,80,2
0,431,720,206,0,11,79,250,2
0,498,414,236,1,26,75,250,2
1,430,720,300,1,13,71,250,2
0,431,181,77,0,51,72,100,0
0,475,85,59,0,73,65,30,0
1,300,697,300,1,8,78,250,2
0,433,82,19,1,58,67,80,0
0,454,60,19,0,67,72,20,0
1,365,435,155,0,31,76,240,2
1,357,88,51,0,48,74,110,2
0,374,187,83,0,37,65,80,1
0,315,142,77,0,55,76,90,2
0,475,363,123,0,28,66,200,1
1,377,90,45,0,56,66,130,1
0,480,60,19,0,45,70,40,0
0,413,167,51,0,57,77,130,0
1,325,60,37,0,51,77,40,2
0,435,257,87,0,37,64,180,1
0,492,287,97,0,47,81,160,1
0,438,291,30,0,52,64,90,0
0,460,131,73,0,46,75,80,0
0,399,720,250,0,17,81,250,2
1,363,445,216,1,27,76,230,2
1,370,537,281,1,26,68,250,2
0,496,120,43,0,50,70,90,0
0,445,169,85,0,60,68,120,0
0,537,111,29,0,49,60,70,0
0,367,220,94,1,38,72,210,2
0,441,94,37,0,52,63,90,0
1,387,548,300,1,30,73,250,2
0,481,233,73,1,42,74,140,1
0,394,60,16,0,43,71,60,0
0,534,103,27,0,63,74,100,0
0,450,631,250,0,21,75,250,0
0,395,661,217,0,13,70,250,2
0,449,366,64,0,38,67,190,1
0,404,135,91,0,43,77,140,1
1,584,720,300,1,14,72,250,2
0,472,143,84,0,55,83,110,0
0,422,368,235,0,41,65,190,2
0,429,219,110,0,41,76,190,1
1,456,280,114,0,45,61,190,2
0,484,341,173,0,36,55,250,2
0,289,76,32,0,44,79,20,2
0,467,94,25,0,44,59,60,0
1,391,91,44,1,69,76,50,1
0,369,280,83,0,36,80,140,2
0,464,150,80,0,45,66,70,0
0,547,720,300,0,12,71,250,2
0,477,345,142,1,40,59,250,2
0,490,151,59,0,50,61,120,0
0,540,213,44,0,58,63,110,0
1,331,430,163,0,27,70,180,2
0,327,96,54,0,48,75,100,2
0,482,60,23,0,54,77,90,0
0,437,61,21,0,46,68,20,0
0,381,161,34,1,35,73,60,1
0,416,60,26,0,53,71,40,0
1,425,319,173,0,32,66,160,2
1,364,657,295,1,14,77,250,2
0,395,95,42,0,55,67,100,0
0,438,165,47,0,62,77,150,0
0,434,175,95,0,56,67,120,0
1,240,247,124,1,44,81,110,2
1,380,362,175,1,34,72,250,2
1,280,60,28,1,53,74,80,2
1,406,618,300,1,19,75,250,2
0,371,197,74,1,35,71,40,1
0,500,104,31,0,60,68,50,0
1,361,448,180,1,28,73,200,2
0,422,475,71,0,34,82,90,1
0,434,60,27,1,49,69,40,0
0,391,257,108,0,44,75,130,1
0,448,493,237,0,24,69,250,2
0,398,496,161,0,23,72,170,2
0,422,417,92,1,36,76,190,2
1,403,196,156,1,47,72,90,2
0,378,77,30,0,53,81,130,1
0,371,94,46,0,59,68,70,0
1,377,683,300,0,19,84,250,2
0,433,304,131,0,43,70,140,1
0,443,356,168,1,32,71,220,2
0,436,151,76,0,44,72,60,0
0,452,60,7,0,59,68,50,0
0,480,305,63,0,36,75,120,1
1,396,155,83,1,48,70,110,2
0,334,419,100,0,25,73,170,2
0,347,95,62,0,64,71,90,1
0,531,232,119,0,41,59,160,1
0,420,249,86,0,50,66,110,0
1,441,720,300,0,10,76,250,2
0,417,184,74,0,59,75,130,0
0,447,229,93,0,52,73,40,0
1,358,720,180,0,9,78,240,2
0,558,166,69,0,58,69,100,0
1,392,222,106,1,41,70,90,2
0,393,88,47,1,56,70,70,1
0,367,251,47,0,44,76,30,1
1,528,226,143,1,50,66,140,2
1,363,720,300,1,8,76,250,2
0,487,416,49,0,39,76,110,1
0,492,268,12,0,36,75,80,0
0,411,207,93,0,49,72,80,1
0,483,125,28,0,56,64,80,0
1,332,301,197,1,45,80,250,2
0,400,208,48,0,41,61,80,1
0,508,720,300,0,16,70,250,2
1,363,264,185,1,42,75,240,2
0,445,230,124,0,44,74,170,1
0,455,299,92,1,44,68,200,1
1,419,134,72,0,31,74,50,1
1,281,292,138,1,39,72,130,2
1,334,544,269,1,23,79,220,2
0,433,89,32,1,57,74,60,0
1,316,720,300,1,8,79,250,2
0,456,219,83,0,49,77,120,1
0,479,99,44,0,61,70,70,0
1,469,97,58,0,51,73,70,1
0,433,697,221,0,16,74,250,2
1,410,307,136,1,44,60,190,2
0,442,226,107,0,46,76,140,1
0,466,70,24,0,45,73,70,1
1,313,174,96,0,41,76,130,2
0,541,484,146,0,27,66,180,2
0,481,570,82,1,25,72,180,0
0,497,110,48,0,71,66,60,0
1,444,388,300,1,37,61,200,2
0,461,274,113,0,41,81,60,1
0,368,323,188,0,33,80,230,2
0,443,353,58,0,31,67,120,0
1,259,533,226,1,11,78,250,2
1,404,60,24,1,60,70,10,1
1,363,428,275,0,22,79,190,2
0,417,60,30,0,54,69,50,0
0,480,200,107,0,43,72,180,1
0,397,356,211,0,34,69,220,2
0,422,236,38,0,53,65,130,0
0,451,406,73,1,46,67,210,1
1,261,704,300,1,8,79,250,2
1,341,512,300,1,22,69,250,2
0,325,299,94,0,29,77,160,1
0,405,265,175,0,34,79,130,2
1,434,693,300,0,12,68,220,2
0,457,720,300,0,9,71,250,2
0,390,81,48,0,57,67,90,0
0,437,137,74,0,47,64,50,0
0,381,370,140,0,34,58,160,2
1,389,720,266,0,9,72,250,2
0,581,60,27,0,48,66,50,0
0,542,71,23,0,61,73,30,0
0,437,213,97,0,55,69,120,1
1,371,541,300,1,18,80,250,2
0,371,171,81,0,45,73,50,1
0,409,284,55,0,35,70,80,0
1,400,149,97,1,45,80,80,2
1,323,281,205,1,35,74,170,2
1,453,220,103,0,47,70,160,1
1,499,466,185,1,24,70,200,2
0,466,205,68,0,51,67,100,0
0,440,100,48,0,42,76,100,0
0,365,709,99,0,9,77,200,2
0,457,270,136,0,46,65,160,1
1,294,419,276,1,21,80,250,2
1,345,174,135,0,54,78,70,2
1,457,605,300,1,23,69,250,2
0,486,85,47,0,49,66,70,0
1,342,167,114,1,39,71,160,2
1,346,320,219,0,31,74,250,2
0,400,227,72,0,45,73,60,1
1,291,223,178,0,38,77,190,2
0,388,60,30,0,60,71,60,0
0,339,128,66,0,51,80,120,2
1,422,720,300,1,11,74,250,2
1,417,60,37,0,63,72,60,0
0,478,360,178,0,43,67,190,2
0,402,210,76,0,42,74,120,1
1,291,98,55,1,48,78,100,2
1,378,720,300,1,12,74,250,2
1,379,188,89,1,36,74,90,2
0,412,496,213,0,23,65,190,2
0,405,189,68,0,33,74,130,1
0,505,207,95,0,42,64,90,0
0,456,167,83,0,52,76,90,0
0,533,421,159,0,43,69,160,2
0,513,220,67,0,51,66,130,0
0,535,526,176,0,30,75,130,2
0,396,316,87,0,40,74,100,1
1,416,263,128,0,46,70,220,2
0,413,60,14,0,58,56,30,0
0,336,417,262,1,22,81,250,2
0,524,275,65,0,44,71,100,0
0,420,126,41,0,40,68,70,0
0,382,344,86,0,42,67,120,1
1,360,472,229,1,31,81,220,2
1,319,421,275,1,24,79,230,2
0,415,720,189,0,14,82,250,2
0,423,106,46,0,58,75,110,0
0,521,355,71,0,42,71,130,1
1,343,720,300,1,12,79,250,2
0,532,205,53,0,48,62,130,0
0,477,102,26,1,64,72,50,0
1,387,236,127,0,43,73,160,2
1,427,415,213,1,40,70,240,2
1,375,720,300,1,10,74,250,2
1,465,181,114,0,52,73,100,1
1,399,237,176,0,45,69,190,2
0,336,281,145,0,37,70,120,2
0,449,397,173,0,35,66,180,2
1,429,681,300,0,17,67,250,2
1,339,73,54,0,48,79,10,2
1,383,720,300,0,13,73,250,2
0,404,141,60,0,56,69,130,0
0,381,720,208,1,7,83,250,2
0,342,682,290,0,17,72,250,2
0,343,60,32,0,55,67,30,1
0,483,413,108,0,29,72,140,1
1,240,251,173,0,61,75,100,2
0,401,214,91,0,37,77,200,1
1,336,717,300,0,9,77,250,2
1,340,115,76,1,48,70,130,2
0,357,179,50,0,48,69,90,1
0,470,402,114,0,34,75,170,1
0,371,273,107,0,39,72,110,2
1,454,632,297,1,14,75,250,2
1,346,260,136,1,47,69,120,2
1,368,123,75,0,61,66,50,1
1,375,720,300,1,9,71,250,2
0,462,127,41,0,52,66,60,0
1,392,162,80,1,36,75,110,2
1,345,183,94,1,41,67,140,1
1,414,435,243,1,44,65,230,2
0,443,205,129,0,52,72,140,1
1,306,76,48,1,60,76,50,2
0,441,77,39,0,52,72,30,0
1,473,720,300,1,20,67,250,2
0,455,129,36,0,53,69,40,0
0,481,266,156,0,49,61,150,1
0,443,102,41,0,47,63,80,0
0,403,374,140,0,35,70,110,2
0,409,118,15,1,50,71,20,0
1,397,113,52,1,47,76,100,2
0,482,60,18,0,63,66,10,0
0,589,247,48,0,55,71,130,0
0,484,323,53,0,34,66,90,0
0,391,395,71,0,33,80,240,2
0,396,235,74,0,51,74,120,1
0,548,424,108,0,28,68,140,1
0,409,60,38,0,46,68,80,0
1,363,89,67,0,51,73,80,2
0,386,90,29,0,51,68,80,0
0,513,151,69,0,61,63,50,0
0,460,200,86,0,50,71,120,0
1,305,633,300,1,21,78,250,2
0,385,162,71,0,40,69,110,1
0,465,413,106,0,34,72,120,1
0,452,360,132,0,36,63,120,1
0,476,450,131,0,39,72,180,2
0,462,285,129,0,41,71,130,1
0,406,377,228,0,30,68,190,2
0,422,60,20,0,57,60,20,0
0,427,165,36,0,39,73,80,0
0,392,60,44,0,56,66,60,0
1,350,125,94,0,48,76,110,2
1,376,135,77,0,51,76,120,2
0,390,470,217,0,22,84,140,2
0,466,174,106,0,50,60,110,0
1,334,720,300,1,6,82,250,2
1,331,292,177,1,45,70,160,2
0,402,60,29,0,50,73,20,0
1,391,242,137,1,45,73,110,2
0,439,288,107,0,40,78,130,1
0,471,300,27,0,43,72,140,0
0,479,207,92,0,45,76,90,1
0,500,265,41,1,58,69,90,0
0,464,473,117,0,22,68,210,0
0,381,60,20,0,55,83,20,0
1,341,318,210,1,41,76,170,2
0,384,83,15,0,56,69,70,0
0,519,318,155,0,29,69,140,2
0,549,114,13,0,68,73,60,0
0,467,97,29,1,47,59,50,0
0,492,69,16,0,66,61,50,0
1,392,343,195,0,40,72,220,2
0,438,60,32,0,59,58,90,0
0,355,60,24,0,56,68,70,0
1,384,393,272,1,43,72,180,2
0,390,167,72,0,42,77,80,1
1,394,265,166,1,41,77,140,2
0,432,60,20,0,53,72,30,0
0,517,175,92,0,41,62,90,0
0,465,186,83,0,53,63,50,0
0,449,420,147,0,25,71,150,0
0,421,297,212,0,40,76,200,2
1,507,145,94,1,50,73,50,1
1,387,142,58,0,53,72,80,1
1,398,709,300,1,13,64,250,2
1,377,633,300,1,17,79,250,2
0,414,186,62,0,49,67,120,0
0,436,326,198,0,35,67,180,2
0,351,439,122,0,26,79,140,2
1,266,74,54,0,44,74,50,2
0,467,80,18,0,65,69,90,0
0,528,171,70,0,60,69,100,0
1,384,628,300,0,16,84,250,2
0,413,720,146,0,14,71,230,2
0,362,231,84,0,47,77,160,2
0,489,90,26,0,57,63,80,0
0,391,69,45,0,47,72,80,0
1,420,241,182,1,46,68,160,2
1,417,267,122,0,59,69,170,2
0,458,84,30,0,54,70,40,0
0,436,164,69,0,53,75,100,0
1,386,60,32,1,61,71,90,1
0,444,207,88,0,54,65,160,0
0,388,82,33,0,51,63,50,0
1,292,138,97,0,52,73,140,2
1,240,390,300,0,24,86,250,2
0,425,289,128,0,32,74,160,1
0,510,141,50,0,56,67,80,0
1,426,106,52,0,65,65,30,0
1,390,347,206,1,42,71,200,2
1,323,219,125,0,51,68,200,2
0,484,341,225,0,36,73,230,2
1,366,441,229,1,17,77,250,2
0,513,308,106,1,57,76,140,1
1,291,60,35,0,45,80,60,2
0,412,675,185,1,17,63,250,2
0,377,179,98,0,56,77,150,0
1,271,60,30,1,40,79,90,2
0,373,124,66,0,41,72,90,1
0,440,191,53,0,46,71,100,0
1,325,720,300,1,10,79,250,2
0,240,234,106,0,40,83,70,2
1,465,444,207,1,21,70,250,2
0,335,155,99,0,46,79,160,2
0,464,167,59,0,60,82,90,0
1,377,70,44,1,56,66,100,2
0,540,230,108,0,39,67,160,2
1,444,135,98,0,44,70,140,1
0,409,110,47,0,53,63,130,0
1,340,543,254,0,16,76,250,0
0,525,125,30,0,44,75,110,0
0,376,60,19,0,50,71,40,1
1,373,222,138,0,31,67,140,2
0,413,60,33,0,48,75,120,0
1,350,329,204,1,33,76,160,2
1,399,515,248,0,20,76,250,2
1,388,271,129,0,38,76,150,2
1,407,60,36,0,43,75,50,0
0,426,281,132,0,42,70,80,1
0,440,394,229,1,30,73,250,2
0,439,155,47,0,52,72,100,0
0,402,110,52,0,53,72,60,0
0,450,60,22,0,65,67,50,0
0,384,169,64,1,43,74,80,1
0,410,520,144,0,18,66,200,2
0,418,60,32,0,59,72,30,0
0,429,60,26,0,55,70,30,0
1,377,255,150,0,41,70,150,2
0,495,60,23,0,70,59,30,0
0,395,151,68,0,40,72,90,1
1,403,427,199,1,32,66,210,2
0,440,247,102,1,42,65,180,1
1,347,534,300,1,17,66,250,2
0,438,560,172,0,23,79,190,2
0,485,349,156,1,36,64,160,2
1,388,590,300,1,15,82,250,2
1,405,104,64,0,43,78,70,1
0,414,244,91,0,41,69,120,1
1,512,720,300,1,21,71,250,2
0,402,120,55,0,51,71,100,0
0,336,271,119,0,47,70,100,2
0,493,720,170,0,10,72,250,2
0,429,83,54,0,52,65,60,0
0,434,60,15,1,64,64,30,0
1,351,454,235,1,25,85,240,2
0,528,179,64,0,53,71,70,0
0,452,526,142,0,25,75,150,2
0,477,82,16,0,53,67,60,0
1,401,720,300,1,12,71,250,2
1,408,311,111,0,34,66,170,2
1,457,147,92,0,38,73,40,1
1,342,286,218,1,42,71,250,2
1,288,256,133,1,31,82,90,2
1,450,349,160,0,33,69,230,2
1,394,596,300,0,19,78,200,2
0,425,558,221,1,18,76,240,2
0,458,182,113,0,53,80,100,1
0,431,319,64,1,42,67,90,1
0,451,460,184,0,30,69,250,2
0,428,263,47,1,44,70,120,1
0,405,111,54,0,49,76,60,0
1,473,426,254,0,35,71,250,2
0,364,179,54,0,58,65,80,1
1,555,60,26,1,66,75,80,1
1,436,60,42,1,48,64,30,1
1,250,378,183,1,36,79,230,1
1,374,167,90,1,44,69,90,2
1,363,623,300,1,19,72,250,2
0,454,107,52,0,55,64,60,0
0,370,99,67,0,59,75,50,1
0,436,326,97,1,39,70,150,1
1,381,271,151,1,34,71,250,2
1,323,143,99,1,43,81,120,2
1,328,511,153,1,27,82,140,2
0,465,700,300,0,21,72,250,2
0,350,105,45,0,49,70,90,1
0,458,355,164,0,35,67,250,2
0,489,376,44,0,27,73,160,1
0,424,720,300,1,14,66,250,2
0,422,362,174,0,34,70,210,2
1,441,271,158,1,43,63,160,2
0,414,335,123,0,34,69,150,1
0,419,60,22,0,40,79,30,0
1,325,720,300,1,7,78,250,2
0,478,60,32,1,57,75,40,0
0,514,332,94,0,42,69,150,1
0,365,276,72,0,41,78,160,2
0,485,312,120,0,43,64,130,1
0,460,69,42,0,46,66,100,0
0,527,230,96,0,45,76,180,1
0,469,403,87,1,46,69,120,1
0,432,313,132,1,38,67,190,2
0,507,720,221,1,15,76,250,2
1,423,720,300,1,13,73,250,2
0,547,176,71,0,54,73,110,0
1,442,274,184,1,34,65,190,2
0,442,101,36,0,58,68,50,0
0,376,318,162,1,39,73,170,2
1,349,65,29,1,56,79,80,2
0,363,60,25,0,40,76,50,0
0,409,236,133,0,42,66,190,1
1,439,667,300,1,22,75,230,2
0,449,137,9,1,42,56,50,0
1,461,611,300,0,13,67,230,2
1,413,720,300,0,8,78,250,2
0,414,396,170,0,22,76,220,2
0,439,265,130,0,43,66,210,1
0,458,290,149,0,33,65,130,1
1,399,589,253,1,16,78,250,2
1,400,402,132,1,29,76,170,2
1,321,232,111,0,41,77,150,2
0,413,232,94,0,40,71,160,1
1,548,249,139,1,39,67,190,2
0,496,403,156,0,30,74,200,2
0,376,269,43,0,35,69,80,1
1,240,144,105,0,50,74,50,2
0,423,140,70,0,43,66,80,0
1,452,195,100,1,40,75,100,2
0,424,695,300,0,14,76,250,2
1,446,622,300,1,20,67,250,2
0,452,184,52,0,40,65,150,0
0,426,131,35,0,58,79,100,0
0,457,121,76,0,54,77,80,0
0,408,60,13,0,55,64,70,0
0,405,188,88,0,44,74,110,1
1,421,113,54,0,48,57,70,0
0,448,244,63,0,39,67,130,0
0,530,385,150,0,37,62,200,2
0,469,550,147,0,22,68,230,2
0,466,138,21,0,65,69,60,0
1,386,233,93,1,52,73,190,2
1,451,95,34,0,81,63,10,0
0,403,260,105,0,45,76,190,1
0,464,250,67,1,47,69,140,1
1,295,156,124,0,38,82,110,2
0,471,99,43,0,57,64,20,0
0,449,438,151,1,23,62,190,2
0,534,60,23,0,73,71,40,0
0,554,496,231,1,30,64,210,2
0,458,79,43,0,62,85,70,0
0,453,428,46,0,28,61,190,1
0,387,75,22,0,62,77,70,0
0,480,274,139,0,46,78,220,1
0,445,178,61,0,45,74,40,0
0,461,489,242,0,42,73,250,2
0,521,172,81,1,45,67,90,1
0,393,525,92,0,17,77,250,2
1,295,210,112,1,41,77,50,2
0,438,411,109,1,25,64,180,2
1,417,552,300,1,25,65,250,2
0,462,168,62,0,58,66,100,0
1,297,297,202,1,31,80,190,2
0,472,60,24,0,56,81,30,0
0,374,256,99,0,31,72,190,2
1,331,645,300,1,21,73,250,2
0,414,449,118,0,32,72,160,2
1,351,683,300,1,8,79,250,2
0,464,190,88,0,46,70,80,0
1,380,227,134,0,36,76,110,2
1,513,355,150,1,40,76,120,2
1,372,311,103,1,35,67,130,2
0,428,411,180,0,46,69,180,2
0,510,595,109,1,21,78,250,2
1,353,239,164,0,40,67,170,2
1,494,545,245,1,32,70,250,2
1,427,338,162,0,38,66,190,2
0,302,60,35,0,68,80,70,1
1,457,111,58,1,52,63,90,1
0,465,84,41,0,71,71,70,0
0,482,188,87,0,49,74,70,0
0,339,245,101,0,34,81,80,2
0,401,567,181,1,20,73,250,2
1,333,347,154,1,31,74,130,2
0,392,224,70,1,49,72,90,1
0,522,357,149,0,43,78,170,2
0,434,75,29,0,44,69,60,0
0,448,298,108,0,45,66,130,1
0,462,334,122,0,44,76,250,2
0,478,181,40,0,42,65,70,1
0,268,202,50,0,45,82,80,2
1,344,300,113,0,31,77,120,2
1,276,243,120,0,32,83,170,2
0,455,234,124,0,40,62,90,1
0,435,496,90,0,30,67,140,1
0,450,350,64,0,40,67,200,1
1,244,720,300,1,7,82,250,2
0,419,150,75,0,50,69,90,0
0,475,246,134,1,51,68,150,2
0,520,309,84,0,41,69,170,1
1,425,655,289,0,11,64,250,2
0,368,320,123,1,26,78,140,2
0,497,461,216,1,36,66,250,2
1,410,176,140,0,49,73,160,2
1,366,720,263,1,11,67,250,2
1,240,241,121,0,32,82,170,2
0,497,165,48,0,49,70,80,0
1,348,538,300,1,15,77,250,2
1,414,60,21,0,54,64,60,0
1,394,364,135,1,40,78,170,2
1,482,182,97,0,51,69,70,1
1,366,141,62,1,55,65,90,2
0,434,112,20,0,48,75,40,0
0,528,176,86,0,58,64,90,0
1,343,203,92,1,42,73,120,2
0,475,82,25,0,46,75,90,0
0,410,119,43,1,45,71,150,1
0,399,78,21,0,45,64,40,0
1,360,427,267,0,37,67,240,2
0,469,138,63,0,51,65,80,0
1,469,139,65,1,49,70,130,1
0,508,339,128,0,40,71,140,1
0,435,368,101,0,48,79,210,1
0,400,122,40,0,59,62,90,0
0,419,682,247,0,14,78,250,2
0,375,621,272,0,22,80,250,2
0,409,282,144,0,44,77,190,0
0,417,465,217,1,29,65,250,2
1,440,147,79,0,47,68,130,1
0,324,284,103,0,41,76,150,2
1,338,348,225,1,36,73,170,2
0,398,289,95,0,43,73,170,1
0,494,324,173,0,40,70,140,2
0,364,262,154,0,47,79,210,2
1,390,175,113,1,33,77,60,2
1,366,720,300,1,5,69,250,2
1,448,348,181,0,36,72,250,2
0,449,60,30,1,56,62,50,0
1,398,696,300,0,12,66,250,2
0,422,142,39,0,49,69,40,0
0,357,259,89,0,53,66,140,2
0,462,198,75,0,49,76,70,0
0,461,291,89,0,37,69,150,2
0,356,460,149,0,30,82,160,2
1,288,400,185,0,36,79,250,2
0,462,173,56,1,43,69,110,1
0,451,635,300,0,17,71,230,2
0,385,518,134,0,19,68,160,2
1,334,720,300,1,7,69,250,2
0,343,135,34,0,45,72,90,1
0,503,82,27,0,68,69,50,0
1,299,88,25,1,41,81,60,2
0,477,201,82,0,53,75,150,1
0,418,211,119,0,46,63,100,1
0,484,88,45,0,54,71,70,0
0,395,80,39,0,61,68,70,0
1,394,529,300,1,23,83,250,2
0,350,449,176,0,25,87,220,2
0,338,60,15,0,64,78,30,1
0,464,60,19,0,57,66,60,0
0,360,253,73,0,34,65,80,1
1,374,593,250,1,15,70,250,2
0,485,91,52,0,59,68,40,0
0,472,60,24,0,63,71,60,0
1,343,720,300,1,14,75,250,2
1,278,376,223,0,26,81,250,2
1,410,160,100,1,54,74,110,2
0,487,530,250,0,23,78,250,2
1,313,483,300,1,19,72,250,2
0,394,191,84,0,52,71,90,1
0,408,399,139,1,32,74,170,2
0,478,60,19,1,46,66,60,0
1,460,239,130,0,33,72,200,2
0,373,124,39,0,42,78,100,1
0,360,167,79,0,45,80,190,2
0,551,520,181,0,47,56,170,2
0,441,706,157,0,17,74,250,2
1,407,447,231,1,21,75,180,2
0,400,130,65,0,52,74,100,0
0,474,87,7,0,55,73,30,0
1,457,720,300,1,14,72,250,2
0,434,243,67,0,32,70,130,0
1,496,180,47,0,46,72,90,1
1,352,196,118,1,35,69,120,2
1,341,336,190,1,37,74,220,2
1,376,63,48,0,43,72,110,1
0,458,180,50,1,56,66,70,0
0,431,86,48,0,62,62,100,0
0,370,406,174,1,24,75,220,1
0,450,233,71,0,50,72,150,0
0,416,134,46,0,61,73,80,0
0,405,96,40,0,54,71,50,0
1,377,720,300,1,12,75,210,1
0,386,561,300,1,33,74,210,0
0,393,60,19,0,56,66,90,0
0,304,593,234,1,8,83,250,2
0,537,105,31,0,58,57,50,0
1,413,433,248,0,35,69,250,2
0,429,242,85,0,48,71,90,0
0,401,73,22,0,59,66,40,0
0,291,364,159,1,37,76,140,2
0,383,79,32,0,49,71,50,0
0,470,240,100,0,36,67,150,1
1,440,720,300,1,16,69,250,2
0,467,171,79,0,48,73,100,0
0,457,239,77,0,55,73,160,1
0,515,230,51,1,44,68,30,0
1,367,205,79,0,48,69,170,2
1,450,60,42,1,66,68,90,1
0,415,173,61,0,51,64,160,0
0,375,60,38,0,50,66,50,0
1,319,598,142,0,21,74,200,2
1,315,314,162,0,32,83,220,2
1,406,720,300,1,11,71,250,2
1,338,264,134,0,32,78,140,2
0,383,202,85,1,39,66,80,1
0,470,210,96,0,54,67,140,1
1,397,694,300,1,16,78,250,2
1,457,353,197,1,32,72,220,2
0,475,185,78,0,48,67,120,0
0,412,160,40,0,52,69,70,0
1,380,191,146,1,47,81,140,2
0,441,61,18,0,48,78,70,0
1,325,259,154,1,40,73,190,2
0,379,168,73,0,53,70,70,1
0,385,348,251,0,39,75,190,2
0,551,507,167,0,35,76,210,2
0,414,136,63,0,54,80,130,0
0,496,60,14,0,67,60,20,0
0,426,112,43,0,49,70,20,0
1,437,395,248,0,26,68,250,2
1,438,171,115,1,49,74,110,2
0,467,170,68,0,55,69,100,0
0,439,60,27,0,61,72,140,0
0,503,477,199,0,32,75,230,2
0,453,189,74,0,62,72,80,0
0,520,165,70,1,44,70,70,1
0,354,333,138,1,34,77,130,2
0,452,149,52,0,54,62,110,0
0,464,60,16,0,61,62,70,0
0,388,178,57,0,52,76,90,1
1,415,305,244,1,23,72,230,2
0,360,231,100,0,36,73,100,2
1,314,720,300,1,9,77,250,2
1,250,539,213,0,25,79,250,2
1,484,345,203,1,39,70,230,2
1,373,634,288,1,9,71,250,2
0,543,60,26,0,77,69,50,0
0,475,455,191,0,27,71,220,2
0,457,331,94,0,45,71,150,1
1,333,720,300,0,8,80,250,2
1,301,241,151,1,33,68,170,2
1,411,425,267,0,23,78,250,2
0,431,156,80,0,53,64,140,0
1,281,720,300,1,4,76,240,2
0,344,131,86,0,55,86,130,2
0,402,98,32,0,43,73,50,0
1,517,173,102,0,51,73,100,1
0,545,234,89,0,45,67,110,0
1,374,452,300,0,30,71,250,2
0,442,97,44,0,70,64,80,0
1,366,553,249,1,22,76,250,2
0,388,452,183,0,24,63,200,2
1,471,661,300,1,17,72,220,2
1,521,547,300,1,24,74,250,2
1,312,525,300,0,15,84,250,2
0,415,225,85,0,58,62,110,0
1,343,68,48,0,62,78,60,2
0,413,370,183,0,40,72,130,2
0,494,145,62,0,51,62,70,0
0,384,524,174,0,21,75,220,2
1,392,167,126,1,58,73,120,2
0,471,159,42,0,44,75,90,0
1,365,400,300,1,26,74,250,2
1,437,720,275,1,23,76,250,0
0,442,258,65,1,41,67,60,1
1,460,414,292,1,25,75,250,2
0,373,102,39,0,52,72,90,0
1,335,94,75,0,45,71,100,0
0,416,112,57,0,49,68,50,0
0,301,321,98,0,31,86,160,2
0,365,207,104,0,54,69,120,1
0,409,245,94,0,47,74,110,1
0,482,151,49,1,52,70,50,0
0,399,370,108,0,39,73,90,1
0,394,556,224,1,19,80,210,2
0,475,353,115,0,31,77,150,1
0,354,483,184,0,23,73,250,2
1,245,343,150,1,33,85,190,2
0,416,324,148,1,42,70,160,2
1,288,720,300,0,9,88,250,2
0,364,480,167,0,27,78,160,2
1,430,720,300,0,11,76,250,2
1,451,720,280,0,14,81,250,2
0,474,573,177,1,38,83,250,2
1,452,235,148,1,42,74,200,2
0,482,94,38,0,53,69,60,0
1,240,294,214,1,39,77,250,2
1,406,257,127,1,46,77,190,2
0,393,106,51,0,37,66,70,0
1,322,720,300,0,12,74,250,2
0,478,84,37,0,59,73,70,0
0,348,484,142,0,26,70,170,2
0,332,273,188,0,37,70,170,2
1,419,60,36,0,57,71,40,0
1,424,275,132,1,35,74,180,2
1,399,246,71,0,48,71,80,0
0,406,131,61,0,52,66,100,0
0,472,107,48,0,56,72,120,0
1,422,194,92,1,32,72,70,2
0,454,135,33,0,51,68,40,0
0,361,122,40,0,49,69,70,1
0,413,120,38,0,58,71,80,0
0,476,135,52,0,48,69,110,0
0,486,603,300,0,30,74,230,2
1,367,571,300,0,22,81,250,2
0,422,527,238,0,28,79,180,2
0,426,72,17,0,53,75,30,0
0,433,104,76,0,59,66,120,0
0,405,102,22,0,60,64,40,0
0,305,720,277,0,7,78,250,2
0,479,322,163,0,45,70,190,2
1,515,347,216,1,39,77,220,2
0,389,357,151,0,29,73,180,2
1,285,262,209,0,46,82,140,2
1,380,344,221,0,36,74,160,2
0,425,119,52,0,58,70,80,0
0,499,205,61,0,54,77,130,0
1,378,327,229,1,27,81,210,2
0,395,97,51,0,65,63,90,0
0,369,494,174,0,30,75,200,2
0,463,374,163,1,44,70,200,2
0,464,132,44,0,56,62,160,2
0,488,60,10,0,66,71,40,0
1,292,258,204,0,43,77,180,2
1,488,270,188,0,51,74,130,2
0,362,488,132,0,31,70,150,2
0,455,185,84,0,52,73,120,0
0,354,60,20,0,51,66,60,0
0,380,144,62,0,48,73,130,1
0,528,289,112,0,47,67,140,1
0,491,150,39,0,52,67,90,0
0,407,426,121,0,24,77,180,2
0,409,425,195,0,28,58,180,2
0,440,222,69,0,53,73,90,0
1,425,720,300,1,18,65,250,2
0,497,60,29,0,49,70,10,0
1,328,390,274,0,31,67,210,2
0,354,291,119,0,35,72,150,2
0,457,192,49,0,49,70,80,0
0,412,60,25,0,57,67,50,0
0,384,206,48,0,39,77,100,1
0,434,111,61,1,50,55,120,0
1,345,720,300,1,11,82,250,2
1,396,565,300,1,29,78,250,2
0,390,217,64,0,42,74,90,1
0,459,194,87,0,44,61,110,0
0,369,574,198,0,16,71,250,2
0,378,60,23,0,68,71,50,0
0,422,60,20,0,59,66,50,0
0,522,720,300,0,8,70,250,2
0,474,170,77,0,52,74,50,0
0,488,68,11,0,72,66,60,0
0,490,60,25,1,60,69,40,0
0,600,586,300,0,30,63,240,2
0,437,92,48,1,42,68,40,0
1,489,142,53,0,44,72,140,1
0,485,270,132,0,37,70,140,1
1,444,596,271,0,30,75,250,2
1,514,471,196,1,25,76,230,2
1,360,472,185,0,27,87,170,2
1,340,165,111,0,41,74,120,2
1,397,435,262,1,31,69,250,2
1,362,720,300,1,3,81,250,2
0,465,345,35,1,36,74,110,1
0,513,113,55,0,49,68,60,0
1,356,692,300,1,15,80,250,2
1,353,191,119,0,57,67,170,2
1,402,400,279,0,32,73,250,2
1,374,414,243,1,32,73,250,2
1,256,720,300,1,6,80,250,2
1,334,473,272,1,18,74,250,2
1,438,162,86,0,61,76,110,1
0,506,82,27,0,55,66,70,0
1,294,367,166,0,31,77,200,2
1,293,720,300,0,9,79,250,2
1,377,60,37,1,42,68,40,1
1,240,325,186,1,30,80,160,2
0,427,618,192,0,25,78,210,2
0,348,341,62,0,39,66,100,2
1,485,720,300,1,13,73,250,2
0,411,213,69,1,39,79,130,1
0,517,82,27,0,56,59,50,0
0,490,175,64,1,63,65,100,0
1,314,131,91,1,54,78,140,2
1,299,720,300,1,6,69,250,2
1,346,343,249,0,49,65,190,2
0,444,342,44,0,37,66,160,0
0,467,101,18,0,31,68,80,2
0,411,157,30,0,50,68,90,0
0,487,503,140,0,27,73,240,2
1,393,332,259,0,33,67,250,2
0,417,156,71,0,61,64,70,0
0,414,285,36,0,44,71,130,0
0,410,126,65,0,45,76,120,0
0,379,60,26,0,57,69,40,0
1,394,109,49,1,72,76,90,1
0,454,271,61,1,48,69,100,1
1,408,720,300,1,6,74,220,2
0,538,169,20,0,52,66,70,0
0,443,690,198,1,13,75,250,2
0,485,413,178,1,42,76,200,2
0,461,547,120,0,28,75,210,2
1,358,80,43,1,67,67,40,2
0,414,319,121,0,32,72,190,1
0,432,133,47,0,44,66,70,0
0,433,479,243,0,28,71,250,2
0,402,213,59,0,44,76,100,1
1,272,206,137,1,50,75,130,0
0,467,132,65,0,61,71,90,0
0,494,427,102,0,31,78,110,1
1,442,83,39,1,53,70,90,1
0,442,252,72,0,31,69,100,0
0,473,199,69,0,29,81,90,0
0,470,103,41,1,60,59,80,0
0,474,450,213,1,32,73,250,2
1,314,537,300,1,18,73,250,2
0,395,131,43,0,47,72,70,0
1,347,116,54,1,53,77,90,2
0,449,225,72,0,32,72,90,0
1,373,616,254,1,19,85,250,2
0,326,233,153,0,48,82,160,0
1,495,556,300,0,40,72,250,2
0,421,60,33,0,58,80,80,0
0,443,96,29,0,59,71,90,0
1,462,437,290,1,47,68,250,2
1,240,196,49,1,45,75,80,2
0,424,547,222,0,20,75,240,2
0,430,208,61,0,35,72,70,0
0,418,76,16,0,53,71,70,0
1,362,110,72,0,50,71,130,2
1,476,384,217,1,23,74,250,2
0,468,84,30,0,49,81,90,0
1,427,60,45,1,42,72,60,1
1,393,201,120,0,42,78,170,2
0,380,720,235,0,3,82,250,2
1,240,60,22,1,45,72,90,2
0,358,135,57,0,46,75,70,1
1,385,185,110,0,40,70,150,2
0,451,136,47,0,46,64,150,0
0,409,152,80,0,46,61,110,0
0,401,211,98,1,42,79,190,2
0,550,469,133,0,32,77,180,2
1,317,720,298,1,7,75,250,2
0,481,349,193,0,29,70,90,2
0,420,363,190,0,38,72,180,2
1,385,251,129,0,39,74,160,2
0,493,195,82,0,49,69,100,0
0,508,178,37,0,50,67,50,0
1,358,189,130,1,40,80,110,2
1,430,349,192,0,29,65,130,2
0,453,60,24,0,54,63,50,0
0,420,106,45,0,47,71,70,0
1,374,701,300,0,12,75,250,2
0,385,193,84,0,40,69,140,1
0,434,607,164,1,17,63,210,2
0,405,244,95,0,45,74,120,1
0,495,214,51,0,47,64,100,0
1,368,138,80,1,58,69,80,2
1,284,330,184,0,35,82,180,2
1,324,192,87,1,38,74,70,2
1,240,105,61,0,43,72,90,2
0,395,76,37,0,45,67,60,0
0,451,363,80,1,42,79,250,2
1,365,720,300,1,7,75,250,2
0,534,321,125,1,43,69,140,2
0,478,108,35,0,53,73,70,0
1,427,435,175,1,31,69,210,2
0,337,131,55,0,50,87,80,2
0,401,218,100,0,46,72,160,0
1,325,186,105,0,43,78,130,2
1,304,522,264,0,23,72,250,2
0,410,447,191,1,32,70,230,2
1,248,544,290,1,19,84,150,2
0,371,231,87,0,32,75,120,2
0,478,381,160,0,43,68,180,2
1,364,85,48,1,49,75,70,2
1,339,251,120,0,33,80,130,2
0,434,460,228,0,24,82,190,2
0,493,89,30,0,64,64,70,0
0,450,472,168,0,23,85,250,2
0,462,252,135,0,37,80,130,1
0,392,192,51,0,52,80,60,0
0,404,159,76,0,59,68,80,0
0,467,108,33,0,58,71,50,0
0,529,396,122,0,43,74,240,2
0,521,287,98,0,46,67,110,1
1,415,720,300,1,9,68,250,2
0,442,326,110,1,44,67,130,1
0,505,215,126,0,56,72,170,1
1,445,259,139,0,43,69,170,2
1,240,132,64,1,36,91,60,2
0,382,65,28,0,51,74,40,0
0,451,447,170,0,28,75,170,2
1,249,275,133,0,40,76,140,1
0,390,304,114,0,40,74,230,2
1,326,143,91,1,40,74,70,2
0,437,136,28,0,52,65,60,0
0,435,192,30,0,49,70,100,0
0,420,195,51,0,45,79,120,0
1,432,69,32,1,37,66,30,1
1,356,78,50,0,51,67,60,1
0,430,129,43,0,55,60,100,0
0,382,289,60,0,39,60,150,1
0,486,290,109,0,44,77,140,1
0,416,360,60,0,34,76,110,1
1,298,646,300,1,18,88,250,2
0,460,66,15,0,42,71,90,0
1,321,344,216,0,35,73,240,2
0,393,203,125,0,43,69,140,1
1,408,720,281,0,15,73,250,2
1,352,679,300,1,6,80,250,2
0,565,213,69,0,59,76,70,0
0,431,163,41,1,37,79,80,1
0,465,79,24,1,65,70,60,0
0,337,131,63,0,50,71,80,1
0,391,288,150,0,44,74,170,1
0,365,198,80,1,39,69,100,2
1,323,191,79,0,48,71,100,2
0,470,102,37,1,60,72,40,0
1,432,457,300,0,37,66,250,2
1,399,428,243,0,31,70,250,2
1,344,159,100,1,47,66,110,2
0,403,331,149,1,42,70,170,2
0,475,155,82,0,62,76,30,0
0,538,175,68,0,46,73,110,0
0,441,60,34,0,64,71,60,0
0,466,181,94,0,48,66,150,1
1,399,182,87,0,42,69,180,2
0,487,222,75,0,50,59,60,0
0,391,326,74,0,36,76,120,1
1,355,208,99,1,38,78,140,2
0,469,107,39,0,61,72,40,0
0,495,75,36,1,60,75,130,0
1,317,720,216,1,5,81,160,2
0,333,130,44,0,44,68,50,1
0,410,148,51,0,53,70,50,0
0,485,242,95,0,40,77,80,1
1,279,667,272,1,8,83,230,2
0,391,318,85,0,38,73,150,1
0,457,126,36,0,45,69,30,0
0,429,98,22,0,40,76,100,0
0,479,179,49,0,52,64,80,0
0,388,549,216,1,27,68,230,2
0,418,237,64,0,37,75,90,0
0,479,159,81,0,55,72,60,0
0,390,183,55,0,38,79,100,1
0,508,293,63,0,35,64,180,1
0,381,249,90,1,37,76,60,2
1,434,670,300,0,19,75,250,2
0,401,60,37,0,62,74,40,0
0,392,608,158,0,21,76,250,2
1,355,494,264,0,24,80,250,2
1,398,318,199,1,35,67,150,2
0,434,167,71,0,41,74,120,0
0,490,60,29,0,53,68,40,0
0,506,228,53,0,55,72,60,0
0,375,227,93,1,42,69,80,2
1,272,720,300,1,13,82,210,2
0,354,66,32,0,48,75,60,1
1,312,215,133,0,53,76,190,2
0,505,309,115,0,34,72,160,0
0,448,392,141,1,33,68,120,2
1,351,447,240,0,23,74,250,2
0,449,218,91,0,47,60,130,0
0,490,60,27,0,51,69,40,0
1,523,398,173,0,43,71,180,2
1,408,179,77,1,42,71,80,2
1,240,204,107,0,38,75,170,2
0,434,185,118,0,48,74,170,1
0,481,181,109,0,57,71,80,0
1,390,402,300,1,30,73,210,2
0,486,176,46,0,61,65,40,0
1,399,351,180,1,39,67,250,2
0,373,93,22,0,41,76,70,0
0,390,105,46,0,47,76,50,0
1,352,672,300,1,16,73,250,2
0,503,720,230,0,12,65,250,2
0,381,503,268,0,28,76,240,2
0,457,123,48,0,54,80,90,0
0,435,228,126,0,35,66,180,1
0,514,141,47,0,57,68,110,0
0,432,221,95,0,39,71,150,1
0,347,222,82,1,48,73,180,2
1,420,288,186,0,43,77,220,2
0,526,138,68,0,50,64,120,0
1,424,60,39,0,63,75,60,0
0,410,158,32,0,52,70,80,0
0,380,289,147,0,31,76,180,2
0,387,371,184,1,28,74,180,2
1,515,289,164,0,39,70,220,2
1,367,720,300,1,6,74,250,2
1,328,366,173,0,30,75,170,2
0,427,473,134,0,29,82,230,2
0,419,232,83,0,49,75,100,0
1,484,60,36,0,63,68,110,0
1,303,720,300,0,12,83,250,2
1,472,305,205,1,38,74,160,2
0,441,162,56,0,55,59,130,0
1,474,117,51,1,58,66,110,1
0,529,461,134,0,37,64,250,2
0,439,72,22,0,62,68,70,0
0,404,386,252,1,45,77,240,2
0,438,165,95,1,46,73,90,1
1,368,591,300,0,21,76,250,2
1,244,126,99,0,34,76,90,2
1,468,713,300,1,13,65,250,0
0,462,379,139,1,34,74,200,0
0,361,128,79,0,38,74,60,1
1,240,702,300,1,6,84,250,2
0,318,229,124,0,37,75,100,2
1,443,720,300,0,11,74,250,0
1,331,191,112,1,32,74,100,2
1,358,720,296,0,18,77,250,2
0,474,409,131,1,32,70,110,2
1,338,77,54,0,39,81,40,2
0,447,60,16,0,40,69,40,0
0,424,123,65,0,46,81,80,0
1,369,434,291,0,29,77,240,2
0,341,291,148,1,50,66,250,2
1,302,373,187,0,25,90,230,2
0,465,405,106,1,41,80,180,2
0,415,210,61,0,45,59,100,0
1,459,594,257,0,34,71,250,2
0,537,181,139,0,58,59,140,1
0,467,153,81,0,52,63,90,0
0,509,66,19,0,54,65,20,0
0,471,60,29,0,52,72,40,0
1,337,274,182,1,32,75,180,2
0,445,238,86,0,41,74,50,0
1,530,208,124,0,49,76,80,1
1,338,230,90,1,36,68,100,2
0,368,125,58,0,55,75,50,1
1,280,116,75,1,38,82,100,2
0,439,131,62,0,82,58,90,0
0,369,260,105,0,48,82,160,2
0,518,187,87,0,43,73,100,0
0,445,266,88,0,46,70,130,1
1,443,63,44,1,53,68,70,1
0,405,367,167,0,41,82,200,2
0,362,173,65,0,53,67,120,1
1,283,578,300,1,22,92,250,2
1,296,100,78,1,53,62,110,2
0,467,355,125,1,39,66,140,2
1,411,250,112,0,44,70,60,1
0,465,720,172,0,10,78,250,2
1,270,196,104,1,37,75,130,2
0,449,269,54,0,37,67,90,0
1,288,109,66,0,43,78,60,2
0,470,266,67,0,36,66,90,1
0,473,237,85,1,54,73,150,1
0,376,430,160,0,41,64,220,2
0,483,232,65,0,50,64,90,0
1,523,224,136,1,55,65,120,2
0,476,195,86,0,50,69,70,0
1,378,69,33,1,63,70,90,1
1,337,342,215,1,37,88,250,2
1,360,621,300,0,14,77,250,2
0,411,273,103,0,49,69,220,1
1,392,75,50,1,65,68,60,1
1,295,425,250,1,26,81,230,2
1,242,439,223,0,24,73,250,2
0,445,292,110,0,45,62,150,1
0,421,156,66,1,46,56,70,0
0,391,192,45,0,46,67,140,1
0,370,273,102,0,32,82,70,2
0,464,114,9,1,57,66,50,0
0,370,87,37,0,66,63,70,0
0,428,296,101,0,34,72,120,1
0,523,107,59,0,55,75,80,0
0,467,186,52,0,51,72,90,0
1,264,409,295,1,24,83,240,2
0,371,406,149,0,27,81,210,2
1,400,228,124,1,41,70,110,2
0,366,105,35,0,53,66,80,0
0,319,234,80,0,55,77,150,2
0,476,505,156,0,29,72,170,2
1,382,65,45,1,58,66,60,1
0,457,209,87,0,45,61,80,0
1,393,720,300,1,14,79,250,2
0,446,117,30,1,62,63,80,0
0,416,361,137,0,26,74,140,2
1,396,268,206,1,41,70,180,2
0,526,235,51,0,47,76,170,0
1,339,281,164,0,33,79,170,2
0,383,251,70,1,43,74,120,2
0,393,519,185,1,24,75,240,2
1,329,183,99,1,41,67,70,2
1,389,175,129,1,48,72,170,2
0,313,196,112,0,37,74,90,2
1,405,408,252,1,34,72,200,2
0,467,174,114,1,44,69,130,1
1,249,625,300,1,15,74,250,2
1,306,191,125,1,38,76,150,2
0,438,112,24,0,49,61,50,0
0,412,180,104,0,51,75,130,1
0,460,99,63,0,59,71,120,0
0,427,720,300,1,15,70,250,2
0,513,72,27,0,46,67,50,0
0,403,408,249,0,30,61,250,2
1,321,206,140,1,34,76,120,2
0,396,70,25,0,58,67,70,0
0,471,242,58,0,42,79,120,0
0,436,172,72,0,39,71,110,0
1,419,720,300,1,15,79,250,2
0,465,267,125,0,41,70,160,1
0,334,167,64,0,40,81,100,2
0,392,231,60,0,26,69,70,1
0,368,60,27,0,55,74,30,0
0,394,60,23,1,52,69,70,0
0,413,60,24,0,55,76,120,0
0,484,175,79,0,53,65,150,0
0,509,246,83,0,44,68,80,0
0,420,274,97,0,37,73,120,1
0,422,330,92,0,50,66,170,1
0,399,60,26,0,60,74,60,1
1,381,400,228,1,34,76,250,2
1,374,640,300,0,22,87,250,2
0,475,147,72,0,46,77,100,0
0,459,667,300,0,17,75,250,2
0,319,194,62,0,49,72,90,2
0,442,145,23,0,54,73,60,0
0,519,437,131,0,40,69,130,1
0,413,274,113,0,49,79,140,1
1,469,720,234,1,14,73,250,2
1,368,591,300,1,17,69,250,2
0,428,165,83,1,47,70,90,1
0,363,270,62,0,34,75,120,1
1,298,65,33,1,53,76,70,2
1,440,522,219,0,27,76,160,2
1,451,338,127,1,31,66,140,2
0,451,77,26,0,54,70,60,0
0,373,322,186,1,45,67,220,2
1,363,599,300,1,25,60,250,2
0,497,157,72,0,51,67,80,0
0,537,117,26,0,68,63,40,0
0,419,387,174,0,33,79,160,2
1,258,153,88,0,41,79,100,0
1,433,331,198,1,36,71,190,2
0,421,200,67,0,41,71,100,0
1,441,146,64,0,57,70,50,1
0,464,72,28,0,54,78,40,0
1,328,641,300,1,18,72,250,2
0,422,208,99,0,67,58,140,0
0,515,169,81,0,44,68,80,0
0,442,174,34,1,37,70,90,0
0,398,329,119,1,31,74,80,2
0,370,155,78,0,42,81,90,1
0,396,172,76,0,53,73,130,1
1,331,168,98,1,59,74,140,2
0,475,159,79,1,40,75,80,1
0,378,169,58,0,39,70,160,1
0,512,282,95,0,36,62,170,1
0,368,115,35,0,46,68,80,1
0,536,322,213,0,52,70,230,2
1,480,388,255,1,44,82,220,2
0,457,227,47,0,53,69,130,0
0,352,161,84,0,54,76,50,1
1,371,229,101,1,50,80,100,2
0,400,284,143,0,39,77,140,2
0,371,130,43,0,44,77,70,1
1,380,60,45,0,45,75,60,1
0,393,126,45,0,58,66,100,0
0,414,578,91,0,17,77,210,2
1,360,123,75,0,43,78,50,2
0,391,453,205,1,28,61,180,2
0,523,109,63,0,51,71,40,0
1,352,234,118,1,40,73,140,2
0,457,636,300,0,17,69,250,2
0,442,227,78,0,40,72,100,0
1,414,608,300,0,23,71,250,2
1,405,144,81,0,67,77,70,2
0,494,179,51,0,54,70,110,0
0,433,60,34,1,57,63,50,0
1,390,194,98,1,44,79,80,2
1,364,215,172,1,58,65,130,2
0,443,171,63,0,46,82,70,0
0,389,171,81,0,55,72,100,1
0,446,179,70,0,45,66,160,0
1,406,60,33,0,48,74,60,0
1,418,210,119,0,43,71,100,1
1,402,378,238,1,34,67,230,2
1,358,394,236,1,38,71,230,0
0,447,554,156,0,26,80,200,2
0,407,60,26,0,51,73,80,0
1,396,196,119,1,32,67,190,2
1,344,489,300,0,18,82,250,2
0,429,160,109,0,44,73,150,1
0,485,126,38,0,60,60,80,0
1,325,603,300,0,11,84,250,2
0,479,235,45,0,50,76,60,0
0,421,253,121,1,38,68,120,1
0,551,214,61,0,47,72,120,0
1,374,60,27,0,56,81,60,1
0,484,563,219,1,29,68,240,2
1,376,258,164,0,34,81,180,2
0,380,60,14,0,55,78,20,0
0,408,119,58,1,51,65,90,1
0,494,99,28,0,53,62,70,0
1,344,60,32,1,55,70,70,2
1,240,261,103,0,30,75,170,2
1,387,60,21,0,43,68,60,1
1,283,202,132,1,43,81,110,2
0,456,270,82,0,42,74,250,1
0,497,177,104,0,56,72,190,1
0,473,105,20,0,43,69,50,0
0,526,71,34,0,50,83,40,0
1,320,473,294,1,23,86,250,2
1,379,458,211,1,29,75,210,2
1,286,174,115,0,41,81,140,2
0,415,60,14,0,49,71,40,0
0,373,60,28,0,53,73,40,0
0,384,692,191,0,16,79,250,2
0,503,319,122,0,46,70,170,1
0,330,227,126,0,41,72,120,2
0,488,66,28,0,52,71,80,0
0,482,67,45,0,74,65,110,0
0,444,278,154,0,35,70,170,2
0,364,404,139,0,34,67,140,2
0,370,422,91,0,24,77,210,2
0,422,169,34,0,39,72,40,0
0,481,115,34,0,64,69,80,0
0,435,75,39,1,56,67,80,0
0,382,131,63,0,50,73,80,1
0,492,83,24,0,50,71,60,0
0,534,234,98,0,55,66,120,0
0,423,177,52,0,49,76,100,0
1,397,720,295,1,13,67,250,2
0,359,352,177,0,37,79,150,2
1,345,316,222,1,32,77,250,2
0,460,677,300,0,16,76,250,2
0,452,254,102,0,38,69,140,1
1,339,126,74,0,48,71,120,2
0,436,402,73,0,34,69,130,1
1,343,96,57,1,61,76,110,2
0,436,60,13,0,53,70,50,0
0,456,248,94,0,41,66,140,1
1,240,450,300,1,15,82,240,2
0,446,403,133,1,38,71,230,2
0,467,335,63,1,46,75,120,1
0,391,192,119,0,36,65,150,1
0,396,88,55,0,54,70,40,0
0,412,216,117,0,50,72,170,1
0,426,404,101,1,28,65,150,0
1,390,431,210,1,38,67,220,2
1,384,477,226,0,21,73,180,2
0,314,233,152,0,51,68,170,2
1,435,665,300,1,16,70,250,2
0,420,60,15,0,48,67,30,0
0,546,292,135,0,43,74,220,2
1,276,720,300,0,5,82,250,2
1,314,334,187,0,41,82,180,2
1,360,337,166,1,31,77,200,2
0,455,150,41,0,57,75,50,0
0,337,141,61,0,44,73,60,1
1,331,720,300,1,11,86,250,2
0,479,60,8,1,63,62,40,0
1,293,323,258,1,32,66,250,2
0,488,123,67,1,60,67,70,0
1,328,60,48,1,58,81,50,2
0,390,335,121,0,33,77,220,2
0,450,139,70,0,54,66,110,0
0,530,273,87,0,70,61,170,0
1,404,211,129,1,48,60,140,2
1,463,413,258,1,30,70,250,2
0,518,284,104,0,41,67,170,1
1,310,115,48,1,57,77,50,2
0,496,86,28,0,59,74,40,0
0,358,131,59,0,53,72,120,1
0,441,401,187,1,31,66,230,2
0,431,137,88,0,43,71,130,0
0,512,161,40,1,62,75,90,0
0,508,134,31,0,36,72,80,0
1,429,720,300,0,14,73,220,2
1,410,382,199,1,29,67,250,2
0,460,393,95,1,35,77,170,2
0,438,419,200,1,26,73,190,2
1,370,126,69,0,52,71,80,2
1,475,160,115,1,63,66,180,2
0,498,181,97,0,49,70,170,1
1,380,137,65,0,53,63,50,1
0,446,97,51,0,41,60,120,0
0,424,114,50,0,57,65,110,0
0,369,121,20,1,31,78,90,1
0,433,74,12,0,54,65,20,0
1,471,159,115,0,47,69,200,1
0,397,195,113,0,47,72,90,1
0,540,84,32,1,73,66,60,0
1,472,213,122,0,52,57,150,1
1,403,244,153,0,43,74,170,2
1,414,720,300,1,17,86,250,2
0,404,113,15,1,51,64,60,0
0,421,458,190,1,28,77,230,2
1,490,60,34,1,63,58,80,0
0,404,326,145,0,49,76,130,2
0,503,340,90,1,42,60,170,1
0,381,390,96,1,22,75,210,2
0,390,357,84,1,51,71,130,2
0,545,446,104,0,35,76,180,1
0,419,111,55,0,50,75,90,0
0,423,557,158,0,18,71,250,2
0,503,98,44,0,50,66,90,0
0,512,60,12,0,69,65,40,0
0,481,60,23,0,60,67,70,0
1,320,295,205,0,39,77,180,2
1,369,477,214,0,26,76,250,2
0,435,270,143,0,39,68,180,1
0,484,245,51,0,44,73,150,0
0,409,106,55,0,56,73,80,0
0,443,332,146,1,43,82,210,2
0,433,150,83,0,51,76,130,0
0,499,102,40,0,63,71,40,0
1,427,404,229,1,33,70,190,2
0,374,220,50,0,48,63,120,1
0,439,720,156,0,16,64,210,2
0,373,669,232,1,13,79,190,2
1,414,150,91,0,57,69,130,1
0,481,60,28,1,79,62,50,0
1,382,123,58,1,42,71,80,2
0,421,60,31,0,56,66,60,0
1,364,394,213,1,31,74,150,2
1,389,693,300,1,15,70,250,2
1,330,123,63,0,57,76,110,2
0,359,326,198,0,46,71,230,2
0,347,67,25,0,51,78,30,1
0,513,478,270,0,45,69,220,2
1,409,144,77,0,59,70,90,1
0,468,238,18,0,43,70,110,0
0,498,339,71,0,36,68,170,1
0,357,112,53,0,39,64,100,1
0,348,60,24,0,54,79,50,1
0,454,720,236,1,20,76,250,2
0,434,60,32,0,57,65,30,0
0,348,582,284,1,22,80,220,2
0,452,277,126,0,32,60,110,1
1,346,700,300,1,19,77,250,0
1,303,420,258,1,22,78,250,2
1,351,86,58,1,57,78,50,2
0,312,60,32,0,56,77,50,1
1,318,148,94,1,38,70,80,2
0,399,60,16,0,46,74,40,0
0,462,205,105,0,51,73,120,1
0,412,171,90,0,57,74,100,1
0,466,155,66,0,67,66,100,0
0,307,76,43,0,57,86,50,2
1,301,331,172,1,30,77,120,2
0,462,90,34,0,51,70,100,0
0,419,191,83,0,50,65,110,0
0,462,69,48,0,63,79,110,0
0,329,107,52,0,52,68,90,1
0,471,720,253,0,11,70,250,2
0,418,434,139,0,38,78,170,2
1,323,90,60,0,47,72,80,2
0,484,592,300,0,20,71,250,2
0,493,297,162,1,47,68,170,2
1,447,236,96,1,36,75,150,2
1,517,269,140,1,34,74,100,2
1,463,379,260,0,37,74,240,2
0,410,702,228,0,10,83,200,2
0,442,274,121,0,51,73,140,1
0,416,105,35,0,52,72,90,0
1,532,264,138,0,48,72,160,2
1,467,193,92,1,54,74,100,2
0,425,242,108,0,35,66,120,1
0,478,292,131,0,49,70,200,1
1,303,530,282,0,35,84,250,2
0,432,377,198,0,25,57,160,2
0,388,282,108,0,37,73,180,2
0,335,60,39,0,54,76,60,1
0,474,490,250,0,27,70,250,2
1,438,272,164,0,45,64,170,2
0,442,151,88,0,63,68,90,0
0,425,140,84,0,62,75,140,0
0,371,95,29,0,62,69,80,0
0,391,122,28,0,47,67,100,0
0,386,373,152,0,38,74,100,2
0,438,245,81,0,41,59,110,0
0,503,172,42,0,64,65,70,0
1,464,720,300,1,17,68,250,2
1,274,509,250,0,21,85,250,2
0,385,126,76,0,38,75,80,1
0,413,623,145,0,28,75,170,2
1,240,713,300,1,3,81,250,2
0,448,115,55,1,65,69,140,0
1,357,187,109,0,46,78,110,2
0,444,373,78,0,56,73,100,1
1,469,220,134,0,42,66,160,2
1,381,331,176,1,28,70,200,1
1,344,284,224,1,36,78,240,2
1,415,339,201,1,36,70,120,2
1,434,720,300,0,11,76,250,2
0,449,209,57,0,31,73,130,0
0,469,340,154,1,47,69,180,2
0,427,220,70,0,52,73,120,0
1,384,369,218,1,29,67,230,2
1,367,107,58,1,54,71,80,2
0,412,60,17,0,61,63,80,0
0,406,101,50,0,63,68,80,0
1,456,60,43,0,51,69,50,0
0,535,106,40,0,68,68,130,0
0,514,207,110,1,48,71,90,1
1,282,205,106,0,37,77,90,0
0,349,60,22,0,36,70,50,1
0,375,720,212,0,16,72,240,2
0,426,146,58,0,58,68,130,0
0,309,215,73,0,39,74,60,2
0,405,452,167,0,30,68,230,2
0,490,322,192,1,34,71,200,2
0,499,215,74,0,61,70,130,0
0,409,194,84,1,53,74,140,1
0,428,720,90,0,8,79,250,2
0,463,182,83,0,45,68,110,0
1,440,618,300,0,16,78,250,2
0,408,119,48,0,35,70,60,0
1,373,154,62,1,48,83,100,2
1,350,515,177,1,26,75,180,2
0,383,458,183,0,18,73,240,2
1,359,98,59,0,42,71,130,2
0,420,276,72,0,49,64,110,0
1,271,172,126,0,48,86,170,2
0,467,60,23,0,52,74,70,0
1,408,105,79,1,47,76,140,2
0,454,112,46,0,49,74,30,0
1,321,608,300,1,15,83,240,2
0,320,249,154,0,51,82,130,2
1,407,93,60,1,49,69,60,2
0,416,347,98,0,32,68,160,1
1,327,166,77,1,40,78,70,2
0,372,269,99,0,46,75,70,1
0,436,120,29,0,49,72,20,0
0,513,620,204,0,26,72,210,2
1,339,174,124,0,33,72,190,2
0,380,148,74,0,44,73,110,1
1,420,148,99,1,49,66,130,2
0,458,350,112,0,40,66,100,1
1,240,142,87,1,46,81,170,2
0,468,60,14,0,64,64,50,0
0,526,204,116,0,38,75,110,1
1,240,395,237,1,24,76,230,2
0,358,60,22,0,56,76,70,0
0,292,94,47,0,48,68,120,2
0,431,161,61,0,60,63,40,0
0,499,364,136,0,41,79,160,2
0,440,720,300,1,14,80,250,2
1,472,483,246,0,36,65,250,2
0,476,328,155,0,41,71,190,2
0,520,549,182,0,23,66,220,2
0,493,341,79,0,52,73,150,1
0,414,603,286,0,17,74,240,2
0,438,212,89,1,36,71,170,1
1,329,448,229,0,24,74,200,2
1,343,131,101,1,52,77,150,0
0,453,91,16,0,85,68,40,0
1,384,228,92,1,48,64,50,0
0,502,350,101,0,38,70,220,1
1,351,583,300,1,21,71,250,2
0,388,197,85,0,47,72,130,1
1,329,720,300,0,11,78,250,2
0,467,139,52,0,53,70,100,0
0,364,68,28,0,53,75,100,1
0,409,243,86,0,53,64,90,0
0,486,191,85,0,56,70,100,0
0,449,245,47,1,39,76,150,1
0,431,620,300,0,22,77,250,2
0,433,244,51,0,45,67,130,0
1,317,707,300,0,11,80,250,2
0,392,60,23,0,64,66,30,0
0,425,239,137,0,41,74,100,1
0,433,60,31,0,54,66,50,0
1,456,303,108,1,39,63,200,2
1,381,211,120,1,40,76,120,2
0,502,535,217,1,18,82,250,2
0,515,557,186,0,30,76,250,2
0,489,712,160,1,14,80,230,2
1,445,319,197,1,36,66,170,2
0,385,60,19,0,66,75,40,0
0,377,276,84,0,41,78,110,1
0,475,173,36,0,55,72,40,0
0,367,219,80,0,46,66,90,1
0,420,83,39,0,72,73,70,0
1,443,720,267,1,14,77,250,2
0,520,414,89,0,33,71,170,1
0,407,134,67,0,57,68,130,1
0,417,122,42,0,40,76,30,0
0,466,452,201,0,36,64,250,2
0,381,430,201,1,35,70,250,2
1,362,230,141,1,62,80,130,2
0,449,126,37,0,58,64,90,0
0,433,229,88,0,47,78,120,1
0,454,322,58,1,37,69,80,1
0,408,84,28,0,57,66,80,0
0,413,482,122,0,29,77,220,2
0,382,138,70,0,50,74,50,1
0,368,566,115,0,20,85,250,2
0,467,573,165,0,19,71,250,2
0,479,450,137,0,30,69,130,2
0,459,60,33,0,59,70,100,0
0,436,77,20,0,62,67,70,0
1,318,580,300,1,21,82,250,2
0,487,434,110,0,36,74,220,2
0,466,76,35,0,69,69,50,0
0,445,192,83,1,49,81,90,1
0,522,417,130,1,42,60,160,2
0,433,300,91,0,48,68,130,1
1,357,570,300,1,21,75,240,2
1,362,479,128,0,24,80,230,2
0,356,310,166,0,29,78,190,2
0,483,240,54,0,36,67,120,0
0,429,170,78,0,36,65,80,0
0,445,179,95,0,54,66,110,0
1,488,563,300,0,21,71,250,2
1,332,185,134,1,50,81,90,2
1,240,247,149,1,27,84,110,2
0,459,70,33,0,59,63,50,0
0,458,206,45,0,50,68,80,0
1,323,115,76,1,57,80,40,2
1,402,714,288,1,6,74,250,2
1,430,299,196,0,46,75,140,2
0,387,85,33,0,55,72,70,0
0,434,486,167,0,30,75,250,2
0,508,87,39,0,57,78,80,0
0,383,60,38,0,50,71,30,0
0,453,60,18,0,54,64,50,0
0,303,60,18,0,58,71,70,1
0,345,146,99,0,44,74,100,2
0,442,199,86,0,46,70,120,0
0,496,312,150,0,34,68,160,1
0,381,272,70,0,52,78,160,1
1,380,348,194,0,44,73,220,2
0,401,64,32,0,53,73,50,0
0,482,418,189,0,33,64,200,2
1,289,411,257,0,33,71,250,2
1,420,313,125,1,52,66,170,2
0,417,283,127,0,40,75,140,1
1,375,470,272,0,17,67,250,2
0,438,72,31,0,62,63,80,0
0,422,110,44,0,61,59,90,0
0,473,60,33,0,49,59,50,0
0,437,193,68,0,41,73,160,0
1,350,397,229,0,22,83,200,2
1,350,419,278,1,24,79,240,2
1,395,609,273,1,18,76,210,2
1,390,510,300,0,29,72,190,2
0,385,203,98,0,41,74,150,1
1,350,483,300,1,20,75,170,2
1,286,720,300,0,3,84,250,2
1,372,632,300,0,22,73,250,2
1,318,524,300,0,22,80,250,2
1,428,232,130,0,42,61,120,1
0,483,189,52,0,61,58,90,0
1,310,685,300,1,11,85,250,2
1,389,124,58,1,40,68,50,2
1,404,304,216,1,40,78,230,2
0,426,393,157,1,39,73,220,2
0,398,221,87,0,51,67,90,1
1,298,294,150,0,38,77,190,2
0,492,404,169,0,28,71,160,1
0,480,283,123,0,46,75,190,0
0,424,372,184,0,39,66,160,2
0,488,720,259,0,11,78,240,2
0,286,167,22,0,42,73,40,2
0,516,377,147,0,45,63,180,1
0,427,169,81,0,54,63,60,0
0,442,71,30,0,42,66,40,0
0,433,224,115,0,55,65,60,0
0,489,60,36,0,63,66,60,0
0,396,101,40,0,52,69,120,0
0,523,367,47,0,31,68,100,0
0,469,342,148,0,32,69,230,2
1,418,720,300,1,15,80,250,2
0,418,430,114,1,22,70,110,2
0,369,109,47,0,49,70,60,1
1,455,612,202,1,22,70,250,2
0,465,340,125,0,38,75,220,2
1,470,225,139,0,37,60,120,2
1,346,335,214,1,36,73,250,2
0,399,81,46,0,37,71,90,0
0,519,553,124,0,25,65,200,2
0,530,295,121,0,48,67,130,1
0,420,396,241,0,29,68,140,2
0,397,209,76,0,50,70,60,1
0,460,82,33,1,48,67,40,0
1,372,60,36,0,59,62,60,1
0,449,95,48,0,58,73,80,0
0,422,117,70,0,43,71,50,0
1,469,476,300,1,32,72,250,2
0,400,247,117,0,50,78,110,1
0,459,385,167,0,31,69,210,2
0,395,108,60,0,70,76,50,0
0,435,496,179,0,21,73,250,0
1,346,289,192,0,34,70,190,2
0,471,109,31,0,61,68,80,0
0,480,60,18,0,60,73,50,0
0,447,60,33,0,59,61,130,0
0,444,147,45,1,69,68,120,0
0,442,235,76,0,38,77,130,1
1,437,168,105,1,60,75,100,2
1,455,720,300,1,7,70,220,2
0,300,326,136,0,32,73,250,2
0,436,97,33,0,64,63,60,0
0,423,141,62,0,52,71,120,0
0,453,125,54,0,63,65,90,0
0,431,260,102,0,39,75,150,1
0,470,60,11,0,54,62,60,0
0,366,480,194,1,20,76,250,2
0,448,720,282,1,11,73,250,2
1,423,399,231,1,35,70,160,2
1,271,720,300,1,8,84,250,2
0,545,194,91,1,63,66,30,1
0,509,192,83,0,61,75,60,0
1,360,119,95,0,45,68,130,2
0,408,334,98,0,27,77,100,1
1,362,336,214,1,38,67,250,2
0,439,348,181,0,32,71,250,2
0,457,95,37,0,49,65,60,0
0,510,318,140,0,46,66,110,1
1,341,214,98,0,53,71,130,2
0,463,93,42,0,46,68,90,0
0,385,150,64,0,54,78,130,1
0,429,131,24,0,46,70,70,0
1,416,477,159,0,34,76,190,2
1,423,547,300,1,23,67,190,2
1,337,96,44,1,50,75,80,2
1,344,189,98,1,46,78,110,2
0,508,314,128,0,56,66,170,1
0,508,425,104,0,37,72,160,1
0,445,248,73,0,49,68,140,0
0,308,155,53,0,44,75,100,2
1,565,178,121,0,51,67,70,1
1,373,98,75,0,53,67,110,1
0,419,159,59,0,43,78,120,0
0,408,162,107,0,43,69,70,1
1,401,303,222,1,42,84,170,2
0,454,269,106,0,42,71,70,1
0,482,257,161,0,51,70,180,1
0,403,368,35,0,29,75,140,1
0,419,202,76,0,49,68,60,0
0,536,96,55,0,59,75,30,0
0,461,720,191,0,12,74,250,2
0,426,72,37,0,51,72,110,0
1,294,138,83,0,41,76,50,2
0,460,255,85,0,43,71,150,1
0,486,132,57,0,72,62,120,0
1,421,690,300,0,14,84,250,2
0,422,203,85,0,46,70,110,0
0,453,302,108,0,49,68,130,1
1,492,283,143,0,39,68,130,2
0,473,60,44,0,69,68,40,1
1,320,720,300,1,6,76,250,2
0,307,245,125,0,40,72,130,2
0,449,96,47,0,56,72,120,0
0,459,154,69,0,52,64,70,0
0,380,349,141,0,37,62,200,2
1,389,65,27,1,56,73,30,1
0,406,163,94,1,46,73,190,1
1,382,252,147,0,39,72,210,2
1,351,134,88,1,43,73,100,2
0,499,355,84,0,36,70,170,1
1,385,163,106,1,48,74,110,2
0,376,371,279,1,32,74,130,2
1,454,244,104,1,55,73,120,2
1,271,443,300,0,26,82,220,2
0,499,251,91,0,46,68,130,1
0,499,277,107,0,40,71,140,1
0,489,156,46,0,56,71,60,0
0,427,222,62,0,53,60,70,0
0,425,378,75,1,34,70,110,1
0,439,476,232,0,24,69,200,2
0,415,106,51,0,39,74,80,0
0,402,720,242,0,13,68,250,2
0,422,462,157,1,36,72,240,2
0,431,339,109,0,43,69,160,1
0,391,321,90,0,46,62,140,1
1,422,60,33,0,57,74,70,0
0,432,720,222,0,10,76,250,2
0,434,398,176,1,36,67,190,2
0,394,110,49,0,61,71,80,0
1,293,81,37,1,45,78,70,2
0,516,270,124,0,40,65,120,1
1,331,221,142,0,36,71,150,2
1,402,266,162,1,46,65,100,2
1,386,294,198,1,37,63,220,2
1,240,341,177,0,39,86,140,2
0,509,60,35,0,59,80,60,0
0,469,431,272,0,33,69,250,2
1,321,214,92,1,44,71,120,2
1,358,231,184,1,56,68,190,2
1,309,198,88,1,50,79,80,2
1,517,653,300,0,22,78,240,2
1,311,173,113,0,30,81,110,2
0,423,98,43,0,39,75,60,0
1,338,577,294,0,20,81,250,2
1,395,288,121,0,39,69,130,2
1,485,475,251,0,30,64,240,2
0,524,126,72,0,60,72,160,0
1,362,152,82,0,42,73,90,2
1,401,234,128,0,48,73,190,2
0,439,387,150,0,43,69,90,1
0,385,144,61,0,53,73,110,1
0,571,492,155,1,43,73,240,2
1,470,220,132,0,48,69,170,2
0,459,338,136,0,34,81,200,2
0,514,182,110,0,51,69,130,1
0,480,111,66,0,45,65,110,0
1,380,147,98,1,45,72,90,2
0,451,132,67,0,53,67,70,0
0,510,216,101,1,40,64,70,1
1,308,70,43,0,48,84,60,2
1,477,119,77,0,57,71,130,1
0,408,221,98,1,41,67,180,1
1,481,101,60,0,62,70,30,0
1,374,321,203,1,23,80,180,2
0,436,266,164,0,39,62,170,1
0,418,382,188,0,36,80,210,2
0,408,60,22,0,51,64,80,0
1,356,333,210,1,29,80,180,2
0,518,720,250,0,11,64,250,2
0,304,396,177,1,29,82,240,2
1,303,89,38,0,43,73,70,2
0,398,240,112,0,40,83,220,2
1,314,210,103,1,34,73,110,2
1,495,215,133,0,38,66,110,2
0,497,129,55,0,37,67,70,0
1,401,459,300,1,33,75,250,2
0,418,310,58,0,31,77,140,1
0,501,258,104,0,46,65,100,1
0,370,298,61,0,43,75,120,1
0,557,115,20,0,64,67,90,0
1,327,136,102,1,49,70,110,2
0,421,70,24,0,61,69,30,0
0,428,221,87,0,40,82,140,1
1,299,60,29,1,57,76,90,2
0,546,304,71,0,34,66,110,0
1,430,720,300,0,13,77,250,2
0,480,213,122,0,46,73,60,1
1,274,407,300,1,24,77,250,2
0,444,111,30,0,65,70,50,0
0,461,141,37,0,51,59,60,0
0,433,143,79,0,46,63,120,0
0,391,208,90,0,38,71,140,1
1,435,356,284,1,38,68,190,2
0,426,402,171,0,28,71,230,2
0,402,211,55,0,53,71,100,0
0,357,515,181,1,29,73,250,2
1,402,276,209,0,45,73,120,2
1,546,96,60,0,54,68,90,1
0,399,258,68,0,32,74,140,1
0,458,273,94,0,46,67,160,1
0,490,62,25,0,59,72,70,0
0,371,467,196,0,24,76,180,2
0,411,297,145,0,42,62,220,2
0,376,302,184,0,34,75,240,2
0,499,471,157,0,36,72,190,2
1,467,146,91,0,53,64,60,1
0,442,393,151,0,35,78,150,2
1,316,67,41,1,62,71,30,2
0,427,246,92,1,46,64,100,1
1,315,192,143,0,50,68,70,2
0,371,60,26,1,49,75,50,1
0,429,289,98,0,31,72,80,0
1,415,509,273,0,26,65,240,2
0,474,106,43,0,48,72,140,0
0,434,196,45,0,52,73,60,0
0,437,280,74,0,42,69,110,0
1,369,60,32,1,52,75,40,1
0,355,249,143,1,39,67,200,2
1,386,122,69,1,62,67,60,2
0,405,80,25,0,70,70,50,0
0,367,307,133,0,46,86,200,2
0,468,89,30,0,49,73,110,0
0,404,396,189,0,27,72,210,2
0,446,162,86,0,50,64,150,0
1,434,202,146,0,52,67,140,2
0,387,346,157,0,35,79,240,2
0,439,200,78,0,51,75,80,0
1,248,351,225,0,19,88,200,2
1,482,105,58,1,58,67,70,1
1,279,720,300,0,10,79,250,2
1,323,720,300,0,6,73,190,2
0,516,248,55,0,37,74,90,0
1,373,258,153,1,46,79,180,2
0,375,266,68,0,31,72,130,1
0,485,60,14,0,61,64,20,0
1,438,443,248,1,37,64,250,2
1,330,60,35,1,53,79,70,2
1,338,246,144,0,44,70,170,2
0,413,69,20,1,52,65,110,0
0,409,250,100,0,40,63,110,1
0,340,120,45,0,45,77,50,1
1,347,84,46,0,50,88,110,2
0,539,482,144,1,36,75,160,2
1,312,720,300,1,7,72,250,2
0,390,145,87,0,56,67,90,1
1,292,422,275,1,17,69,250,2
1,417,166,102,1,55,76,90,2
0,495,125,48,0,55,66,100,0
0,509,607,185,0,27,73,190,2
1,287,477,245,1,27,79,250,2
0,459,302,103,0,48,75,140,1
1,460,158,86,1,49,70,120,2
0,475,103,39,0,59,73,70,0
0,443,459,224,0,37,72,250,2
1,326,255,204,1,47,70,190,2
0,461,343,84,1,47,72,170,1
1,461,149,89,1,55,70,90,1
0,436,60,33,0,83,65,70,0
1,272,214,157,0,35,76,160,2
0,412,583,228,1,22,82,250,0
0,495,267,149,0,50,79,170,1
0,451,265,83,0,45,66,100,0
1,383,231,151,0,37,66,160,2
0,422,222,57,0,48,71,90,0
1,458,338,198,0,34,73,170,2
0,533,286,92,0,40,74,140,1
1,478,112,54,1,57,67,100,1
1,475,717,300,1,20,83,250,2
0,417,303,79,0,44,79,230,1
0,409,219,105,0,39,79,130,1
0,427,355,92,1,43,64,110,1
0,436,411,217,0,37,60,200,2
0,521,426,123,0,26,67,180,0
1,456,591,300,1,19,75,250,2
0,446,100,28,0,56,73,30,0
1,274,306,182,1,40,76,170,2
1,256,635,300,1,14,83,250,2
0,447,163,52,0,56,76,80,0
0,464,272,157,0,50,76,180,2
0,446,140,34,0,46,63,100,0
1,509,167,87,1,44,69,120,2
0,380,241,88,0,42,66,120,1
0,374,501,243,1,26,58,230,2
1,343,550,288,1,24,77,230,2
0,399,225,97,0,38,63,150,1
1,426,546,300,0,19,67,250,2
0,413,259,98,0,42,61,160,1
0,357,105,51,1,42,79,40,0
1,452,303,161,1,41,73,210,0
0,332,60,34,1,53,86,110,2
1,315,480,206,0,26,83,250,0
0,338,330,167,0,32,72,180,2
1,389,720,300,1,8,80,250,1
0,459,189,87,0,48,70,130,0
0,545,120,47,0,61,69,80,0
0,465,223,133,0,52,66,210,1
0,522,71,11,0,68,71,50,0
0,464,60,16,0,53,67,110,0
0,386,320,145,0,45,69,150,2
0,441,221,61,0,49,69,110,0
0,464,288,126,0,47,73,130,1
0,485,66,17,0,68,62,30,0
0,426,720,195,0,15,75,250,2
0,474,63,19,0,54,62,30,0
1,324,720,300,1,5,76,250,2
0,382,501,237,0,29,71,250,2
0,379,392,114,0,26,78,120,1
0,451,365,143,0,36,73,180,2
1,292,436,289,0,23,83,250,2
0,413,75,28,0,54,74,40,0
1,423,141,112,0,58,79,40,1
0,368,118,39,0,51,64,50,0
0,394,173,89,0,52,68,90,1
1,395,278,123,1,42,64,120,2
0,462,212,41,0,40,73,70,0
0,410,75,18,0,53,71,50,0
1,445,720,300,1,11,70,250,2
0,464,249,112,0,51,71,170,1
1,454,720,300,1,9,80,230,2
0,415,60,33,0,47,62,60,0
1,324,88,59,1,49,74,50,2
1,327,647,300,1,12,79,250,2
0,450,144,72,0,46,65,90,0
1,348,716,300,1,4,73,250,2
0,421,441,126,1,25,71,150,2
0,412,186,78,0,51,71,140,1
0,415,101,27,0,51,75,50,0
0,444,90,54,0,53,71,70,0
1,276,188,107,1,45,81,100,2
0,450,210,75,0,42,75,130,1
1,422,492,300,1,20,80,150,2
0,405,87,35,0,55,70,50,0
0,516,79,37,0,46,61,70,0
0,450,110,56,0,60,76,70,0
0,356,720,300,0,9,88,250,2
1,355,214,98,1,53,72,130,2
1,379,420,300,1,39,82,250,2
1,391,539,300,0,24,77,250,2
1,371,181,111,1,48,75,140,2
0,384,292,174,0,33,74,180,2
0,380,289,139,0,42,65,130,2
1,314,122,97,0,51,75,90,2
0,422,161,62,0,46,78,130,0
0,378,292,135,1,47,76,180,2
0,398,174,87,0,45,71,110,1
0,482,501,88,1,29,64,160,0
0,517,61,23,0,52,74,80,0
1,427,714,300,1,9,74,250,2
0,500,185,70,0,54,70,220,1
0,468,126,68,0,57,67,80,0
0,476,314,120,0,45,74,190,1
1,351,265,155,0,43,79,150,2
1,384,356,165,0,39,74,210,2
1,360,651,291,1,15,83,250,2
0,439,309,144,0,40,76,160,1
1,379,631,300,1,15,77,250,2
1,424,243,137,0,42,69,110,2
1,419,469,245,1,21,71,250,2
1,363,720,300,0,8,67,250,2
0,437,60,23,0,44,65,40,0
0,471,325,52,0,38,70,140,0
0,468,344,156,0,44,72,200,2
0,374,623,300,1,12,76,250,2
1,284,372,297,1,28,83,170,0
1,437,410,257,0,34,73,250,2
1,370,193,123,0,44,69,190,2
0,428,556,300,1,28,68,250,2
0,421,318,127,1,34,74,140,2
0,406,93,48,0,53,64,60,0
0,462,104,26,0,55,68,40,0
0,394,201,81,0,45,74,80,1
0,436,211,90,0,48,65,130,0
0,432,155,63,1,52,67,60,0
1,402,321,214,1,32,72,160,2
0,446,165,82,0,49,71,50,0
1,411,320,169,1,40,73,130,2
0,406,403,94,0,32,72,150,1
0,402,378,118,0,43,71,180,2
1,546,87,58,0,55,67,50,0
1,368,720,300,0,10,82,250,2
0,425,265,136,0,40,66,140,1
0,483,103,13,0,55,74,100,0
0,514,222,66,0,45,70,120,0
1,351,208,108,0,44,73,110,2
1,305,185,82,0,50,76,80,2
0,372,165,53,0,45,68,140,1
0,529,515,127,0,32,76,160,2
1,317,240,144,0,42,78,150,2
0,448,393,169,1,28,69,180,0
1,291,720,300,0,6,83,250,2
0,362,720,300,0,8,74,220,2
0,420,170,91,0,43,65,100,0
0,403,89,33,0,59,71,80,0
0,400,279,132,0,34,71,140,2
0,520,252,111,1,41,70,110,2
1,389,575,300,1,21,79,220,2
1,440,447,236,1,28,75,200,2
1,447,120,70,0,48,74,100,1
0,444,60,16,0,50,65,50,1
0,428,545,196,0,28,71,250,2
0,462,449,52,0,35,75,100,1
1,401,161,88,0,47,76,110,1
0,421,102,21,0,54,69,40,0
0,441,652,213,0,23,66,240,2
0,384,331,220,0,35,76,150,2
0,426,166,102,0,52,73,90,0
0,403,83,32,0,63,69,20,0
1,286,259,149,0,44,79,180,2
1,240,240,117,0,42,73,150,2
1,309,507,300,1,17,83,250,2
1,516,442,200,0,35,73,250,2
1,353,194,100,0,48,70,110,2
0,473,336,144,0,36,78,140,2
0,313,87,44,1,61,66,50,2
1,319,224,131,0,30,77,100,2
0,382,214,49,0,43,78,130,1
0,409,335,160,1,34,82,140,2
0,571,135,50,0,54,64,100,0
0,458,368,144,0,49,71,170,1
0,519,648,150,1,13,73,250,2
0,407,111,73,1,58,69,110,1
0,488,312,153,0,43,71,130,1
1,505,630,300,1,14,75,180,2
0,444,720,300,0,14,84,250,2
1,322,405,300,1,21,83,220,2
0,369,184,91,0,60,64,130,1
0,419,554,161,0,25,68,250,2
0,454,409,178,0,39,74,230,2
0,536,322,71,1,43,65,170,1
1,269,413,294,1,30,74,190,2
1,364,720,300,1,7,75,250,2
1,247,214,113,1,32,84,130,2
1,360,710,300,1,8,82,250,2
0,450,296,136,0,44,66,130,1
0,445,379,219,0,40,61,240,2
0,464,127,49,0,58,74,100,0
0,454,73,27,0,61,72,40,0
0,479,720,277,0,11,74,200,2
0,437,60,29,0,55,68,40,0
0,382,118,48,0,50,71,100,0
0,327,60,24,0,56,74,50,1
0,407,426,98,0,34,69,150,1
1,365,147,97,1,52,78,130,2
0,497,270,134,0,47,60,150,1
1,382,164,78,0,52,77,60,1
1,346,95,70,1,62,68,70,2
0,454,636,300,0,11,64,250,2
0,421,340,204,0,44,72,200,2
0,475,157,56,0,64,71,120,0
1,513,364,215,1,50,68,230,2
1,528,112,72,0,53,72,110,1
0,439,720,200,1,6,64,250,2
0,466,137,11,0,45,76,90,0
1,485,590,275,0,24,66,180,2
0,442,68,18,0,58,73,100,0
1,422,397,209,1,33,71,210,2
0,393,358,78,0,42,72,100,1
0,419,205,83,1,53,61,80,1
1,440,505,300,1,24,81,210,2
1,309,225,140,1,33,83,190,2
1,366,190,83,1,50,68,160,2
0,356,213,93,0,37,81,90,2
0,550,89,36,0,55,67,70,0
1,463,123,66,0,48,68,90,1
0,429,92,42,0,57,62,40,0
0,475,685,261,1,11,72,250,2
1,402,306,215,1,57,70,240,2
0,489,653,296,0,20,69,250,2
0,394,144,70,0,42,75,160,1
1,441,216,139,1,51,77,150,2
1,450,720,300,0,8,77,250,2
0,510,138,25,0,68,60,60,0
0,337,210,26,0,49,66,110,1
1,318,94,63,1,35,77,120,2
1,288,698,300,1,9,85,250,2
1,385,318,205,0,38,71,210,2
0,349,578,214,1,20,77,190,2
0,317,243,127,0,35,76,120,2
0,543,194,61,0,45,69,60,0
1,418,431,203,1,29,74,220,2
1,383,720,300,0,11,77,250,2
0,468,270,103,0,42,75,140,1
0,442,177,90,0,49,64,90,0
0,484,60,22,0,63,60,50,0
1,345,529,259,0,32,75,250,2
1,403,360,209,0,37,69,170,2
0,461,711,214,0,20,69,230,2
0,397,79,19,0,49,66,20,1
0,498,301,95,1,38,76,80,1
0,397,60,34,0,54,70,90,0
1,461,298,140,1,35,83,240,2
1,398,720,300,0,12,73,250,2
0,516,555,246,0,27,68,250,2
0,367,232,99,0,46,77,90,2
1,299,469,254,1,21,88,250,2
0,389,399,161,0,25,71,180,2
0,441,200,70,0,60,73,90,0
1,497,329,211,1,41,64,160,2
1,501,122,67,1,49,68,110,1
1,240,365,223,1,32,75,230,2
0,447,74,39,0,62,71,40,0
0,274,155,63,0,41,77,150,2
0,474,419,212,0,23,69,240,2
0,490,276,82,0,37,76,130,1
1,387,196,85,1,54,65,120,2
0,439,148,45,0,56,79,60,0
1,395,428,235,1,34,75,250,2
0,410,390,56,0,34,77,130,1
0,456,97,41,0,57,75,140,0
1,343,714,300,0,12,82,250,2
0,466,173,88,1,54,60,90,1
0,429,95,37,0,46,62,140,0
0,406,141,50,1,61,64,30,0
0,373,593,300,1,18,73,220,2
0,326,265,186,0,33,83,230,2
0,500,430,207,0,37,64,140,2
1,342,452,255,1,25,71,220,2
1,398,159,98,0,44,68,80,1
0,524,503,181,0,23,73,250,2
0,391,70,29,0,44,74,90,0
0,418,278,29,0,41,65,90,0
0,428,65,24,0,52,77,50,0
0,421,122,64,0,42,73,70,0
1,522,294,164,1,50,71,170,2
0,513,84,34,0,54,70,80,0
1,418,181,96,1,49,62,120,2
1,461,362,235,0,42,70,180,2
1,377,253,149,1,40,73,250,2
0,449,720,164,1,14,77,250,2
0,434,414,103,0,43,74,170,1
1,284,586,300,1,15,87,250,2
0,510,523,135,1,19,74,200,2
1,427,528,183,0,21,66,160,2
0,435,121,59,0,34,77,80,0
0,419,291,179,0,45,78,140,2
1,284,309,123,1,29,81,130,2
1,321,128,22,0,42,84,90,2
1,398,500,300,1,21,75,250,2
1,337,460,256,1,23,74,240,0
0,409,295,118,0,34,69,140,1
0,444,239,69,0,39,64,70,0
1,327,643,300,1,14,77,250,2
0,401,108,25,0,47,65,90,0
1,277,85,43,1,53,89,30,2
0,427,231,89,0,39,66,200,1
0,465,141,46,1,54,75,110,0
0,352,106,25,0,52,65,100,1
0,433,179,95,0,37,69,120,1
1,394,526,300,1,26,72,250,2
1,305,60,31,1,62,72,60,2
0,491,126,68,0,66,68,50,0
0,430,720,153,0,16,78,250,2
0,444,75,22,0,57,77,30,0
0,426,133,61,0,46,71,170,1
0,346,486,216,1,24,75,220,2
0,500,227,58,0,54,64,110,0
0,372,203,118,0,46,72,120,2
0,438,194,58,0,38,64,120,0
0,449,411,183,0,36,70,150,2
0,523,151,70,0,57,81,90,0
0,381,226,64,0,37,82,170,1
0,397,300,161,0,27,75,240,1
0,519,131,57,0,62,73,110,2
1,392,81,42,0,58,67,100,1
0,468,60,33,0,55,65,70,0
1,286,459,300,1,23,75,250,2
0,416,81,28,0,50,69,70,0
1,363,462,290,0,25,80,250,2
0,407,333,75,0,36,66,150,1
1,257,122,63,1,32,82,60,2
0,424,289,53,0,42,75,90,0
1,484,720,300,1,23,73,250,2
0,452,408,112,1,37,67,250,2
0,503,720,188,0,21,75,250,2
1,387,224,157,1,49,72,170,2
0,411,300,110,0,33,75,150,1
1,479,186,99,1,50,75,160,2
0,445,609,203,0,18,67,240,2
0,498,204,52,0,51,72,110,0
1,315,134,94,1,49,78,100,2
0,501,298,100,0,32,74,170,1
0,473,106,47,0,54,72,110,0
1,380,397,300,1,28,72,200,2
1,318,311,212,0,31,71,160,2
1,371,551,300,0,25,67,250,2
0,465,60,24,0,54,74,30,0
0,446,216,102,0,46,70,130,1
0,465,101,45,1,57,71,70,0
0,485,441,144,0,32,72,170,2
1,344,720,261,1,2,77,250,2
0,392,153,55,0,48,76,90,1
0,433,287,134,0,40,69,110,1
0,403,75,19,0,52,74,40,0
1,430,429,280,1,20,72,170,2
1,284,138,95,1,47,66,150,2
1,431,390,289,1,33,68,250,2
0,517,371,93,0,44,76,100,1
1,375,720,300,1,8,71,250,2
0,438,60,30,0,62,72,90,0
0,381,236,85,0,37,74,140,1
0,392,60,24,1,53,71,20,0
0,414,196,79,0,60,70,100,2
0,522,228,54,0,43,73,140,0
1,369,300,212,1,33,75,240,2
0,383,62,12,0,58,65,90,0
0,447,204,103,0,52,75,100,1
1,417,280,128,0,41,80,160,2
1,373,60,33,0,54,65,70,1
1,477,60,44,1,48,67,40,1
0,473,239,94,0,37,79,80,1
0,382,418,168,0,30,71,200,2
0,407,230,109,1,39,74,130,2
0,446,252,114,0,41,70,130,1
0,336,91,44,0,58,80,110,1
0,436,149,94,0,57,68,70,0
0,361,66,20,1,54,64,40,1
0,471,240,133,0,43,73,170,1
0,480,92,45,0,54,75,40,0
0,475,72,4,1,53,71,30,0
0,416,245,55,0,48,66,120,0
0,458,529,127,0,20,71,250,2
0,394,184,104,0,52,72,190,1
0,383,440,252,0,27,77,250,2
0,418,139,29,0,44,74,70,0
0,484,299,77,0,34,70,130,1
1,378,271,192,0,41,75,160,2
1,491,588,191,1,20,69,200,2
0,473,276,120,0,41,79,100,1
1,421,168,108,0,29,62,130,1
0,369,720,254,0,12,85,250,2
0,405,60,23,1,54,62,50,0
1,315,403,199,1,37,74,200,2
0,425,93,26,1,39,63,60,0
1,326,319,226,0,27,79,190,2
0,416,87,25,0,51,72,40,0
0,503,238,72,0,46,67,80,0
0,473,289,147,0,46,63,170,1
0,470,258,158,0,40,75,180,2
0,369,60,7,0,66,69,60,0
0,422,108,50,0,48,70,60,0
0,468,287,145,0,37,66,200,1
1,495,478,229,1,39,74,250,2
1,281,720,300,1,9,79,250,2
0,417,131,60,0,51,71,60,0
0,471,543,300,0,28,68,250,2
1,346,486,300,1,25,78,250,2
0,389,490,232,1,30,72,250,2
0,357,102,38,0,58,63,50,0
0,402,322,147,1,32,74,120,2
1,241,332,245,1,29,84,210,2
0,422,113,56,0,46,65,90,0
0,494,525,143,0,32,78,230,2
0,386,232,49,1,36,67,150,1
0,462,409,158,0,43,73,250,2
0,492,71,15,0,59,77,70,0
0,419,194,60,0,42,80,130,0
0,354,373,113,1,32,69,70,2
0,469,146,46,0,62,72,50,0
0,432,184,51,0,41,68,100,0
1,349,277,171,0,32,70,190,2
1,336,317,130,1,36,76,190,2
0,439,84,26,0,57,74,50,0
0,475,454,213,0,31,71,250,2
0,539,125,54,0,50,62,60,0
0,425,254,124,0,39,64,150,1
1,495,402,291,1,33,75,220,2
0,467,113,37,0,60,71,40,0
1,383,471,249,1,33,76,250,2
1,400,214,86,1,45,65,120,2
1,289,244,151,1,44,73,170,2
0,435,60,40,0,58,66,70,0
0,335,373,104,0,44,68,130,2
0,376,60,28,0,47,73,50,0
1,382,604,291,0,25,70,180,2
1,458,306,233,1,44,69,170,2
0,506,227,64,0,57,65,120,1
0,438,166,38,1,40,65,70,0
0,442,60,17,0,60,62,80,0
0,484,462,120,0,32,67,160,1
0,383,123,38,0,54,73,60,0
0,455,548,200,1,28,67,240,2
0,393,649,282,0,15,75,250,2
1,347,428,300,1,22,82,250,2
0,412,177,41,0,38,71,90,0
0,441,60,31,0,49,63,100,0
0,462,344,106,0,34,68,130,1
1,437,720,300,1,11,79,250,2
0,452,208,90,0,53,69,170,1
1,372,286,192,1,50,68,170,2
0,527,283,150,0,43,67,180,1
1,268,182,83,1,44,85,140,2
1,493,65,31,1,55,74,70,1
0,420,251,106,0,44,70,140,1
1,429,89,63,0,57,68,80,0
0,433,221,45,0,38,73,70,0
0,414,146,42,0,54,66,40,0
0,444,120,74,0,61,73,70,0
0,502,194,75,0,52,70,70,0
1,423,523,293,0,21,67,240,2
1,337,211,111,1,47,79,90,2
0,600,218,86,0,51,65,150,0
0,494,77,31,0,65,59,30,0
0,496,117,47,0,58,74,70,0
1,335,426,292,1,20,81,240,2
0,388,106,67,0,51,68,90,0
1,340,116,80,1,38,84,90,2
0,489,218,90,0,42,75,110,1
0,385,188,72,0,43,61,80,1
1,315,720,300,1,5,75,240,2
0,476,328,96,0,46,76,130,1
0,465,102,30,0,58,80,80,0
0,396,60,14,0,55,70,40,0
0,380,189,70,0,49,76,100,1
1,475,588,300,1,25,69,250,2
0,467,225,26,0,62,71,70,0
0,366,194,72,0,41,71,160,1
0,370,61,20,1,52,64,50,1
0,416,118,51,0,59,68,130,0
1,426,60,39,1,54,84,110,1
1,431,504,259,0,31,69,240,2
1,439,338,168,1,44,71,160,2
0,360,205,40,0,41,76,100,1
0,461,115,3,0,67,67,50,0
0,521,90,25,0,58,65,130,0
1,468,386,168,1,42,72,170,2
0,437,188,49,0,58,71,60,0
0,552,328,101,1,44,71,130,1
1,432,422,182,1,35,68,240,2
0,472,247,121,1,44,69,90,1
0,437,238,95,1,50,66,70,1
0,395,415,168,0,31,76,160,2
0,391,143,68,0,48,73,140,1
0,459,283,76,0,45,71,100,0
0,424,295,140,0,41,65,120,1
0,346,199,72,0,46,67,110,1
0,368,60,27,0,62,70,100,0
1,352,454,246,1,31,64,250,2
0,471,116,45,0,45,72,70,0
1,373,142,94,1,51,71,90,2
0,416,60,33,0,46,66,20,0
0,370,268,150,0,26,67,180,2
1,376,335,211,1,38,73,200,2
0,500,71,20,0,53,71,70,0
0,442,81,54,0,53,76,90,0
1,269,307,143,1,36,76,200,2
0,387,86,26,0,51,78,50,0
0,464,210,146,0,42,71,170,1
0,438,453,175,0,29,73,250,2
1,354,598,300,0,15,86,250,2
1,332,538,300,0,26,79,250,2
0,445,424,220,0,23,74,250,2
0,419,220,70,0,39,68,80,0
0,425,708,298,0,11,67,250,2
0,392,618,224,0,13,77,250,2
0,496,276,76,0,43,72,240,1
0,423,141,56,0,55,68,80,0
0,480,182,67,0,40,69,110,0
0,375,60,29,1,48,65,50,1
1,496,228,120,1,50,67,190,1
0,498,60,26,0,49,74,20,0
0,354,434,118,0,25,75,220,2
0,409,60,22,0,45,64,20,0
1,408,445,221,1,40,72,250,2
1,267,195,136,0,44,89,120,2
1,365,572,238,1,28,85,250,2
0,456,155,72,0,50,64,120,0
1,362,461,300,0,22,69,250,2
0,476,329,149,0,42,67,180,1
0,385,108,63,0,59,68,60,0
0,322,237,108,0,40,74,90,2
1,458,533,300,0,22,64,250,2
1,443,573,300,0,14,75,240,2
1,565,60,28,1,58,65,40,0
1,240,72,57,1,49,79,60,2
0,487,374,106,1,36,69,200,2
0,336,133,40,0,61,70,60,1
0,537,248,36,0,46,63,100,0
1,409,60,30,0,78,65,60,0
0,387,712,300,0,11,69,250,2
1,429,131,77,1,53,63,90,1
0,407,243,78,0,35,65,150,1
0,435,79,38,1,47,71,60,0
0,460,522,173,0,20,63,250,2
0,522,361,77,0,31,77,120,1
1,517,707,290,1,14,78,250,2
0,390,223,78,0,37,82,120,1
0,487,333,181,0,49,64,250,2
0,452,128,49,0,50,69,60,0
0,364,463,177,1,24,73,160,2
0,415,211,59,0,62,64,130,1
0,566,102,19,0,59,64,110,0
1,415,317,174,1,41,77,160,2
0,484,149,86,0,56,73,140,0
0,439,226,53,0,50,66,120,0
0,423,101,39,0,51,71,40,0
0,421,277,135,0,33,74,220,2
0,406,82,34,0,58,62,80,0
0,360,236,115,0,43,72,150,2
0,384,272,64,0,34,77,150,1
1,439,476,170,1,28,58,250,2
0,415,279,160,0,35,69,110,1
1,361,115,75,0,43,73,40,2
1,406,559,300,1,16,71,250,2
0,465,80,23,0,73,64,120,0
0,492,60,8,0,54,71,30,0
0,380,200,93,0,52,71,80,1
0,478,167,56,0,53,57,180,0
1,427,474,248,1,25,70,250,2
1,444,720,300,1,12,65,250,2
0,364,310,152,0,38,74,210,2
0,447,89,28,0,48,65,50,0
0,505,79,48,0,62,71,50,0
0,430,94,39,0,52,57,70,0
1,393,447,300,0,35,71,250,2
0,474,184,60,0,36,71,110,0
0,383,250,77,0,38,64,110,1
1,503,113,83,0,50,72,70,1
0,444,199,107,0,50,73,80,1
0,445,112,66,0,67,69,130,0
0,366,671,169,0,11,72,220,2
0,459,60,33,0,58,59,80,0
1,395,79,52,1,67,65,60,1
1,488,262,174,1,36,72,90,2
0,434,185,29,0,39,78,60,0
1,290,623,300,1,15,82,250,2
0,385,103,40,0,63,60,20,0
1,354,720,300,0,8,76,220,2
1,281,250,119,0,39,79,140,2
0,514,113,39,1,41,62,60,0
1,482,247,138,0,52,67,110,0
0,425,300,67,0,55,73,110,0
0,415,270,97,1,48,71,140,1
1,247,720,300,1,8,77,250,2
1,438,93,42,1,55,72,40,1
1,475,195,116,1,57,68,180,2
0,418,720,188,0,16,79,230,2
0,444,129,53,0,56,61,90,1
0,471,487,90,1,35,68,140,2
1,495,60,39,1,64,59,100,1
0,429,84,45,0,62,64,60,0
1,388,427,255,0,28,78,250,2
0,428,218,100,0,46,75,80,1
0,378,290,113,0,47,82,120,2
0,362,262,74,0,54,68,150,1
1,318,640,300,1,9,88,250,2
0,485,184,45,0,44,76,90,0
1,366,720,300,0,12,74,250,2
0,408,201,95,0,48,71,150,1
0,407,185,66,0,44,68,130,0
1,365,60,34,0,45,77,80,1
1,494,716,300,0,21,65,250,2
1,379,86,31,0,43,68,60,1
0,395,371,137,0,28,74,140,2
0,451,366,109,0,37,72,200,1
0,507,399,131,0,27,72,210,2
0,409,60,29,0,49,64,80,0
1,307,720,300,1,7,74,200,2
0,394,109,80,0,48,69,50,0
0,441,113,23,0,45,60,50,0
0,484,86,35,0,52,74,70,0
0,485,167,56,0,39,75,90,0
0,397,282,81,0,33,75,140,1
0,372,222,89,0,56,71,120,1
0,403,100,56,0,46,69,100,0
0,454,87,21,0,59,60,70,0
1,286,720,300,1,8,84,250,2
0,404,240,41,0,41,72,120,0
0,405,283,96,0,44,79,190,1
1,455,666,300,1,17,73,250,2
1,411,418,185,1,36,70,230,2
1,438,191,124,1,53,65,170,2
1,483,128,69,0,55,71,60,1
0,419,316,153,0,46,73,190,2
1,276,409,300,1,30,85,190,2
0,360,217,102,0,43,78,220,2
0,358,245,78,0,50,70,80,1
1,357,354,140,0,33,67,160,2
0,430,93,28,0,52,74,10,0
1,415,60,42,0,52,67,60,0
1,391,696,300,1,13,73,250,2
0,410,547,248,0,27,71,230,2
1,381,539,299,1,24,84,250,2
0,383,64,23,0,61,73,30,0
0,486,200,14,0,54,73,100,0
1,319,158,95,1,37,83,100,2
0,393,185,46,0,47,73,90,0
1,432,125,61,0,46,67,60,0
0,478,263,98,0,43,64,170,1
0,348,357,178,0,32,73,140,2
1,419,376,225,1,31,73,240,2
0,412,168,51,0,48,73,80,0
0,401,187,91,0,40,70,130,1
0,444,60,30,0,63,65,60,0
1,431,625,300,1,30,70,250,2
0,457,306,144,1,51,67,230,2
1,386,476,220,0,27,79,220,2
0,413,454,200,0,32,77,230,2
0,455,257,125,0,52,71,190,1
1,381,271,198,1,39,70,210,2
0,525,144,49,0,61,69,90,0
0,449,125,57,0,56,74,90,0
1,295,370,231,1,34,78,190,2
1,341,148,82,0,50,75,140,2
0,422,87,55,0,68,70,70,0
0,499,71,22,0,49,70,30,0
1,473,144,92,1,50,72,120,2
1,332,253,202,1,44,68,170,2
1,309,720,300,1,10,77,250,2
0,381,68,37,0,66,76,30,0
1,392,694,300,0,11,74,250,2
0,535,92,49,0,66,72,60,0
0,446,323,143,1,44,68,200,2
0,355,154,31,0,53,75,60,1
0,398,249,84,0,37,67,160,1
0,403,255,106,0,38,72,170,1
0,393,171,85,0,43,64,80,1
0,430,201,90,0,45,77,80,0
1,400,720,300,1,9,78,250,2
0,469,215,110,1,36,75,130,1
0,489,154,64,0,43,68,80,0
0,476,720,230,1,7,74,250,2
0,352,720,194,1,8,76,250,2
0,367,720,300,0,14,62,250,2
0,427,60,20,1,49,66,50,0
1,400,60,26,1,42,70,50,1
1,435,396,210,1,33,72,190,2
1,378,720,300,1,7,74,250,2
0,452,240,102,0,44,73,150,1
0,446,494,160,0,24,69,250,2
0,422,519,161,0,25,77,230,2
1,381,183,106,1,36,75,160,2
0,491,174,54,0,50,70,90,0
0,430,60,17,0,52,64,10,0
0,418,60,27,0,53,73,40,0
0,433,92,39,0,54,74,50,0
1,480,95,49,0,54,74,100,1
1,312,436,204,0,21,77,250,2
1,499,82,44,0,45,71,90,0
0,376,423,194,1,32,74,230,2
1,344,720,300,1,12,67,250,2
0,472,498,207,0,31,75,230,0
1,462,579,256,1,30,70,250,2
0,364,60,31,1,55,72,40,1
0,380,380,102,0,26,69,150,2
1,394,653,300,1,20,65,250,2
0,552,89,26,0,56,72,50,0
1,477,613,300,1,14,77,250,2
1,357,429,228,1,34,73,190,2
0,329,183,56,0,35,77,140,2
0,424,214,118,0,60,62,120,1
0,468,590,251,0,14,73,240,2
1,333,164,118,0,42,76,120,2
0,392,115,48,0,38,79,90,1
0,442,264,116,0,51,70,190,1
0,387,151,25,0,50,65,90,0
0,513,60,30,0,54,78,30,0
1,496,720,280,0,8,76,250,2
0,482,328,77,0,40,73,150,1
0,439,60,23,0,68,67,60,0
1,343,645,300,1,10,70,250,2
0,448,400,49,0,31,72,160,1
0,501,197,103,0,52,67,110,0
0,463,134,68,0,47,74,100,0
0,445,156,69,0,54,66,80,0
0,466,258,186,0,44,65,240,2
1,413,93,70,0,44,71,50,1
1,417,511,270,1,22,71,250,2
1,443,529,300,1,16,71,250,2
1,411,644,300,1,21,71,250,2
0,462,90,51,0,57,73,30,1
0,458,160,48,0,44,64,30,0
0,422,316,139,0,40,70,150,1
1,351,199,86,0,51,69,90,2
1,343,106,55,0,59,69,50,2
0,369,215,93,0,45,68,140,1
0,374,523,291,0,23,82,250,2
0,372,175,89,0,40,70,150,1
0,409,60,6,0,62,69,50,0
1,484,387,247,0,44,78,240,2
0,427,169,66,0,50,71,130,0
1,406,143,56,0,58,60,50,0
0,463,162,47,0,41,74,110,0
1,486,720,300,1,17,68,250,2
1,334,137,82,0,42,65,120,2
1,359,720,300,1,9,78,250,2
0,444,248,69,0,49,69,140,0
0,506,185,50,0,70,67,90,0
0,517,195,51,0,42,71,30,0
0,458,171,72,0,50,67,60,0
0,481,465,257,1,39,72,210,2
1,387,60,43,1,61,74,50,1
0,411,123,68,0,43,70,60,0
0,493,170,86,0,38,69,130,0
0,459,327,158,0,38,67,130,1
1,338,359,184,0,33,78,170,2
1,429,299,187,1,43,76,40,2
0,424,619,272,0,16,72,250,2
0,433,261,118,0,26,74,180,1
1,437,233,165,1,50,67,240,2
1,368,340,247,1,40,72,250,2
0,454,224,48,1,47,76,110,1
1,406,81,40,0,61,66,50,0
1,320,704,300,1,10,82,250,2
0,454,279,124,0,46,67,170,1
0,517,110,28,1,57,59,50,0
0,402,326,91,0,32,77,170,1
0,472,60,9,0,53,76,60,0
0,408,358,85,1,27,70,130,2
0,486,343,106,0,40,76,110,1
0,485,720,226,0,16,68,250,2
0,432,110,24,0,51,76,80,0
0,530,173,67,0,69,66,140,0
0,505,226,13,0,60,65,140,0
0,470,124,67,1,61,63,80,0
0,482,115,33,1,52,78,50,0
0,484,182,60,0,44,70,100,0
0,400,271,77,0,42,78,100,1
1,388,218,138,1,34,72,170,2
0,454,269,110,0,44,70,90,1
1,331,284,177,0,31,70,110,2
0,473,106,42,0,63,76,60,0
0,511,445,107,1,31,69,110,2
0,428,422,116,1,22,75,190,1
1,371,291,224,1,38,66,190,2
1,332,60,42,1,45,73,60,2
1,240,65,52,0,60,79,90,2
1,429,720,300,1,9,72,250,2
0,433,632,225,0,21,70,250,2
0,437,422,135,0,28,61,190,2
0,400,130,35,0,58,70,90,0
0,440,428,151,0,40,70,190,2
0,489,329,69,0,38,65,90,0
1,375,534,265,1,20,76,250,0
1,392,350,178,1,20,80,200,2
0,460,266,77,0,46,64,180,1
0,358,60,27,1,53,64,80,1
0,481,720,115,1,15,65,250,2
1,272,65,41,0,49,76,60,2
0,388,136,47,0,43,67,80,0
1,316,720,264,1,10,84,250,2
1,377,293,122,0,37,68,90,2
0,432,217,60,0,44,71,50,0
0,434,203,90,0,50,65,130,0
0,389,228,112,0,52,69,200,1
1,445,127,62,1,56,64,70,1
0,461,256,119,0,47,72,100,1
1,362,495,284,1,29,77,250,2
0,426,225,63,0,41,73,130,0
1,349,520,246,0,25,74,250,2
0,404,80,30,0,50,61,120,0
0,379,665,231,1,12,72,250,2
1,322,720,300,0,6,88,250,2
1,435,227,136,0,30,70,200,2
1,396,344,209,1,38,70,170,2
0,501,62,27,0,47,77,70,0
1,354,536,300,1,19,76,250,2
1,364,258,117,1,42,72,130,2
0,399,115,59,0,63,72,70,0
1,367,582,296,1,28,82,230,2
0,402,245,104,0,46,65,120,1
1,393,166,117,1,34,66,110,2
0,451,60,13,0,60,65,50,0
1,339,241,144,1,37,75,200,2
0,512,60,17,1,51,72,70,0
0,529,374,138,0,26,78,200,2
0,493,177,79,0,48,66,80,0
0,462,134,37,0,57,66,100,0
0,458,84,53,0,54,75,90,0
0,542,299,132,0,39,72,100,1
1,428,264,141,0,42,69,170,2
1,334,593,300,1,14,76,250,2
1,417,315,101,1,36,78,200,2
1,418,580,300,0,29,85,250,2
0,385,135,85,0,56,79,140,1
0,435,293,105,0,44,71,100,1
0,490,64,29,0,45,72,50,0
0,358,225,56,0,32,79,80,1
1,287,720,300,1,11,73,250,2
0,441,83,24,0,61,67,20,0
1,384,423,236,1,26,70,220,2
0,367,580,238,0,24,77,250,2
1,366,184,124,1,53,66,170,2
0,492,156,89,0,52,78,120,1
0,423,89,46,0,60,70,110,0
1,440,570,300,1,26,70,250,2
0,420,452,129,1,23,71,220,2
1,318,720,300,0,11,82,250,2
0,462,492,283,1,34,64,250,2
0,453,60,30,1,62,64,50,0
1,292,593,229,1,17,83,210,2
0,379,406,246,0,28,70,200,2
1,469,634,300,0,11,79,250,2
0,373,79,31,0,68,69,100,0
0,496,432,120,1,45,69,210,2
0,411,363,163,0,39,68,180,2
0,434,157,42,0,52,73,50,0
0,449,246,83,1,50,71,130,1
0,329,60,25,0,46,73,50,1
0,376,355,123,1,29,78,160,2
1,381,302,195,1,35,67,190,2
1,324,352,244,1,31,74,250,2
0,499,237,98,0,45,67,150,1
0,354,182,74,0,36,69,130,1
0,478,82,24,0,56,70,70,0
0,366,131,42,0,49,66,80,1
0,432,350,84,0,36,66,150,1
0,381,472,124,0,19,74,150,2
1,508,158,116,1,47,64,110,2
1,281,417,247,0,19,83,160,2
0,428,211,100,0,40,78,200,1
0,333,360,276,0,24,79,250,2
1,501,341,246,1,33,70,240,2
0,470,679,278,0,16,68,250,2
1,369,242,160,0,44,70,160,2
1,493,300,174,0,44,66,130,2
0,427,88,43,0,42,76,60,0
0,430,273,110,0,38,72,130,1
1,384,720,300,0,13,74,250,2
1,399,201,157,0,39,75,160,2
0,425,204,76,0,46,61,90,0
1,359,172,124,0,47,72,80,0
0,475,60,22,0,74,78,70,0
0,448,118,41,0,59,71,130,0
1,352,226,133,0,44,64,80,2
1,291,720,240,1,7,78,250,2
0,509,111,34,0,45,70,110,0
1,328,271,144,0,40,79,230,2
0,484,231,66,0,39,62,90,0
0,458,98,24,0,55,69,50,0
0,370,318,187,0,39,71,170,2
0,482,132,56,0,66,69,120,0
0,462,162,18,0,57,73,40,1
0,486,404,208,0,42,73,200,2
1,362,720,300,1,16,78,250,2
1,424,152,77,1,46,58,60,1
0,346,361,171,0,44,68,230,2
0,424,720,300,0,15,68,250,2
0,371,183,68,0,44,84,60,1
1,333,354,274,1,34,77,250,2
0,458,211,103,1,41,68,90,1
0,389,294,159,1,47,74,220,2
0,478,116,56,0,48,66,50,0
0,407,139,49,0,65,69,100,0
0,479,124,37,0,44,75,70,0
1,451,133,63,1,54,73,40,1
1,445,152,94,0,54,79,120,1
0,402,150,71,0,50,72,80,0
0,313,122,41,0,54,75,110,2
0,464,270,102,0,34,81,180,1
1,381,215,104,0,44,69,170,2
0,386,263,113,0,45,85,150,2
1,336,329,234,1,37,74,250,2
0,506,661,211,0,20,73,220,2
0,378,197,38,0,42,74,120,1
0,458,282,101,0,37,63,190,1
0,445,85,40,0,61,67,80,0
0,417,99,52,0,58,64,30,0
0,467,587,199,0,18,76,250,2
0,516,314,143,0,37,69,140,1
0,420,282,81,0,51,69,90,0
0,422,196,78,0,42,69,120,0
0,451,175,37,0,34,67,100,0
0,480,184,67,0,48,74,130,0
1,366,499,300,1,31,80,230,2
0,419,209,74,0,39,64,70,0
0,339,429,68,1,28,74,140,2
0,411,124,38,0,52,69,60,0
0,363,161,109,0,60,62,100,1
0,469,73,23,0,62,69,60,0
1,357,687,300,1,10,79,250,2
0,420,296,111,0,43,71,190,1
0,449,63,29,0,64,67,20,0
1,314,447,208,1,18,81,250,2
1,483,297,155,1,40,72,130,2
1,465,700,300,1,14,65,250,2
1,488,649,300,1,16,77,250,2
1,437,720,298,1,7,75,250,2
0,448,437,208,0,22,78,250,2
0,500,155,104,0,59,67,60,0
0,400,250,114,0,43,81,80,1
1,314,216,136,1,39,78,200,2
1,347,302,133,0,37,80,210,2
0,476,396,118,1,35,69,160,2
0,396,68,22,0,59,74,90,0
1,364,446,300,1,25,77,180,2
1,262,497,300,1,8,84,230,2
0,474,410,116,0,32,76,120,1
1,268,204,123,1,45,76,180,2
0,403,686,162,0,21,65,220,2
0,510,370,130,1,32,78,180,2
0,494,415,156,0,34,69,240,2
0,468,81,47,0,50,68,80,0
0,463,60,15,0,52,70,30,0
1,337,106,72,0,37,74,50,2
1,320,355,278,1,32,79,170,2
1,334,491,206,1,23,65,190,2
0,359,162,57,0,48,75,60,1
0,462,202,91,0,40,76,150,1
0,452,60,4,1,39,71,80,0
0,373,135,83,0,47,76,90,1
0,513,164,70,0,54,68,140,0
0,465,102,56,0,67,64,120,0
0,484,166,44,0,46,72,80,0
1,340,720,300,0,6,75,250,2
0,449,284,51,0,45,67,130,0
1,418,339,195,0,45,70,190,2
0,427,107,45,0,58,63,60,0
1,472,376,241,1,33,74,150,2
0,424,720,298,1,16,73,250,2
0,409,334,107,0,41,79,160,1
0,451,128,35,0,46,64,140,0
1,286,288,179,0,37,79,170,2
0,496,469,150,0,30,71,210,2
0,369,720,300,0,6,82,250,2
1,434,112,55,1,53,76,80,1
0,402,197,57,1,44,69,140,1
0,458,178,98,0,39,71,80,0
0,480,389,142,0,37,68,150,1
1,385,326,163,1,35,77,190,2
0,390,508,226,1,22,77,220,2
0,390,60,34,0,52,69,30,0
0,383,236,52,0,49,66,40,0
0,340,390,119,0,33,73,150,1
1,453,64,37,1,54,77,50,1
0,425,231,121,0,67,65,210,1
0,363,61,34,0,49,70,90,1
0,522,216,119,0,65,64,110,1
0,414,201,38,0,43,73,120,0
0,447,79,32,0,60,64,100,0
0,378,178,62,0,46,76,70,1
0,319,133,69,1,24,78,90,2
1,264,191,152,0,38,79,190,2
0,412,628,75,0,21,77,110,1
0,479,393,100,0,33,70,160,1
0,467,324,122,0,42,77,160,1
0,457,190,72,0,50,69,130,0
1,240,82,42,1,43,73,70,2
0,498,114,54,1,66,67,90,0
0,446,119,63,0,49,63,120,0
1,366,720,300,1,12,82,250,2
0,506,60,26,0,72,68,110,0
0,497,153,66,0,50,66,70,0
0,507,354,96,0,40,74,140,1
0,422,229,98,0,44,71,140,1
0,384,163,78,0,43,71,70,1
0,484,101,24,0,68,64,60,0
0,351,229,120,0,33,74,160,2
0,547,211,60,0,53,61,70,0
0,436,585,202,0,16,80,190,2
1,300,330,160,1,37,69,180,0
0,373,641,135,0,21,79,250,2
1,270,343,222,0,35,75,210,2
0,442,144,49,0,57,69,60,0
1,359,188,149,1,49,77,90,2
0,388,240,99,0,45,77,130,1
0,402,84,34,0,42,81,50,0
1,294,171,70,1,47,82,120,2
1,401,533,300,0,26,70,220,2
0,432,277,141,0,42,67,90,1
0,416,91,30,0,71,70,40,0
0,370,320,190,0,46,73,130,2
1,338,237,168,0,47,73,120,0
0,429,335,115,0,42,65,140,1
1,397,474,262,1,30,74,250,2
1,371,171,136,1,50,70,130,2
1,430,720,300,0,11,79,250,2
0,425,151,38,0,57,76,110,0
0,341,293,78,0,31,69,180,2
1,444,181,121,1,52,69,110,2
0,373,141,61,1,44,71,160,2
1,297,300,174,1,38,78,250,2
0,432,377,115,0,31,70,130,1
1,381,336,204,1,37,77,190,2
0,408,335,113,0,32,69,160,1
0,423,272,79,1,56,74,110,1
1,362,720,274,0,10,75,200,2
0,505,300,112,0,46,73,140,1
1,389,444,190,0,30,67,210,2
0,371,223,108,0,39,72,140,2
0,387,60,29,0,54,74,80,0
0,437,102,32,0,42,71,50,0
0,446,252,85,0,32,65,130,1
0,459,216,85,0,40,72,230,1
1,368,585,300,1,24,61,250,2
1,301,60,46,1,58,66,70,2
0,413,207,87,0,43,70,80,0
0,471,66,38,0,59,63,80,0
1,294,395,202,0,27,78,230,2
1,342,427,278,1,34,67,220,2
1,431,589,290,0,21,82,250,2
1,451,164,98,0,54,65,60,1
0,425,60,24,0,57,75,50,0
0,429,367,186,1,32,72,180,2
0,383,143,44,0,48,72,70,0
0,461,111,52,0,60,67,50,0
1,482,374,179,1,50,74,170,2
0,563,70,30,0,56,72,30,0
1,402,479,258,0,31,72,250,2
1,356,113,83,0,53,73,60,2
1,310,162,65,0,43,83,210,2
1,258,268,119,1,41,79,100,2
0,443,89,29,0,62,68,80,0
1,524,511,300,0,22,67,250,2
0,483,276,117,0,44,71,110,1
0,490,221,77,0,47,70,130,0
1,392,187,97,0,37,78,90,2
0,437,76,41,0,48,72,70,0
1,240,444,207,1,25,84,250,2
1,428,153,84,0,45,76,120,1
1,334,201,160,1,48,69,150,2
0,414,70,22,0,69,71,40,0
1,352,332,221,0,37,67,140,2
0,432,115,39,0,55,60,70,0
1,324,286,147,0,33,73,160,2
0,420,87,38,1,53,68,40,0
1,350,636,246,1,13,68,220,2
0,425,203,76,0,38,67,100,0
0,375,80,24,0,55,69,60,0
0,424,375,153,0,27,68,140,2
0,395,188,53,0,45,76,110,1
1,315,539,300,1,17,82,250,2
0,442,225,86,0,42,69,180,1
0,354,158,82,1,45,76,90,2
0,378,60,26,0,63,71,40,0
0,463,65,32,0,68,59,50,0
0,349,356,204,1,29,81,250,2
1,499,162,55,1,41,73,110,1
0,480,293,102,0,50,67,110,1
0,410,393,89,0,34,82,150,1
0,410,348,114,0,42,67,170,1
0,445,60,17,0,68,63,80,0
0,377,142,57,0,53,75,90,1
0,334,605,175,0,16,74,250,2
1,342,720,300,0,9,80,250,2
0,428,90,26,0,48,58,70,0
0,454,185,66,0,49,71,70,0
0,419,431,115,1,26,72,180,2
0,498,60,21,1,62,73,40,0
1,255,487,300,1,25,75,250,2
0,378,224,64,0,58,74,130,1
1,409,720,300,0,10,73,250,2
0,376,406,134,0,30,76,130,2
0,374,60,38,0,51,71,50,0
0,456,383,175,1,36,70,230,2
0,382,474,176,0,25,73,250,2
0,443,324,83,0,41,70,160,1
0,385,207,99,0,32,63,100,1
0,406,308,138,1,41,71,120,2
0,329,397,242,0,27,72,250,2
0,456,297,30,0,46,70,110,0
0,387,242,104,0,43,81,160,2
1,363,421,240,1,40,79,250,2
0,424,64,13,0,67,70,20,0
1,375,369,225,1,32,66,220,1
0,427,140,57,0,44,66,90,0
0,459,488,213,0,36,68,180,2
0,413,117,46,0,65,73,60,0
0,482,159,84,0,54,72,60,0
0,342,108,60,1,45,81,20,2
0,408,205,99,0,51,73,100,1
0,461,462,180,0,29,75,190,2
0,458,322,190,0,37,73,170,2
1,321,586,279,0,21,79,250,2
0,394,77,32,0,61,61,60,0
0,369,202,89,0,37,71,100,1
0,464,129,52,0,47,74,130,0
1,323,280,176,1,39,83,250,2
0,462,183,34,0,42,68,70,0
0,433,80,31,1,55,74,40,0
1,540,371,189,0,37,68,150,2
1,381,360,247,1,32,71,130,2
0,409,442,151,0,27,61,240,2
0,376,513,220,0,36,79,250,2
1,370,548,300,1,24,76,250,2
1,366,122,75,1,43,70,130,1
0,339,155,39,0,53,82,60,1
0,414,252,15,0,52,69,70,0
0,434,330,173,1,32,78,230,2
0,423,322,91,0,35,64,130,1
1,427,537,300,1,20,78,250,0
0,357,483,161,0,28,80,200,2
1,407,638,300,0,18,73,250,2
1,438,171,108,1,50,68,90,2
0,467,68,38,0,65,64,70,0
0,341,239,118,0,45,80,140,0
0,465,475,179,1,25,69,250,2
0,416,71,30,0,50,58,40,0
1,291,333,163,1,34,84,180,2
0,414,387,202,0,41,72,210,2
0,374,76,30,1,52,70,50,1
0,481,235,100,0,41,69,150,1
1,410,440,247,1,27,84,240,2
0,392,60,20,0,51,69,50,0
0,383,273,77,0,28,72,120,1
1,333,532,300,0,25,75,220,2
0,446,267,78,0,40,67,170,1
1,445,72,46,1,62,66,60,1
0,484,167,36,0,40,72,110,0
1,378,654,300,1,17,73,250,2
0,421,109,47,0,46,61,120,0
0,361,552,144,1,41,66,240,2
0,499,192,36,0,45,73,100,0
0,412,347,126,0,33,66,150,1
0,512,88,14,0,67,70,40,0
0,444,578,238,1,18,79,250,2
1,531,228,127,0,49,72,160,2
1,417,283,189,0,48,70,160,2
0,363,167,52,0,43,73,150,1
0,404,60,20,0,42,72,20,0
0,441,223,64,0,52,69,100,0
1,313,168,91,0,40,70,110,2
0,401,181,60,0,57,69,70,0
0,381,317,75,0,33,78,90,1
1,375,177,113,1,46,78,170,2
1,406,205,93,0,51,69,180,2
0,384,124,46,0,47,74,110,1
1,525,423,189,0,41,72,190,2
1,379,258,206,0,36,74,120,2
0,394,113,46,0,43,72,70,0
0,353,154,65,0,48,74,70,1
1,379,646,300,1,19,74,230,2
0,421,224,100,0,47,70,110,1
0,474,143,58,0,43,74,80,0
0,442,565,71,0,30,67,100,1
1,306,520,300,1,21,72,250,2
1,476,70,48,1,40,67,40,1
0,471,407,143,0,33,70,80,1
1,357,720,300,1,10,77,250,2
1,371,495,300,1,23,76,250,2
1,423,237,134,0,40,67,220,2
0,363,192,48,0,31,83,110,1
0,442,60,27,0,59,71,60,0
1,328,456,300,1,24,75,250,2
0,445,141,56,1,40,69,90,0
1,323,197,151,1,54,73,130,2
1,347,328,133,1,42,77,90,2
0,518,60,25,0,58,76,40,0
1,461,91,43,1,54,77,40,1
0,270,75,21,1,37,82,80,2
0,507,60,24,0,46,66,50,0
0,446,162,42,1,66,75,90,0
0,399,94,51,0,59,69,120,0
0,384,415,148,0,25,74,130,2
1,308,138,76,1,50,75,140,2
1,327,486,254,1,26,73,250,2
0,363,86,38,0,52,72,80,1
1,280,369,244,0,27,75,180,2
0,397,582,179,0,26,79,250,2
0,466,91,24,0,61,62,40,0
0,452,641,236,0,21,80,250,2
0,447,272,150,0,34,74,150,1
1,370,424,242,0,28,75,240,2
0,369,224,123,0,33,70,120,2
1,409,312,139,0,40,80,130,2
1,304,622,300,0,11,88,250,2
1,405,272,187,0,48,71,140,2
0,376,165,74,0,46,67,80,1
0,415,376,116,0,41,68,160,1
0,431,129,42,0,47,70,50,0
1,422,720,300,1,13,69,250,2
0,428,208,108,0,55,69,110,1
0,436,176,88,0,32,67,200,1
0,514,139,61,0,56,67,120,0
0,343,159,79,0,63,74,110,2
0,398,344,91,1,47,69,150,2
0,395,275,66,0,50,68,160,1
0,361,225,54,0,37,73,90,0
0,399,449,133,1,38,68,210,2
0,484,605,185,0,33,68,250,2
0,405,81,27,0,44,83,90,0
0,418,172,59,0,39,68,50,0
1,254,233,123,0,37,81,130,2
0,410,158,52,0,42,66,100,0
1,342,229,108,0,44,65,90,2
0,467,86,39,0,49,66,80,0
1,257,550,300,1,19,80,250,2
0,397,137,75,0,46,67,110,1
0,504,259,52,0,40,62,150,0
0,397,278,145,0,32,70,170,2
1,240,134,97,0,39,80,80,2
0,498,231,64,0,56,72,20,0
0,471,64,26,0,60,68,30,0
0,478,66,19,1,49,66,130,0
0,362,240,65,0,42,79,80,1
0,510,192,76,1,54,79,80,1
0,396,84,28,0,44,73,120,0
0,409,414,134,1,35,79,220,2
0,399,60,25,0,57,73,20,0
1,426,115,68,1,65,78,120,1
0,426,146,65,0,38,71,80,0
0,474,140,66,0,59,73,150,0
1,380,119,56,0,46,79,80,1
0,430,720,191,0,15,73,250,2
0,387,357,88,0,25,77,100,1
1,501,268,148,0,46,70,210,2
0,346,355,207,0,35,71,220,2
0,470,483,190,1,37,64,250,2
1,401,190,122,1,37,78,80,2
1,440,245,176,1,50,77,150,2
0,489,157,98,0,53,68,180,1
0,428,346,121,0,39,66,190,1
0,446,222,123,0,45,73,170,1
0,538,213,106,0,52,71,70,0
0,416,99,61,0,56,62,90,0
0,381,190,54,0,34,80,60,1
1,363,131,57,0,53,69,80,1
1,298,173,121,1,46,75,140,2
0,453,163,55,0,48,66,110,0
0,503,219,100,0,43,65,120,1
0,428,596,212,0,26,62,240,2
0,368,119,33,0,41,74,40,0
0,501,60,12,0,63,63,20,0
1,250,212,111,0,45,82,120,2
0,357,114,43,0,42,73,60,1
1,362,255,157,1,50,72,120,2
0,447,140,50,0,52,68,100,0
0,441,143,81,0,52,72,110,0
0,431,347,124,0,34,72,150,1
0,523,223,43,0,40,77,120,0
1,379,180,104,1,39,69,110,2
1,462,60,27,1,55,79,10,0
0,489,337,151,1,38,79,190,2
0,370,356,174,1,24,80,250,2
0,411,111,66,0,48,69,60,0
1,538,720,300,1,26,76,250,2
1,354,490,266,1,24,78,230,2
0,416,260,89,0,35,68,120,1
0,428,137,81,0,49,65,80,0
0,411,361,165,0,36,71,210,2
0,410,632,156,0,17,65,210,2
0,410,507,131,1,25,69,250,2
0,506,194,40,1,60,66,90,0
1,365,720,300,1,14,78,250,0
0,383,131,29,0,44,74,80,0
0,344,259,127,0,44,65,150,2
1,529,157,92,1,53,77,110,2
0,423,299,171,0,44,63,170,2
0,471,358,127,1,33,63,160,2
0,396,139,45,0,53,74,70,0
0,451,112,60,0,58,75,100,0
0,507,471,177,0,43,71,240,2
0,417,95,33,0,65,71,70,0
1,407,94,60,1,62,73,80,1
0,379,313,95,0,41,73,130,2
1,516,304,225,1,32,73,180,2
0,433,206,90,0,46,68,90,0
1,346,188,115,0,41,73,80,2
1,354,202,102,1,40,77,110,2
1,339,310,196,1,38,81,230,2
0,412,196,86,0,46,69,200,1
1,240,261,184,1,35,76,140,2
0,445,625,191,0,17,86,250,2
1,365,720,300,1,10,78,250,2
0,459,75,32,0,53,60,20,0
0,408,261,120,0,45,68,90,1
0,396,87,24,0,65,58,60,0
1,374,720,300,1,15,76,250,2
0,339,103,47,0,55,74,50,1
1,370,224,171,1,40,73,170,2
1,244,569,300,1,10,80,250,2
0,491,95,42,0,77,66,90,0
0,454,60,30,0,67,71,70,0
1,325,169,71,1,33,81,80,2
0,483,480,233,0,34,70,220,2
0,440,149,45,0,54,71,90,0
1,289,531,300,0,21,83,250,2
1,240,281,216,0,33,86,140,2
1,397,74,40,1,41,69,60,1
0,410,139,52,0,45,79,120,0
0,489,240,130,0,43,75,140,1
0,450,60,16,1,52,69,30,0
0,415,325,112,0,28,72,140,1
0,524,60,21,0,65,69,70,0
0,478,146,44,0,49,64,70,0
0,240,420,204,0,29,77,180,2
1,340,720,300,1,11,71,250,2
1,278,466,254,1,28,82,180,2
1,334,398,172,1,27,75,200,2
0,427,128,48,0,47,72,110,0
0,467,60,21,0,63,73,70,0
1,378,281,174,1,41,77,170,2
0,473,126,48,0,46,60,90,0
0,466,136,70,0,45,69,100,0
0,478,536,41,0,26,65,130,1
0,430,74,27,0,60,65,80,0
0,499,720,300,0,14,62,250,2
1,367,630,204,1,14,80,250,2
1,354,250,139,0,43,65,80,2
0,324,60,26,0,47,69,40,1
0,502,406,28,0,42,66,100,0
1,384,720,287,1,5,81,250,2
0,566,720,300,1,16,73,250,2
0,429,117,43,1,53,66,100,0
1,396,647,300,0,16,68,250,2
1,413,114,64,0,52,71,80,1
1,282,60,30,0,62,67,60,2
0,452,438,177,0,28,67,250,2
0,421,103,65,0,56,78,120,0
1,353,254,191,0,29,80,120,2
0,508,187,74,1,52,62,140,1
1,296,60,33,0,58,81,70,2
0,448,157,59,0,57,69,120,0
1,491,720,300,0,13,77,250,2
0,399,141,61,1,47,73,60,1
0,420,234,51,0,43,69,80,0
0,567,60,30,0,69,69,40,0
1,423,605,300,1,22,78,250,2
0,409,132,52,0,45,79,40,0
0,460,72,36,0,46,71,130,0
1,335,142,78,1,55,69,140,2
0,341,578,300,0,17,77,250,0
0,518,60,11,0,74,78,50,0
0,394,359,111,0,51,74,130,1
1,561,60,24,0,58,73,50,0
0,425,362,107,0,29,73,80,1
0,556,123,51,0,60,73,100,0
1,279,477,255,1,20,78,250,2
0,471,140,72,0,55,71,100,0
0,444,194,94,0,45,65,140,1
0,491,260,58,0,46,63,70,0
1,427,299,190,1,30,67,220,2
0,410,60,20,0,52,76,40,0
1,298,156,49,1,42,70,120,2
1,356,505,300,0,20,86,250,2
0,446,124,50,0,54,74,120,0
1,356,309,107,1,31,80,140,1
0,448,78,27,0,69,61,30,0
0,466,115,31,0,50,67,100,0
0,389,644,300,0,7,77,250,2
1,402,720,300,1,15,74,240,2
0,406,241,129,1,47,77,200,2
0,415,387,62,0,41,69,160,1
0,474,252,77,0,44,75,90,0
0,396,197,80,1,45,76,180,2
0,412,671,238,1,15,75,250,2
0,438,128,50,0,51,69,70,1
0,503,102,49,0,47,62,100,0
0,429,113,54,0,55,70,40,0
0,446,111,82,0,62,73,100,0
0,405,295,100,0,44,67,110,1
1,354,150,113,0,41,68,140,2
1,371,308,133,1,27,71,130,2
0,434,212,87,0,53,68,90,0
0,420,219,106,0,50,73,80,1
1,468,109,42,0,61,69,60,0
1,348,422,265,1,29,71,180,2
0,349,232,63,0,43,63,150,1
0,587,358,104,1,52,76,130,1
0,403,226,98,0,45,63,100,1
0,500,293,117,0,42,69,110,1
0,520,60,20,0,40,70,80,0
1,441,145,102,0,51,60,120,1
0,440,477,149,0,31,64,210,2
1,410,188,105,1,35,60,160,2
1,300,720,300,1,6,84,230,2
1,514,222,103,1,57,67,150,2
1,315,188,91,0,46,74,90,2
1,357,228,170,0,48,73,140,2
0,439,720,200,1,16,64,250,2
1,367,288,178,0,42,64,230,2
1,329,552,300,0,21,78,240,2
0,504,720,296,0,14,72,250,2
1,441,438,300,1,37,62,250,2
1,412,720,300,0,12,74,200,2
1,362,705,300,0,12,77,250,2
0,488,302,110,0,45,73,90,1
0,411,66,11,1,56,71,110,0
0,528,188,42,0,47,72,100,0
0,455,329,133,1,42,69,100,2
0,481,95,66,0,57,73,20,0
0,414,231,137,0,52,73,160,1
1,380,280,178,1,37,71,140,2
0,496,94,24,0,69,56,30,0
0,544,344,143,0,33,68,140,1
0,498,201,102,0,47,64,110,0
0,463,241,176,0,51,83,150,2
0,479,266,33,0,32,66,130,0
0,394,107,40,0,63,74,50,0
0,464,227,95,0,55,61,100,0
0,404,147,66,1,54,62,60,1
0,453,572,247,0,18,78,230,2
0,457,256,93,0,47,67,130,1
0,321,155,86,0,48,86,130,2
0,451,199,103,0,37,79,210,0
0,455,88,29,0,69,65,40,0
1,354,370,276,1,26,68,190,2
1,385,101,68,0,47,75,40,1
0,382,594,200,0,10,74,250,2
0,396,331,158,0,40,77,210,2
1,447,165,89,0,45,78,100,1
0,450,603,240,1,21,69,250,2
1,383,250,162,1,40,75,140,2
1,321,442,300,0,16,75,250,2
1,391,317,96,1,37,77,140,2
1,240,325,187,1,29,76,200,2
1,449,720,296,1,15,77,250,2
0,510,157,70,0,47,71,90,0
1,315,250,68,1,39,69,120,2
1,309,188,108,0,47,69,220,2
1,405,267,195,1,38,71,180,2
0,508,705,171,0,23,69,250,2
0,449,300,95,0,43,58,120,1
1,303,174,51,0,39,68,90,2
0,409,196,95,0,48,64,110,1
1,287,697,300,0,8,83,250,2
1,328,720,300,1,7,78,250,2
1,368,494,285,0,26,69,250,2
1,309,612,300,1,17,76,250,2
1,320,314,251,0,28,81,190,2
0,453,196,80,0,43,77,80,0
1,375,147,105,1,51,64,90,2
0,363,118,67,0,53,69,80,1
0,469,235,103,0,46,72,50,0
0,400,290,129,0,39,70,110,1
0,456,165,90,0,39,77,90,0
0,489,144,38,0,65,62,90,0
0,407,428,210,0,34,69,170,2
0,465,474,264,0,32,72,250,2
1,316,206,93,0,35,76,110,2
0,516,220,68,0,52,67,100,0
0,395,67,36,0,42,73,60,0
1,384,519,300,0,24,77,250,2
1,361,61,39,0,50,70,40,1
1,318,366,222,1,35,75,190,2
0,480,240,63,0,51,63,90,0
1,332,205,134,1,36,71,160,0
0,334,96,59,0,63,68,70,1
0,290,312,142,0,35,78,200,2
0,406,313,55,0,47,70,210,1
0,518,390,102,0,43,76,200,1
0,497,60,24,0,65,63,50,0
0,414,622,135,0,13,70,250,2
0,416,545,168,1,16,70,240,2
1,357,422,231,1,32,88,250,1
1,281,257,196,0,30,83,230,2
0,387,195,41,0,53,66,100,0
0,469,378,170,0,46,65,150,2
0,445,95,40,0,58,62,70,0
1,409,93,60,0,67,71,120,1
0,368,313,147,0,38,82,170,2
0,455,246,108,0,45,72,110,1
0,319,451,220,1,19,77,210,2
0,477,217,112,0,50,65,150,1
0,432,571,300,1,23,78,250,2
0,352,595,300,0,14,74,250,2
1,488,228,148,1,36,75,160,2
1,249,60,36,1,42,87,10,2
1,397,337,236,1,45,66,170,2
0,447,60,32,0,51,76,60,0
0,388,71,24,0,55,71,50,0
1,372,618,300,1,14,77,250,2
1,260,421,260,0,28,85,250,1
0,307,148,54,0,55,65,90,2
0,396,260,74,0,48,74,100,1
0,419,275,48,0,46,71,160,0
0,467,259,108,0,35,75,190,1
1,394,720,295,0,6,76,250,2
1,396,358,216,1,43,69,160,2
0,399,60,14,0,57,68,10,0
0,393,444,199,0,27,71,190,2
1,294,286,212,1,42,80,120,2
0,373,120,47,0,48,80,110,1
1,333,111,79,0,58,65,160,2
1,365,320,217,1,35,69,230,2
1,349,320,150,1,38,71,180,2
0,433,120,26,0,40,61,90,0
0,484,478,86,1,33,65,200,2
0,424,97,23,0,39,67,90,0
0,368,76,33,0,63,72,40,0
0,448,94,59,0,63,70,90,0
1,393,60,41,0,50,67,40,1
1,398,66,35,0,56,80,80,1
1,403,117,83,0,54,68,80,1
0,472,169,51,0,64,70,80,0
1,392,150,92,1,54,71,190,2
1,542,368,269,1,49,72,250,2
0,370,94,19,0,57,76,90,0
1,348,439,280,1,18,76,180,1
0,483,105,25,0,53,73,40,0
0,442,224,95,0,50,73,170,1
0,472,522,99,0,23,75,230,2
1,386,421,295,1,28,75,250,2
0,503,60,21,0,55,63,80,0
0,399,101,37,1,67,64,70,0
0,502,60,22,0,62,59,20,0
0,508,68,27,0,58,74,80,0
0,359,307,102,0,47,73,130,2
0,466,168,77,0,44,76,100,0
0,432,180,79,0,51,63,70,0
0,404,386,168,0,36,72,130,2
1,242,150,97,1,33,77,130,2
0,384,228,117,0,46,67,100,1
1,409,440,300,1,39,67,230,2
0,460,123,44,0,55,83,110,0
0,424,575,236,0,21,77,210,2
0,490,193,64,0,56,66,100,0
0,482,74,29,0,55,63,70,0
0,442,102,42,0,59,66,70,0
1,339,387,211,0,25,84,240,2
1,420,578,300,0,19,69,250,2
0,444,65,36,0,52,63,60,0
0,483,541,209,1,32,66,250,2
1,435,122,97,0,49,75,190,1
0,366,497,188,0,20,70,150,2
0,409,111,42,0,53,76,100,0
1,257,60,34,0,61,77,50,2
1,412,411,287,1,38,75,130,2
0,424,60,21,0,55,76,90,0
0,456,720,255,0,13,70,250,2
0,361,211,97,0,51,76,130,2
1,473,96,61,1,65,68,20,1
1,276,206,164,0,48,78,160,0
0,473,60,17,0,64,80,60,0
1,383,449,224,0,35,73,240,2
1,346,60,42,1,60,77,50,2
1,356,60,31,1,37,83,80,2
1,345,720,231,1,10,74,240,1
1,480,144,65,0,63,64,80,0
0,420,187,133,0,61,68,120,1
0,371,163,105,0,51,67,80,1
1,348,201,131,0,41,72,150,2
0,441,133,38,0,52,67,70,0
0,494,386,85,1,35,70,120,1
1,332,277,168,0,39,70,250,2
1,352,121,54,0,38,75,120,2
1,376,97,59,0,46,70,100,1
0,478,455,183,1,32,70,150,2
0,366,335,92,0,38,77,160,2
0,460,568,224,0,23,74,210,2
1,327,477,300,1,19,83,250,2
0,418,79,28,0,56,75,30,0
1,530,281,167,1,53,67,140,2
1,376,720,300,1,7,77,250,2
0,472,67,25,0,60,70,20,0
1,410,60,42,1,70,65,60,1
1,277,720,300,1,5,76,250,2
0,327,465,251,1,29,80,220,2
0,476,480,150,1,29,77,190,2
0,380,455,290,0,26,70,250,0
0,351,375,226,0,44,75,180,2
1,461,720,300,1,11,70,250,2
1,318,161,89,0,49,72,90,2
0,381,121,67,0,39,71,120,1
0,548,144,51,0,49,73,110,0
0,367,318,117,0,37,76,190,2
0,387,60,22,0,62,75,20,0
0,397,389,221,0,37,72,180,2
0,422,60,19,0,50,63,40,0
0,390,377,167,1,32,79,250,2
1,278,155,96,0,45,82,60,2
1,480,416,271,1,33,60,250,2
0,448,223,110,0,38,69,180,1
1,430,60,32,0,53,69,60,0
1,380,415,238,1,29,77,240,2
1,380,107,77,1,52,76,70,2
0,481,60,35,0,54,72,60,0
1,305,330,211,1,31,77,210,2
1,393,60,30,1,45,65,40,1
0,469,576,202,0,25,83,250,2
0,527,92,31,0,51,77,30,0
1,526,391,246,1,38,76,250,2
1,394,353,190,0,46,79,160,2
1,469,686,300,1,16,68,250,2
1,240,149,87,0,44,83,90,2
0,527,143,70,0,60,73,120,0
0,413,240,40,0,38,62,140,0
0,422,82,20,0,52,72,60,0
1,390,176,114,1,56,67,130,2
0,442,109,39,0,61,71,90,0
0,459,287,74,0,44,74,180,1
1,486,517,278,0,39,71,240,2
1,348,661,300,0,12,82,240,2
0,380,393,226,1,30,79,250,2
0,510,215,114,0,50,65,130,1
0,446,213,125,0,37,62,160,1
0,531,261,158,0,45,63,130,1
1,435,282,225,1,34,81,160,0
0,368,63,19,0,63,65,30,0
1,435,720,300,1,12,72,250,2
1,291,364,283,0,24,79,230,1
1,375,529,300,1,16,70,250,2
0,446,139,32,0,46,69,60,0
0,354,720,96,1,12,66,150,2
0,409,547,237,0,28,78,250,2
0,545,134,78,0,56,72,130,0
1,391,175,117,1,41,79,190,2
0,426,327,130,0,34,69,210,1
1,486,245,157,0,54,67,180,2
0,430,285,89,0,40,72,90,1
0,430,481,256,1,30,69,250,2
1,444,374,245,1,42,67,250,2
0,414,167,30,0,52,60,110,0
0,397,271,151,0,43,81,180,2
0,322,60,28,0,54,70,40,1
0,388,225,65,0,40,71,110,1
1,323,93,52,0,54,72,100,2
0,427,246,128,1,47,69,250,2
0,404,174,73,0,62,65,60,0
0,542,566,169,0,24,70,160,2
1,315,720,300,1,14,88,250,0
0,520,282,39,0,44,74,150,0
0,445,604,300,0,21,66,250,2
0,460,101,41,0,47,67,90,0
0,472,78,39,0,53,63,100,2
0,309,130,72,0,48,68,90,2
0,434,160,57,0,54,74,110,0
0,421,170,55,0,47,69,70,0
0,393,243,77,0,40,78,110,1
0,442,60,36,0,58,64,60,0
1,510,180,104,0,51,75,180,2
1,240,177,133,1,33,80,200,2
0,393,476,230,1,17,74,250,2
0,357,99,57,0,52,77,100,1
1,380,216,96,1,41,74,150,2
1,352,512,300,1,25,77,250,2
0,404,164,65,0,52,73,90,0
1,438,720,271,1,9,61,230,2
0,516,342,124,0,46,73,150,1
0,583,367,172,0,45,67,170,2
1,323,66,43,0,53,68,90,2
1,262,440,261,0,27,77,240,2
1,429,386,175,1,30,68,140,2
0,515,390,90,1,44,78,120,1
0,475,312,171,1,59,64,230,2
0,515,276,90,0,37,73,170,1
0,438,304,81,0,32,74,170,1
0,404,125,33,0,43,69,60,0
0,455,94,41,0,68,64,90,0
0,418,260,112,0,41,70,250,1
0,468,83,32,0,62,64,50,0
1,442,322,212,1,27,68,150,2
1,448,720,300,0,12,78,250,2
0,460,600,203,0,16,82,250,2
0,447,164,46,0,46,70,110,0
0,474,414,111,0,29,65,180,1
1,240,317,224,0,35,86,170,2
0,445,79,41,0,62,71,90,0
1,393,361,119,1,16,80,250,2
1,389,720,300,1,10,73,250,2
0,430,296,121,0,47,75,150,1
0,456,94,31,1,65,67,40,0
1,349,464,194,0,29,71,230,2
0,506,423,131,1,38,65,250,2
1,393,575,300,1,18,74,230,2
1,385,259,156,0,36,82,190,2
0,415,720,138,0,12,77,230,2
1,432,293,158,0,42,66,200,2
1,389,416,238,1,38,71,250,2
1,307,60,39,1,51,83,90,2
0,447,597,247,1,22,75,250,2
0,481,78,19,1,47,72,30,0
0,447,267,158,0,37,70,180,0
1,424,244,49,1,44,66,100,1
1,396,118,59,1,49,82,80,2
0,471,114,33,0,44,67,30,0
0,496,60,31,0,57,76,70,0
0,486,132,66,0,43,70,30,0
1,348,218,108,0,37,67,160,2
1,315,123,82,1,55,77,140,2
1,351,450,189,1,31,84,210,2
1,496,267,213,1,50,68,240,2
1,394,398,272,1,34,70,190,2
1,523,200,116,0,44,70,90,1
0,413,133,66,0,57,63,130,0
0,422,61,26,0,45,67,100,0
1,384,206,107,1,47,79,110,2
1,368,104,65,0,57,70,90,1
0,381,121,86,0,60,64,70,1
0,362,91,63,0,53,71,50,1
0,475,401,154,1,44,70,200,1
0,487,356,216,0,44,70,210,2
0,557,227,65,0,53,77,110,0
0,398,278,161,1,42,83,150,2
0,432,292,112,0,48,71,190,1
0,396,129,46,1,48,77,70,1
1,438,295,236,1,32,72,220,1
0,475,544,300,1,27,63,250,2
0,391,392,177,0,40,62,250,2
0,404,242,55,0,46,68,60,0
0,497,60,8,1,64,63,30,0
0,454,666,197,0,13,68,250,2
1,413,247,197,1,32,63,250,2
1,328,720,300,1,13,87,250,2
0,341,196,101,0,43,83,100,2
0,391,473,206,1,23,76,250,2
0,484,297,28,0,37,67,100,0
1,522,71,40,1,65,71,120,1
1,344,260,131,0,40,76,120,2
0,533,200,116,1,55,72,110,1
1,433,366,252,1,38,69,200,2
1,277,627,300,1,15,73,250,1
1,404,447,292,1,27,71,250,2
1,420,288,230,1,37,70,250,2
1,240,137,62,1,37,80,100,2
0,467,623,283,0,23,67,250,2
0,508,189,41,0,37,69,100,0
1,387,170,113,1,54,74,90,2
1,370,135,89,1,53,72,90,2
1,362,177,107,1,60,75,100,2
0,438,443,70,1,28,64,190,1
0,376,60,26,0,54,76,70,0
0,400,144,53,0,52,65,90,0
0,414,60,19,1,47,72,40,0
0,455,119,22,0,48,70,40,0
1,321,166,112,0,36,70,140,2
0,376,87,45,0,62,65,60,0
1,443,152,72,0,60,66,170,1
0,438,407,215,1,36,73,140,2
1,337,191,109,0,48,78,160,2
0,460,357,163,0,33,75,160,0
1,343,213,124,1,34,77,130,2
0,438,65,15,0,44,74,40,0
0,483,317,88,0,42,68,100,1
0,404,422,146,0,40,66,130,2
0,376,65,34,0,45,73,50,0
1,364,471,237,0,22,85,250,2
1,279,252,161,0,32,77,250,2
1,370,720,300,1,10,77,230,2
1,340,556,300,1,23,78,250,2
1,240,720,300,1,5,83,250,2
1,427,243,125,1,46,75,210,2
0,440,694,188,0,16,69,230,2
0,494,341,155,0,49,82,220,0
0,430,179,98,0,40,69,110,0
0,471,317,133,1,55,76,160,2
0,494,83,40,0,61,78,100,0
0,443,271,81,0,44,63,160,1
1,374,250,152,0,41,72,150,2
0,341,341,180,0,26,81,210,2
0,496,60,17,0,63,72,30,0
1,379,399,222,1,27,72,250,2
1,304,226,121,1,36,79,160,2
1,441,720,300,1,7,65,250,2
0,326,176,80,0,55,75,80,2
0,413,162,72,0,56,70,120,0
0,480,224,57,1,43,70,100,1
0,428,388,61,1,32,69,200,1
0,384,60,24,1,59,70,50,0
0,414,60,25,0,55,64,50,0
1,240,720,300,1,10,86,250,2
0,470,232,81,0,49,72,80,0
0,428,720,220,0,16,73,210,2
0,421,92,28,0,46,65,40,0
1,356,474,300,1,33,79,250,2
0,435,234,118,1,39,65,150,1
0,482,602,241,0,20,67,250,2
0,417,60,25,0,60,84,50,0
0,366,620,153,1,11,77,210,2
0,478,261,80,0,52,62,110,0
0,459,187,102,0,42,72,120,1
0,430,233,126,0,45,70,80,1
1,435,252,142,1,47,66,180,2
0,436,223,87,0,41,73,140,1
1,467,720,287,0,10,74,250,2
0,505,82,35,0,51,63,60,0
0,479,341,100,1,40,71,210,2
0,382,233,110,0,46,70,120,1
0,443,720,170,1,13,73,250,2
0,511,183,62,0,45,70,100,0
0,360,60,31,0,54,70,70,0
1,347,215,163,0,42,76,120,2
1,350,169,108,0,45,74,110,2
1,314,720,300,0,7,73,250,2
0,493,60,11,0,55,71,40,0
0,468,493,131,1,24,75,170,2
0,399,261,79,0,32,60,80,1
1,432,113,50,1,58,54,60,1
0,427,273,81,0,47,70,90,0
0,390,60,33,0,57,69,40,0
1,325,536,300,1,34,79,250,2
0,441,147,71,0,61,65,100,0
0,466,60,20,0,58,70,30,0
0,395,60,17,0,58,73,40,0
0,477,411,193,0,27,74,210,2
1,500,720,300,0,16,69,250,2
0,372,676,300,0,10,76,220,2
1,384,592,300,1,28,70,250,2
0,461,60,22,0,56,69,50,0
0,415,377,189,0,34,73,150,2
1,476,720,300,0,7,80,250,2
0,529,451,231,0,31,70,200,2
0,452,262,102,0,42,75,170,1
0,438,87,12,0,62,73,40,0
0,483,455,112,0,33,71,140,0
1,448,353,217,1,29,68,250,2
1,240,311,247,1,37,79,180,2
1,374,327,186,1,26,78,240,2
1,347,331,138,1,42,74,140,2
0,454,67,34,0,55,63,40,0
0,410,120,49,0,39,72,90,0
1,369,720,300,1,12,71,230,2
1,314,322,176,1,29,76,170,2
0,456,114,51,0,51,78,70,0
0,502,73,30,1,55,75,60,0
0,407,105,46,0,55,68,140,0
0,365,344,153,1,24,76,240,2
0,451,308,102,0,43,75,150,1
0,448,284,86,0,49,66,150,1
0,493,335,146,1,40,85,130,2
1,273,576,300,1,14,73,250,2
1,352,382,210,0,26,77,250,2
1,240,521,300,0,19,80,250,2
0,488,95,49,0,55,70,80,0
0,432,363,212,0,31,73,140,2
0,426,212,54,0,47,70,120,0
0,353,537,290,1,17,70,250,2
0,373,197,71,1,54,69,100,1
1,403,120,52,1,56,61,60,1
0,394,311,85,0,32,70,190,1
1,397,337,206,1,37,73,220,2
1,518,91,42,1,50,73,80,1
1,350,720,300,0,8,73,250,2
1,322,323,143,1,35,76,220,2
0,469,68,24,0,53,67,40,0
1,289,295,221,1,43,79,200,2
0,535,146,70,0,58,67,120,0
1,458,195,156,0,46,72,140,2
0,441,335,75,0,37,70,160,1
0,405,127,52,0,49,75,110,0
0,413,409,139,1,34,78,180,2
0,420,118,36,0,55,61,50,0
0,454,88,30,0,60,68,100,0
0,486,224,117,0,34,68,160,1
1,287,60,39,1,52,78,40,2
0,485,184,59,0,51,63,140,0
0,480,197,90,0,50,67,130,0
0,409,149,57,0,44,73,100,0
0,365,60,33,0,62,73,100,0
0,440,105,32,0,60,68,110,2
1,315,720,300,1,10,74,250,2
0,486,88,33,0,57,70,80,0
0,378,467,159,1,21,79,140,2
0,462,354,138,1,38,69,180,2
0,445,201,42,0,52,71,70,0
0,421,572,167,1,27,70,240,2
1,367,462,300,0,31,70,210,2
0,503,207,27,0,55,64,110,0
0,375,97,37,0,45,75,120,1
0,414,194,68,0,48,74,120,0
0,412,701,169,0,7,67,250,2
1,357,268,214,0,39,72,210,2
0,385,549,300,0,26,74,250,2
0,346,137,48,0,48,67,90,1
1,316,698,254,0,8,80,250,2
0,531,694,300,1,13,72,250,2
1,392,250,160,0,48,67,130,2
0,460,118,21,0,61,73,50,0
0,405,60,24,0,65,69,30,0
1,386,312,159,1,43,71,140,2
1,344,530,300,1,20,80,200,2
0,461,95,34,0,61,66,110,0
1,382,206,132,1,35,69,170,2
0,391,309,74,1,38,68,100,1
0,447,371,165,1,22,61,110,0
0,327,304,41,0,38,82,100,2
0,440,72,40,0,66,75,30,0
1,291,232,121,1,38,70,150,2
0,415,77,32,0,44,72,80,0
0,360,190,31,0,49,67,50,1
1,390,211,139,0,47,62,110,2
0,463,101,22,0,57,64,150,0
0,525,117,49,0,64,70,80,0
0,342,513,214,0,24,72,230,2
0,483,249,109,0,40,66,150,1
1,384,720,300,0,10,83,250,2
0,412,469,265,0,36,72,250,2
0,487,577,110,0,22,75,250,2
1,343,585,300,1,12,81,250,2
0,485,720,146,0,17,69,250,2
0,385,243,71,0,52,75,140,1
1,330,397,241,0,42,70,220,2
0,467,204,119,0,50,70,190,1
0,524,60,32,0,67,65,30,0
0,433,127,48,0,44,71,100,0
0,295,430,168,0,27,77,240,2
0,425,175,69,1,48,70,100,1
0,451,510,161,0,26,74,250,2
1,373,345,181,1,22,71,210,0
0,466,696,128,1,11,77,250,2
0,411,510,63,0,27,71,100,1
1,448,167,78,0,48,70,120,1
0,376,60,35,0,58,66,100,2
1,476,114,57,1,69,67,90,1
0,497,60,29,0,51,73,70,0
0,374,230,114,0,43,73,80,1
1,311,432,229,1,23,77,230,2
0,455,273,106,0,44,79,170,1
1,306,433,218,1,27,74,180,2
0,425,375,114,1,32,80,160,2
0,505,106,32,0,52,72,90,0
0,471,632,259,0,20,81,250,2
0,534,327,128,0,47,66,160,1
1,371,108,86,1,57,68,90,2
1,332,183,144,1,41,80,110,2
1,378,462,199,1,19,72,140,2
0,427,543,187,0,28,70,250,2
0,428,113,20,0,51,81,60,0
1,388,163,89,0,45,61,100,1
0,388,402,210,0,29,73,160,2
1,394,668,300,0,14,69,230,2
0,364,179,73,0,45,77,90,1
0,384,76,33,0,61,67,90,0
1,366,220,136,1,48,71,130,2
1,240,720,300,1,13,89,250,2
1,428,631,300,0,14,69,250,2
0,332,319,192,0,49,73,220,2
0,483,218,99,0,46,64,130,1
0,370,448,280,1,31,65,250,2
0,399,89,50,0,48,62,80,0
0,445,126,67,0,60,58,130,0
1,543,257,128,1,42,60,150,2
0,425,111,59,1,52,64,60,0
0,335,60,26,0,61,75,130,1
0,482,60,31,0,58,64,90,0
1,358,293,170,0,42,70,180,0
0,423,435,171,0,28,73,200,2
1,414,695,300,1,10,76,250,2
1,240,436,221,1,26,84,240,2
1,375,327,189,1,38,75,160,2
1,346,720,300,1,11,83,250,2
1,475,540,271,1,24,74,250,2
0,456,106,43,0,47,67,50,0
0,353,211,100,0,42,83,90,2
0,498,509,184,0,25,81,210,2
0,472,60,6,0,44,65,60,0
1,266,720,300,1,10,83,220,2
0,452,246,71,0,44,68,180,1
1,462,321,171,0,35,75,160,2
0,374,111,50,0,47,76,80,1
0,503,267,85,0,47,60,120,0
1,269,452,236,1,28,85,230,2
0,410,261,77,1,37,74,110,1
1,308,192,121,0,52,79,80,2
1,486,578,300,1,24,78,250,2
0,395,446,265,0,29,73,250,2
0,376,538,125,0,18,77,140,2
0,457,131,65,0,33,72,90,0
1,421,197,134,1,59,69,140,2
0,483,277,106,0,43,67,100,1
0,406,60,28,0,54,69,100,0
1,407,533,280,0,24,71,250,2
0,402,129,57,0,50,80,100,0
1,492,180,104,0,51,67,80,1
1,470,720,300,0,11,74,220,2
1,435,110,64,0,60,68,60,0
1,430,528,300,0,26,75,250,2
0,475,60,20,1,55,69,40,0
1,302,720,300,1,8,87,250,2
0,481,256,126,0,54,71,90,1
0,425,60,28,0,57,74,60,0
0,498,206,114,0,43,70,80,1
1,446,720,300,0,14,63,250,2
1,428,127,67,0,40,67,100,1
1,257,532,300,1,15,85,200,2
0,430,253,67,0,33,75,160,1
1,335,204,145,0,36,80,140,2
1,392,346,159,1,27,77,170,2
1,360,388,213,1,28,75,240,0
0,421,60,8,0,46,73,70,0
0,442,79,37,0,62,74,20,0
0,428,173,51,0,48,78,120,0
0,441,533,247,0,16,81,250,2
0,359,720,300,0,10,88,250,2
0,393,60,23,1,58,63,20,0
0,482,439,76,0,25,70,140,1
0,358,60,27,0,56,66,110,0
0,497,705,298,0,19,68,240,2
1,443,442,272,1,28,77,240,2
0,421,176,39,0,50,69,70,0
0,599,172,42,0,59,74,110,0
0,512,243,59,0,53,68,30,0
0,387,111,42,1,60,77,40,1
1,442,287,160,1,56,70,170,2
0,438,71,22,0,69,69,60,0
0,396,304,154,0,33,76,210,2
1,300,236,159,1,43,76,170,2
0,484,227,43,1,51,65,80,0
0,405,486,174,1,28,65,240,2
0,444,398,127,0,41,79,180,2
0,388,96,52,0,51,70,120,0
1,322,497,238,1,18,74,240,2
0,428,237,53,0,40,70,120,0
1,417,60,31,0,56,64,40,0
1,240,504,251,1,21,84,180,2
0,450,255,74,0,32,73,150,1
0,412,164,37,0,38,74,60,0
0,520,408,159,0,37,69,190,2
0,567,86,49,0,58,76,70,0
0,432,382,91,0,36,74,130,1
0,363,601,271,1,32,81,250,2
0,455,96,29,0,51,65,70,0
1,375,551,293,1,31,80,250,2
0,533,60,20,0,74,64,40,0
1,506,333,141,1,50,70,200,2
1,450,440,287,0,38,72,250,2
0,405,132,54,0,61,68,40,0
0,468,198,83,0,46,75,100,0
0,448,134,46,0,49,72,80,0
0,447,84,35,0,61,59,20,0
0,372,450,135,0,21,84,120,2
0,488,60,23,0,58,73,90,0
0,455,332,154,0,48,78,150,2
1,367,242,148,1,41,73,130,2
0,404,198,56,0,35,71,100,0
0,410,319,111,0,44,68,160,1
0,450,449,163,0,23,72,210,2
0,332,106,42,0,42,78,40,1
0,459,60,25,1,60,68,40,0
1,301,333,236,1,28,75,190,2
0,332,209,62,0,46,78,110,2
0,541,700,141,0,14,72,250,2
0,407,90,27,0,42,73,70,0
0,398,330,121,0,40,65,120,1
0,491,251,75,0,46,65,130,0
0,512,340,201,1,36,67,250,2
0,358,72,25,0,51,72,110,1
0,387,192,51,0,51,67,120,1
0,390,476,204,0,19,74,240,2
0,466,60,34,0,48,66,100,0
0,516,60,26,0,48,80,60,0
1,299,507,300,0,23,82,250,2
0,505,60,27,0,53,68,60,0
1,310,285,191,1,48,81,130,2
0,466,113,28,0,47,72,30,0
0,356,196,84,0,41,73,110,2
0,428,667,266,0,15,68,250,2
0,429,114,26,0,61,69,40,0
0,419,102,29,0,55,68,30,0
0,454,453,241,1,37,78,180,1
1,319,140,82,1,38,68,90,2
1,298,78,55,0,42,76,80,2
0,456,90,49,0,51,66,60,0
0,502,291,127,0,45,68,120,1
1,388,172,86,1,43,68,160,2
1,410,409,190,1,31,71,190,2
0,472,321,119,0,39,64,180,1
1,433,249,173,1,32,70,110,2
0,387,147,67,0,54,75,100,1
0,396,193,114,0,47,72,90,1
0,385,551,276,1,15,76,250,2
1,510,211,72,0,48,74,110,1
1,395,283,208,1,43,75,210,2
1,422,720,183,1,11,69,250,2
0,453,611,215,0,14,76,220,2
1,282,195,134,1,37,76,140,2
0,531,77,43,0,61,74,60,0
0,443,304,120,0,39,74,200,1
0,486,226,76,0,50,67,130,0
0,361,680,300,1,13,69,250,2
0,458,60,30,0,61,72,50,0
0,432,92,21,0,66,68,60,0
1,282,328,257,0,32,83,240,2
0,387,223,111,0,43,72,170,2
0,356,85,43,0,52,70,80,1
1,300,422,146,0,27,73,170,2
0,453,480,126,0,28,68,140,1
0,415,214,69,0,32,78,80,0
1,383,552,291,1,16,74,250,2
0,518,153,81,0,50,73,140,0
1,365,694,300,1,11,71,250,2
0,322,284,93,0,45,68,110,2
1,343,124,79,0,49,75,90,2
0,479,224,101,0,48,74,100,1
0,415,162,64,0,59,82,80,0
0,526,280,163,0,43,62,210,2
0,472,242,55,0,40,66,120,0
1,246,199,112,1,36,85,100,2
1,367,357,225,1,41,68,210,0
1,410,384,123,1,40,73,120,2
0,504,79,13,0,49,71,30,0
1,502,489,300,1,28,78,250,2
0,495,60,16,1,56,75,60,0
0,457,333,147,1,48,72,210,2
0,468,76,33,0,64,75,30,0
0,426,79,35,0,55,71,50,0
1,272,88,46,0,43,75,50,2
0,437,720,300,1,22,66,250,2
0,453,497,244,0,25,68,250,2
1,290,203,131,1,52,72,180,2
1,467,362,226,1,46,83,220,2
1,445,475,219,0,21,75,190,2
0,381,101,38,0,50,68,80,0
0,518,60,17,0,68,67,50,0
0,434,152,33,0,49,60,40,0
0,411,78,15,0,40,68,60,0
1,450,194,135,1,56,60,160,2
1,356,314,175,1,26,74,160,2
1,507,60,33,0,72,59,60,0
0,392,171,71,0,53,68,90,1
1,253,292,170,1,34,76,180,2
1,355,439,281,0,31,72,200,2
0,474,218,112,1,55,63,100,1
0,403,286,103,0,36,72,110,1
1,296,351,177,1,39,83,220,2
0,446,300,106,0,47,78,130,1
1,257,376,209,1,27,71,250,2
0,465,66,19,0,45,67,50,0
1,366,693,300,1,11,81,250,2
1,409,268,174,0,46,67,240,2
0,380,494,141,1,14,79,230,2
1,450,325,260,1,42,72,200,2
0,425,417,148,0,44,71,140,2
0,458,285,126,0,32,63,150,1
0,482,91,40,0,49,75,60,0
0,377,106,43,0,49,78,80,1
1,436,720,300,1,10,72,250,2
1,275,515,300,1,20,81,250,1
0,366,479,192,0,25,73,240,2
0,548,96,25,0,75,67,50,0
0,490,137,56,1,59,73,30,0
1,520,270,195,1,45,66,180,2
1,334,388,251,1,30,79,250,0
0,440,114,38,0,57,73,100,0
0,461,381,164,0,41,75,230,2
0,449,293,82,0,45,70,130,1
0,397,245,132,0,46,66,140,1
1,312,400,267,1,33,75,210,2
0,430,134,78,0,40,71,90,0
1,285,364,289,0,39,83,210,2
1,313,559,242,1,13,81,250,2
1,387,200,142,0,40,66,110,2
1,383,205,116,1,48,64,100,2
1,440,295,177,0,37,67,250,2
1,345,298,152,0,30,72,140,2
0,420,420,164,1,38,66,110,2
0,456,149,56,0,51,55,70,0
0,409,446,147,0,27,68,160,2
1,343,720,300,0,9,78,250,2
0,404,194,106,0,40,77,140,1
0,424,240,100,0,43,77,90,1
0,508,294,87,0,39,75,180,1
1,278,720,300,1,12,81,250,1
0,499,221,94,0,44,79,140,1
0,471,119,27,1,61,67,10,0
0,528,435,194,0,28,75,190,2
1,600,354,83,0,57,68,150,1
0,506,106,48,0,57,69,100,0
0,481,472,116,0,30,75,140,1
1,283,400,282,0,29,74,130,2
0,375,505,230,1,28,78,250,2
0,453,342,187,1,38,67,180,2
0,365,242,85,0,40,74,100,1
0,480,478,160,0,37,73,240,2
1,240,510,300,1,21,85,250,2
0,492,95,21,0,63,68,50,0
0,403,270,193,0,42,64,110,2
1,398,720,300,0,6,81,250,2
1,307,286,209,1,47,76,150,2
0,355,435,94,0,28,69,130,2
0,511,720,138,0,12,87,180,2
1,453,241,170,1,40,75,110,2
1,365,476,257,0,22,82,250,2
0,468,253,145,0,55,68,160,0
1,362,413,248,1,38,82,190,2
0,449,720,300,1,17,67,250,2
0,457,60,29,1,57,70,20,0
0,462,208,90,0,45,72,190,1
0,502,193,72,0,49,65,100,0
0,475,236,76,0,41,68,150,1
0,436,97,31,0,51,69,80,0
0,396,437,150,0,40,64,220,2
0,426,404,119,0,39,72,180,1
0,475,126,54,0,45,67,80,0
0,374,180,51,0,49,72,90,1
1,437,121,87,1,64,73,150,2
0,420,164,50,1,56,72,90,0
1,332,473,179,1,22,72,180,2
0,380,69,27,0,55,69,80,0
0,468,178,41,0,51,67,120,0
0,434,60,29,0,64,65,30,0
1,471,190,106,0,47,68,50,1
0,371,273,98,0,30,72,130,0
0,391,137,75,0,47,68,80,1
0,430,66,32,0,59,62,80,0
1,337,473,266,1,31,76,250,2
1,375,314,203,0,28,71,250,2
0,450,135,88,0,47,65,90,0
0,459,166,48,0,54,65,130,0
0,495,134,71,0,51,70,100,0
0,369,107,49,0,53,65,90,1
0,436,363,194,1,28,80,250,2
1,329,720,300,1,6,81,250,2
1,405,60,39,0,39,69,70,1
0,456,209,93,0,51,63,110,0
0,385,551,288,1,21,78,190,2
0,374,124,67,0,40,70,120,1
0,460,401,84,0,36,64,150,1
0,451,419,158,0,31,68,220,2
0,424,104,37,0,48,65,70,0
0,467,199,75,0,45,71,160,0
0,486,259,48,0,53,67,140,0
1,352,251,128,1,39,78,210,2
0,392,298,178,0,42,70,190,2
0,371,352,178,0,30,75,220,2
0,436,237,66,0,47,64,160,0
0,378,451,126,0,27,73,150,2
1,396,436,261,1,26,72,250,2
1,460,342,199,1,44,70,150,2
0,417,60,11,0,51,67,30,0
1,352,129,57,1,33,71,90,2
0,534,616,300,0,17,70,250,2
1,480,513,300,0,26,66,250,2
0,411,649,183,1,20,74,250,2
0,456,227,61,0,40,69,50,0
0,466,720,50,0,12,64,250,2
1,374,287,198,1,35,74,140,2
0,525,190,65,0,51,64,80,0
1,381,72,29,0,60,66,70,1
0,446,380,115,0,40,87,190,2
1,423,720,300,1,16,76,240,2
0,494,712,288,0,9,71,250,2
1,440,356,268,1,31,72,190,2
0,476,147,41,0,57,67,110,0
0,357,199,84,0,36,89,80,2
1,340,505,300,1,23,78,250,2
1,432,276,113,1,42,73,120,2
1,392,309,191,1,37,64,220,2
0,491,258,106,0,48,69,120,1
0,529,225,97,0,52,64,190,1
0,376,75,17,0,49,77,40,0
0,476,209,144,1,48,76,120,2
0,418,112,54,1,48,65,60,0
0,481,241,102,0,34,65,190,0
1,372,84,38,0,47,67,70,1
1,508,657,300,1,18,82,250,2
0,441,219,100,1,49,66,140,1
0,402,186,82,0,48,69,100,1
0,455,433,198,0,40,73,230,2
1,397,505,300,1,37,61,250,2
0,476,137,70,0,61,72,130,0
0,472,607,174,0,27,74,250,2
0,573,263,19,0,51,64,90,0
0,414,166,69,0,48,67,110,0
1,368,393,300,1,30,71,250,2
1,332,720,300,1,11,81,250,2
0,439,60,22,1,65,74,60,0
0,461,720,132,1,14,73,160,2
1,394,677,300,1,13,79,250,2
0,438,176,65,0,47,66,80,0
1,332,247,141,1,37,75,250,2
1,313,432,224,0,19,76,250,2
1,333,431,300,1,28,75,250,2
0,507,579,258,0,21,67,220,2
0,487,167,55,0,48,61,60,0
1,384,376,176,0,43,73,170,2
0,387,60,23,0,67,68,60,0
0,415,117,49,0,46,68,70,0
0,539,622,300,0,26,71,250,2
0,484,324,167,0,45,75,250,2
1,413,512,300,1,31,61,250,2
0,483,159,52,0,46,83,100,0
1,497,259,159,1,54,64,160,2
1,279,457,300,1,31,76,250,2
0,415,277,137,0,34,78,140,1
0,408,327,210,1,40,78,210,0
1,416,385,231,1,42,62,160,2
0,458,333,105,1,46,65,190,2
1,442,130,55,1,66,69,70,1
1,339,720,300,1,11,72,250,2
0,503,164,69,0,55,71,110,0
1,370,396,187,1,28,73,220,2
0,454,60,25,0,52,60,60,0
0,509,169,83,0,52,75,80,1
1,453,375,215,0,36,75,200,2
1,415,565,220,1,18,74,240,2
0,475,60,25,0,61,77,70,0
0,537,281,69,1,57,71,130,1
0,445,387,186,1,31,67,150,2
0,413,351,124,0,25,65,120,1
0,449,412,219,0,40,59,190,2
0,433,314,126,0,37,66,180,1
0,302,124,54,0,53,76,80,2
1,407,315,132,1,38,70,160,2
0,425,202,139,0,59,67,130,1
0,507,404,196,0,37,72,170,2
1,322,563,300,0,31,77,250,2
1,254,239,187,1,52,83,230,2
1,401,302,150,0,44,75,230,2
0,469,177,39,0,51,69,70,0
0,439,61,24,1,58,67,100,0
0,421,327,168,0,32,76,220,2
0,381,172,94,0,44,73,120,1
0,428,91,37,0,58,66,60,0
0,432,374,175,1,35,64,230,2
0,503,400,113,0,43,78,230,2
0,438,60,26,0,58,74,30,0
1,370,720,300,1,11,73,250,2
0,521,434,234,0,43,71,250,2
1,341,345,244,1,32,79,250,0
0,477,287,95,1,40,76,100,1
0,426,406,173,0,43,70,250,2
0,531,194,62,0,58,61,70,0
0,439,479,173,1,18,77,240,2
0,455,60,32,0,72,62,30,0
1,365,423,236,1,35,71,250,2
1,388,340,222,1,29,73,220,2
0,494,71,29,0,51,70,70,0
0,477,415,61,0,29,72,120,1
1,391,260,133,1,42,82,150,2
0,520,378,140,1,36,72,140,2
0,478,325,111,0,34,66,130,1
0,413,114,33,0,57,55,110,0
1,293,73,49,1,45,75,120,2
0,414,290,83,0,35,72,150,0
0,470,400,112,0,27,81,140,1
0,464,268,93,0,38,60,150,1
0,517,138,26,0,58,76,50,0
0,380,720,300,0,11,80,230,2
1,359,386,210,1,25,80,190,2
0,361,60,27,0,55,74,10,0
0,353,336,137,0,41,65,90,2
0,418,152,53,0,42,62,100,0
0,453,344,152,1,49,65,200,2
1,443,197,95,1,45,75,80,2
0,387,220,119,0,38,73,130,2
0,394,84,46,0,51,71,130,0
0,346,206,71,0,37,76,100,2
0,445,119,72,0,43,74,140,0
0,413,218,59,0,32,69,100,0
1,491,234,134,0,42,69,220,2
0,470,516,191,0,21,70,220,2
1,362,720,300,1,9,74,230,2
1,330,226,136,1,46,71,160,2
1,270,720,294,1,13,86,250,2
0,381,720,101,0,12,81,180,2
0,403,77,20,0,51,74,50,0
1,326,313,188,1,35,69,250,2
1,320,288,129,1,34,74,110,2
1,401,720,300,1,13,69,250,2
0,445,208,97,0,43,70,110,0
0,397,573,300,0,16,77,250,1
1,510,590,300,1,20,75,250,2
0,347,399,143,0,31,69,200,2
0,452,259,69,1,31,79,100,1
0,409,251,103,0,49,63,250,1
0,422,354,94,0,36,71,170,1
0,385,255,160,0,48,76,140,2
0,434,60,29,0,43,73,50,0
0,423,615,269,0,19,73,250,2
0,400,261,102,0,44,71,180,1
0,385,234,68,0,46,68,120,1
0,354,409,147,0,32,80,210,2
1,354,324,189,0,28,73,240,2
0,429,559,211,0,19,64,210,2
0,425,142,72,0,57,66,80,0
1,367,720,300,1,8,76,250,2
1,338,416,212,0,25,77,210,2
0,439,720,300,0,10,76,250,2
0,377,632,300,0,15,79,250,2
0,526,191,43,0,48,63,100,1
0,410,60,31,0,57,67,90,0
1,364,60,40,0,59,67,60,1
1,339,142,67,0,39,76,40,2
1,338,122,52,0,60,70,90,2
0,421,126,40,0,57,72,70,0
0,429,456,239,0,22,68,250,2
1,357,323,95,1,35,76,180,2
0,435,353,100,1,33,69,180,2
0,399,379,117,1,25,79,200,2
1,388,495,300,1,25,74,240,2
0,552,90,43,0,68,59,60,0
0,406,117,15,0,56,70,20,0
1,417,208,105,1,42,65,90,2
0,452,129,42,0,54,74,90,0
0,483,294,79,0,42,70,180,1
0,469,115,38,0,64,68,70,0
0,460,217,99,0,40,62,100,0
0,433,267,92,0,44,69,120,1
0,428,60,29,1,64,60,30,0
0,381,105,45,0,55,73,50,0
1,353,157,122,1,43,72,110,2
0,370,215,103,0,47,72,80,1
1,333,396,211,0,37,76,250,2
0,490,477,105,0,29,74,150,1
1,381,669,300,1,16,79,250,2
0,479,141,39,1,54,68,70,0
0,508,168,81,0,56,68,90,0
1,347,252,166,1,46,79,180,2
0,430,299,190,0,39,75,220,2
0,419,515,235,0,26,75,210,2
0,394,315,119,1,40,73,120,2
1,323,454,230,0,35,83,250,2
0,492,64,10,0,61,65,40,0
0,445,203,77,0,45,75,140,1
0,542,487,153,1,29,67,230,2
0,468,166,76,0,50,64,70,0
0,413,243,59,0,38,82,100,1
0,477,60,30,0,56,75,40,0
0,419,537,164,1,26,71,240,2
0,495,63,28,1,67,58,50,0
1,340,720,300,1,9,69,250,2
1,286,352,263,1,26,81,240,2
1,319,720,300,1,10,82,250,0
0,397,378,155,1,24,74,210,2
1,331,720,300,1,11,80,250,2
0,406,187,69,0,39,57,80,0
1,419,298,183,0,42,70,110,2
0,524,189,58,0,50,75,100,0
0,353,89,47,0,38,73,90,1
0,498,253,92,0,40,75,210,1
0,426,111,26,1,59,78,20,0
1,414,245,71,0,45,68,120,0
1,259,213,166,1,41,82,70,2
1,411,229,130,0,43,69,170,0
0,334,116,55,1,50,73,50,2
0,465,60,26,0,65,71,60,0
0,447,89,65,0,57,69,130,0
1,388,477,300,1,27,84,250,2
0,398,162,70,0,56,64,120,0
1,428,320,110,1,32,73,160,2
0,469,621,60,1,23,73,180,2
0,439,720,44,0,10,82,210,2
1,437,720,300,1,12,74,250,2
0,445,661,132,0,23,72,200,0
0,476,438,110,0,40,72,200,1
0,428,458,249,0,32,78,200,2
1,390,720,300,1,9,75,250,2
0,448,397,197,0,32,68,250,2
0,430,104,33,1,59,62,50,0
0,373,190,62,0,61,69,140,1
0,448,245,86,0,42,71,150,1
0,509,76,12,0,44,59,30,0
0,434,60,34,0,52,64,60,0
1,412,484,300,1,24,73,240,2
1,357,142,113,1,52,65,110,2
0,456,240,120,0,43,73,130,1
1,361,498,300,1,22,73,200,2
0,412,193,87,0,47,65,80,0
0,490,197,82,0,48,72,110,0
0,408,137,59,0,37,72,130,0
0,479,71,19,0,72,68,40,0
0,505,332,83,0,37,72,140,1
0,478,233,54,1,43,69,100,1
1,287,139,62,1,54,68,160,2
0,436,175,80,0,52,61,90,0
1,345,592,300,0,13,66,250,2
0,425,60,2,0,64,70,20,0
0,427,175,87,0,46,68,100,0
0,488,97,25,0,52,68,40,0
0,412,175,59,0,39,61,130,0
1,363,60,26,0,44,66,30,1
1,358,82,49,0,68,64,50,1
0,508,60,18,0,49,63,70,0
1,357,720,300,1,8,75,250,2
1,273,372,290,0,22,76,250,2
0,356,101,48,0,48,80,60,1
0,453,105,22,1,47,73,40,0
1,306,493,300,0,23,88,250,0
0,468,306,93,1,40,71,120,1
1,281,324,185,0,34,68,150,2
0,423,654,300,0,17,90,250,2
0,353,85,42,0,58,69,60,1
0,456,60,30,0,68,70,50,0
0,482,626,171,1,17,77,210,2
1,413,251,149,0,29,74,180,2
0,365,60,29,0,47,66,70,0
0,412,252,68,0,39,70,100,0
1,376,339,241,1,37,67,180,2
0,365,244,45,0,36,73,30,1
0,422,500,174,1,25,65,230,2
0,510,680,300,1,23,72,250,2
0,426,141,68,0,54,69,90,0
0,345,308,125,0,40,82,100,2
0,404,157,89,1,46,73,50,1
0,403,517,300,0,25,73,250,2
1,539,113,46,0,64,65,70,0
0,533,278,70,1,41,69,40,1
0,486,391,116,1,44,64,130,2
0,417,332,173,1,35,75,210,2
1,474,269,149,0,33,73,160,2
0,393,228,61,0,33,56,90,0
1,450,493,233,1,30,75,210,2
0,481,236,48,0,50,70,100,0
1,364,362,227,1,22,84,190,2
0,506,174,83,0,49,63,60,0
1,358,167,83,0,47,84,130,2
0,356,355,192,0,32,78,230,2
1,458,155,80,0,44,72,60,1
0,415,402,135,1,34,68,140,2
0,450,456,299,0,24,57,220,2
0,526,374,120,1,47,70,210,2
1,339,277,116,1,28,80,130,2
1,349,61,45,1,51,75,90,2
0,513,329,107,0,43,70,190,1
0,468,66,17,0,57,70,60,0
0,400,120,59,0,52,67,80,0
1,323,256,131,1,39,75,160,2
1,353,170,101,0,48,71,130,2
1,323,177,99,0,50,71,120,2
0,446,234,82,0,46,61,120,0
1,380,720,300,0,15,75,250,2
1,394,492,300,1,23,78,230,2
0,392,447,150,0,24,65,130,2
0,431,133,43,0,47,74,100,0
0,317,581,300,0,15,80,250,2
0,457,720,240,0,13,77,250,2
0,493,155,66,0,59,63,60,0
0,378,720,73,0,10,75,250,2
0,459,108,45,0,59,69,80,0
0,404,181,79,0,57,74,150,1
0,460,156,73,1,53,65,100,1
0,457,177,63,0,51,70,100,0
1,388,60,37,0,54,72,60,1
0,453,60,20,1,49,77,40,0
0,501,169,41,1,37,67,80,0
0,467,565,220,0,20,70,250,2
1,310,280,174,1,35,81,170,2
1,381,187,120,1,48,73,110,2
0,416,385,201,0,32,77,190,2
1,371,454,300,0,38,74,250,2
0,429,319,109,1,30,73,110,2
1,342,203,118,0,52,67,100,0
0,429,176,114,0,54,60,110,0
0,437,60,24,0,62,65,70,0
0,503,582,231,1,22,72,220,2
0,414,330,93,1,44,70,100,1
0,335,135,44,0,36,74,90,1
1,364,420,273,0,25,79,250,2
1,276,306,145,0,29,80,170,2
0,470,274,67,0,35,73,80,0
0,351,720,267,0,7,76,250,2
0,370,396,169,0,33,64,160,2
0,401,323,155,0,40,76,140,2
0,512,406,119,1,38,70,110,2
0,396,628,152,0,15,69,230,2
1,360,720,300,1,11,87,250,2
0,463,358,199,0,38,77,170,0
0,524,255,75,0,52,70,100,0
0,458,65,21,0,55,65,80,0
0,489,289,144,0,47,61,130,1
0,478,189,90,0,53,70,120,0
1,290,144,74,1,48,71,70,2
0,467,283,107,0,59,68,90,1
0,492,68,19,0,52,70,70,0
1,308,252,187,1,38,80,250,2
0,421,498,268,0,27,76,250,2
1,318,341,218,1,29,73,190,2
0,473,334,159,0,32,77,160,2
0,431,323,180,0,39,71,180,2
1,352,320,222,1,29,71,190,2
1,285,590,300,1,16,84,250,2
0,416,176,86,1,67,76,100,1
0,406,72,20,0,64,71,70,0
1,407,348,164,1,44,71,250,2
0,392,720,199,1,17,79,160,2
0,443,104,41,0,52,62,100,0
1,359,720,228,1,16,69,250,2
0,387,60,15,0,67,73,50,0
1,297,98,46,0,47,81,110,2
1,292,153,70,0,57,71,150,2
1,345,88,65,1,53,68,70,2
1,398,720,300,1,6,71,250,2
0,448,60,23,0,57,73,40,0
0,450,105,28,1,47,67,70,0
0,412,439,127,0,20,70,150,2
1,434,369,285,0,30,68,250,2
1,344,324,217,1,38,76,140,0
0,457,181,71,0,47,64,150,0
0,426,354,156,0,40,71,220,2
1,416,125,54,0,49,58,40,0
0,424,98,46,0,43,68,60,0
0,469,362,93,1,39,69,190,2
1,359,147,91,0,50,83,120,2
1,431,362,251,1,35,61,250,2
1,317,258,158,0,47,79,160,2
1,266,217,110,1,50,78,170,2
0,386,197,89,0,44,77,160,1
1,449,60,35,1,52,77,100,1
0,427,294,90,0,37,71,120,1
1,381,459,265,0,22,70,250,2
0,382,538,135,0,21,85,170,0
0,423,73,45,0,51,74,100,0
0,383,475,137,0,28,64,160,2
0,376,76,52,0,62,79,70,1
1,331,528,300,1,18,73,250,2
1,406,99,65,1,49,72,40,1
1,428,189,129,1,50,78,200,2
1,415,181,113,1,51,67,140,2
0,340,183,85,0,42,74,120,2
1,389,492,247,1,23,77,200,2
1,361,69,35,0,59,66,40,1
1,252,350,174,1,35,89,150,2
0,435,227,104,0,39,73,110,1
0,422,270,53,0,42,88,80,0
1,425,493,179,1,28,77,190,2
0,454,682,208,0,17,79,250,2
1,336,196,104,1,43,71,110,2
1,454,720,300,0,12,76,250,0
0,338,359,165,0,41,78,140,2
1,355,224,151,0,43,76,150,2
1,251,215,115,0,44,71,120,2
1,296,487,300,1,25,79,250,2
0,446,77,43,0,56,66,50,0
1,300,560,300,1,19,78,250,2
0,378,164,63,0,41,77,110,1
0,554,357,133,0,38,69,110,1
1,279,188,105,0,48,87,100,2
1,505,327,132,0,45,74,160,2
1,362,229,154,0,39,76,110,2
0,423,651,220,1,18,74,190,2
0,448,542,300,0,28,73,250,2
1,483,263,82,0,37,79,190,2
0,392,320,125,1,39,64,120,2
1,354,387,175,0,41,78,170,2
1,419,188,92,0,51,65,60,1
1,395,148,69,0,49,70,150,1
0,475,64,28,0,61,69,90,0
1,411,175,92,1,57,66,130,2
1,501,242,145,0,58,71,110,2
0,458,203,70,0,54,81,90,0
0,446,60,23,0,52,72,60,0
0,451,411,144,1,50,68,160,2
0,427,504,208,1,34,65,250,2
1,449,720,300,1,13,68,250,2
1,376,77,61,0,46,64,40,1
1,445,325,142,1,45,69,180,2
0,467,348,170,0,25,73,100,2
1,419,60,39,1,58,67,60,1
0,460,72,20,0,55,66,30,0
1,304,585,300,1,17,80,250,2
0,407,160,49,0,56,72,80,0
1,434,293,139,1,47,71,140,2
1,474,182,113,0,67,67,130,1
1,240,417,300,1,24,78,250,2
1,335,379,300,1,42,81,250,2
1,376,131,78,1,47,70,100,2
0,376,375,206,0,34,78,170,2
1,332,60,33,0,60,71,60,2
0,458,284,107,0,42,70,140,1
0,514,236,124,0,43,72,130,1
0,333,577,221,1,15,75,210,2
1,363,232,164,1,37,68,180,2
0,458,124,45,0,57,56,50,0
0,489,518,95,1,32,69,190,2
1,412,200,78,0,38,71,80,1
1,513,127,42,1,49,73,110,1
1,377,627,300,1,13,85,250,2
0,500,378,199,1,29,74,230,2
0,387,256,109,0,37,73,130,1
0,437,100,29,0,57,68,70,0
0,389,552,122,0,24,75,220,2
0,465,183,94,0,48,74,60,0
1,351,319,193,1,37,84,180,2
0,452,695,300,0,23,73,250,2
0,419,65,24,0,51,66,20,0
0,449,290,176,0,52,68,180,2
0,454,610,285,0,24,67,220,0
0,370,60,23,0,55,86,50,0
0,403,325,56,1,40,65,80,1
1,388,200,104,0,53,69,120,2
0,467,310,118,1,46,69,160,2
0,528,287,151,0,33,72,170,2
0,435,283,152,0,38,70,190,2
0,470,88,39,0,63,66,90,0
0,354,265,150,0,44,71,120,2
0,550,441,113,0,34,74,130,1
0,450,105,38,0,62,69,80,0
0,432,284,107,0,50,70,110,1
0,441,195,42,0,39,69,70,0
0,379,446,222,1,36,71,170,2
0,393,60,17,0,58,77,70,0
0,530,263,127,0,61,71,100,1
0,385,547,204,1,21,78,240,2
0,384,168,40,1,43,80,110,1
0,384,60,32,0,48,79,70,0
0,375,256,132,0,47,70,160,2
0,435,535,219,0,19,71,250,2
0,504,243,68,0,60,66,100,0
0,404,214,125,0,38,68,160,1
1,293,88,54,0,57,80,120,2
1,410,720,300,1,10,74,250,2
1,371,285,113,0,38,73,170,0
1,460,720,300,1,13,76,250,2
1,343,601,300,0,16,83,230,2
1,371,191,104,0,58,78,80,2
0,427,287,140,0,49,76,140,1
0,454,456,89,0,19,68,180,1
0,430,597,213,0,25,78,220,2
1,351,280,107,0,33,73,210,2
1,240,307,236,0,32,83,210,2
0,391,60,23,0,62,71,50,0
1,440,720,300,0,10,60,250,2
0,477,338,143,1,26,70,250,2
0,411,297,107,0,35,78,210,1
0,484,60,31,0,69,74,60,0
0,433,314,105,0,50,70,150,0
0,368,254,102,0,44,69,60,1
1,274,359,143,1,37,76,190,2
1,460,440,277,1,36,76,250,2
1,333,318,214,1,43,80,150,2
0,374,323,122,1,38,82,110,2
1,240,479,237,1,25,81,230,2
0,430,225,47,0,35,85,110,0
0,455,310,188,1,30,68,250,2
1,326,199,115,0,40,87,90,2
0,382,267,136,0,44,81,130,2
0,392,229,87,0,33,71,100,1
0,512,347,25,0,26,75,120,0
1,277,454,284,1,21,77,250,2
0,387,319,193,1,43,73,160,2
0,495,315,164,0,33,78,150,2
1,424,686,300,0,9,73,250,2
1,387,234,135,0,34,68,140,2
1,314,246,186,1,29,70,220,2
0,451,621,146,0,19,70,190,0
0,393,67,29,1,53,72,20,0
0,392,366,154,0,35,79,140,2
0,395,570,184,0,19,71,250,2
1,429,326,178,1,30,74,250,2
0,431,95,39,1,46,80,40,0
0,450,223,114,0,49,62,190,1
1,385,71,36,0,49,74,80,1
1,390,224,171,0,53,68,150,2
1,372,333,121,0,39,68,160,2
1,341,479,206,0,26,77,210,2
1,317,229,144,1,33,85,180,2
1,276,286,169,0,33,78,140,2
0,378,488,200,0,29,70,190,2
1,364,191,97,1,50,67,150,2
0,354,497,246,0,36,76,180,1
0,365,276,125,0,42,72,160,2
0,502,476,165,0,20,68,190,2
1,375,131,104,1,58,68,70,2
1,328,287,226,1,44,77,120,2
0,548,205,85,0,52,67,80,0
0,367,232,94,0,46,71,90,1
1,443,385,220,0,52,68,240,2
1,382,248,117,1,43,76,150,2
0,489,159,68,0,49,72,100,0
0,440,143,53,0,46,70,70,0
1,258,720,300,0,7,84,250,2
0,454,90,30,0,49,71,90,0
1,413,250,128,0,33,76,230,2
0,340,420,201,0,35,67,250,0
0,547,642,184,0,19,82,250,2
0,435,422,285,0,35,70,240,2
0,483,456,87,0,33,69,100,1
0,391,563,166,0,27,72,240,2
0,484,208,57,0,47,71,100,0
1,436,199,154,1,55,65,90,2
0,447,60,15,0,44,71,70,0
1,374,235,149,0,46,73,180,2
0,375,129,76,0,50,79,60,1
1,359,60,34,1,55,68,110,0
0,409,93,31,0,55,80,80,0
0,478,720,171,1,22,70,250,2
0,392,200,89,0,38,69,170,1
0,463,95,22,0,48,67,40,0
1,316,290,136,0,39,77,110,2
1,371,454,230,1,26,76,250,2
1,418,331,217,1,40,74,160,2
0,414,144,47,0,51,65,100,0
1,435,643,300,0,16,64,240,2
0,462,720,212,0,7,76,250,1
1,341,617,300,1,10,79,250,2
1,456,287,197,0,40,73,210,2
0,438,193,52,0,55,70,100,0
0,505,374,131,0,39,65,120,1
0,539,288,33,0,39,68,70,0
1,373,720,300,1,9,78,250,2
0,467,479,191,0,26,73,170,2
1,345,87,52,1,67,77,80,2
0,398,355,134,0,33,77,130,2
0,425,60,21,0,52,67,70,0
0,381,720,176,0,15,86,250,2
0,388,165,71,0,55,64,70,0
1,416,82,45,0,61,65,80,0
0,409,258,18,0,34,72,90,0
0,470,519,193,0,23,66,120,2
0,449,510,160,0,38,65,220,2
0,542,352,86,0,43,61,110,1
1,411,227,142,0,48,74,180,2
0,475,140,87,0,43,52,140,0
1,418,150,102,1,42,72,120,2
1,411,414,227,1,20,78,210,2
1,441,338,216,1,39,73,180,2
0,468,65,32,0,54,66,70,0
0,445,412,102,0,34,65,160,1
1,389,60,31,1,61,78,60,1
1,427,565,269,0,18,75,240,2
1,328,615,250,1,15,70,190,2
0,399,433,183,0,32,69,170,0
0,521,264,57,1,45,76,40,1
0,528,239,101,0,50,76,200,1
1,309,640,300,1,12,79,250,2
0,401,255,80,0,43,79,160,1
0,507,143,28,0,54,70,110,0
1,412,407,242,1,38,67,250,2
0,468,636,300,0,15,66,250,2
0,479,147,69,0,46,80,70,0
0,422,124,53,0,44,60,60,0
0,466,215,76,1,49,69,80,1
0,447,272,110,0,46,80,160,0
0,392,104,34,0,46,70,30,0
0,465,60,26,0,55,75,50,0
0,496,252,84,0,53,73,80,0
0,418,230,128,0,45,73,90,1
1,385,76,50,1,52,72,90,2
0,460,83,22,0,61,66,80,0
0,420,216,58,0,38,68,90,0
0,453,119,63,0,52,66,80,0
0,400,104,41,0,49,68,50,0
0,486,121,75,0,52,70,50,0
0,451,88,34,0,63,64,50,0
1,324,330,199,1,34,77,180,2
0,519,356,194,0,47,69,210,2
1,386,637,300,1,10,87,250,2
0,383,92,52,0,33,83,40,1
0,505,283,124,0,46,71,130,1
0,444,187,118,0,39,62,140,1
1,250,89,62,1,49,81,40,2
0,408,60,34,0,53,77,80,0
0,463,576,176,1,21,62,220,2
0,342,371,109,0,50,76,140,2
0,439,471,262,0,21,77,250,2
1,401,704,185,1,11,76,250,2
0,360,248,116,0,48,75,60,2
1,408,710,297,1,15,71,250,2
1,375,293,177,1,45,74,110,2
0,375,329,145,0,45,72,180,2
0,480,385,176,0,31,69,230,2
0,476,317,129,0,37,69,130,1
0,420,103,42,0,48,63,50,0
0,440,95,37,1,60,63,30,0
0,486,360,87,0,35,66,120,1
1,360,173,97,1,42,75,110,2
1,240,180,91,1,40,76,120,2
1,409,239,143,1,42,76,110,2
0,394,168,39,0,69,68,60,0
0,415,155,82,0,63,69,80,0
0,507,145,69,0,53,66,70,0
1,380,332,133,1,38,75,140,2
1,375,107,77,1,55,72,60,2
0,445,60,28,0,52,76,110,0
0,445,450,193,0,30,77,200,2
0,389,93,40,0,51,64,90,0
1,370,60,26,1,60,77,50,1
0,421,101,47,0,56,67,90,0
0,448,60,26,0,56,68,50,0
1,410,93,63,0,55,78,100,1
1,571,352,131,1,52,69,160,2
0,376,60,16,0,36,72,30,0
1,428,666,300,1,18,80,250,2
0,494,334,122,0,46,61,190,1
0,474,476,180,0,27,74,160,2
0,417,247,111,1,36,66,140,1
1,491,113,79,1,54,67,60,1
1,240,202,132,0,35,82,110,2
0,400,241,131,0,52,60,180,1
1,457,687,300,0,21,82,250,2
0,431,89,31,0,64,71,90,0
1,471,280,207,1,46,74,150,2
0,359,383,170,0,44,68,120,2
0,394,297,115,0,30,66,150,1
0,408,562,270,0,22,73,250,2
1,419,246,140,1,45,67,230,1
0,438,169,41,0,47,67,70,0
1,355,60,24,0,44,81,50,1
0,521,224,83,0,41,69,110,0
1,480,464,293,1,26,75,250,2
0,414,414,201,0,40,72,200,2
0,349,205,72,0,40,82,150,2
0,327,434,205,0,31,69,160,2
1,406,552,259,1,20,70,250,0
0,482,720,189,0,15,67,230,2
0,438,254,131,0,51,80,130,1
1,370,527,300,1,24,59,250,2
1,333,530,276,1,21,79,250,2
0,452,332,154,1,28,75,180,2
1,492,421,249,1,38,72,230,2
1,240,221,157,0,34,76,160,2
0,431,67,24,0,55,65,100,0
0,401,156,51,0,66,71,50,0
1,270,240,131,0,41,78,150,2
1,310,720,300,1,8,74,250,2
0,453,363,73,1,39,71,160,1
0,470,720,170,1,6,76,250,2
0,493,160,92,0,51,72,190,1
0,450,102,46,0,43,73,40,0
0,332,78,34,0,57,67,40,1
0,408,318,151,0,41,69,180,2
1,277,197,127,0,38,71,110,2
1,290,71,46,1,57,78,50,2
0,464,298,123,0,37,64,160,1
0,429,304,175,0,45,66,120,1
0,464,60,25,0,53,67,60,0
0,417,134,57,1,52,70,60,0
1,430,198,149,1,43,67,130,2
1,331,297,202,1,51,67,150,2
0,490,122,45,1,58,71,70,0
0,452,189,69,0,49,71,140,0
0,424,245,83,1,47,60,190,1
0,430,60,29,0,53,68,110,0
0,434,169,57,0,52,71,140,0
1,501,260,142,0,40,73,170,2
1,392,272,176,0,47,69,140,2
0,419,136,71,0,45,80,100,0
1,358,60,38,0,39,74,80,1
1,419,720,300,0,15,78,250,2
1,439,398,158,1,34,69,190,2
1,355,648,300,0,14,81,250,2
0,377,96,53,1,49,71,80,1
0,374,382,170,0,35,80,150,2
1,377,391,293,1,30,72,210,2
1,454,447,299,0,38,71,250,2
1,357,84,52,0,49,71,80,2
0,420,180,59,0,44,70,130,0
0,346,230,59,0,42,75,60,1
0,525,720,158,0,13,63,250,2
0,463,291,135,0,40,77,160,1
0,489,90,24,0,63,60,30,0
0,498,101,21,0,60,75,70,0
0,411,60,37,0,53,73,80,0
0,454,125,41,0,53,74,40,0
0,524,580,165,0,25,69,160,2
0,443,277,174,0,45,69,150,2
0,464,321,96,0,46,74,130,1
0,478,485,143,0,30,64,150,2
1,420,523,292,0,32,66,250,2
0,428,60,25,0,55,60,40,0
0,433,379,168,1,38,76,250,2
1,444,720,300,1,11,72,250,1
0,488,72,11,0,49,74,90,0
1,456,397,261,0,30,75,220,2
0,462,472,167,0,38,77,150,2
1,416,634,300,1,16,71,250,2
0,412,720,294,1,17,67,250,2
1,334,720,300,0,11,79,250,2
1,444,212,95,0,44,69,100,1
0,421,518,237,0,30,76,240,2
1,373,327,191,1,34,74,250,2
0,503,165,43,1,35,76,60,0
0,496,122,36,0,45,76,40,0
0,465,526,102,1,25,65,180,2
1,354,108,56,1,59,62,70,2
0,413,191,100,0,53,63,90,0
0,493,149,59,0,56,64,70,0
1,372,342,129,1,33,73,100,2
0,392,144,84,0,43,67,100,1
0,495,220,119,0,38,74,130,1
1,387,446,300,1,29,76,220,2
1,349,198,107,1,49,73,140,2
0,458,68,15,0,58,70,40,0
1,457,193,70,1,36,74,110,2
0,369,192,113,0,51,69,70,1
0,424,215,88,0,45,74,120,1
0,422,108,36,0,42,61,50,0
0,457,238,59,0,47,68,120,0
0,466,456,133,1,46,74,180,2
0,407,217,98,0,38,66,110,1
1,255,143,106,1,56,71,110,2
0,471,60,35,0,64,65,80,0
1,296,343,251,1,27,78,220,2
0,433,75,30,0,65,67,80,0
1,365,255,176,0,46,76,190,2
0,443,284,92,0,41,77,90,1
0,517,264,102,0,32,72,170,1
0,600,563,127,0,33,76,150,2
1,275,64,36,1,54,76,70,2
1,458,318,140,1,40,68,200,2
0,427,181,84,1,46,76,160,1
0,487,242,108,0,55,68,130,2
0,482,76,39,0,59,62,20,0
1,458,164,124,1,44,74,120,2
1,394,110,86,0,55,75,90,1
1,312,410,219,1,32,79,250,2
1,454,202,117,1,44,71,100,2
1,398,705,300,0,12,74,250,2
0,423,353,114,0,49,67,150,1
1,341,682,300,0,13,83,250,2
1,445,234,160,1,48,66,110,2
1,502,265,115,0,48,62,110,1
0,375,156,36,0,48,76,130,1
0,481,123,35,0,53,69,10,0
0,431,76,17,1,61,72,30,0
1,287,160,82,0,47,77,130,2
0,457,648,195,0,19,75,220,2
0,393,134,77,0,36,69,150,1
0,371,720,162,0,7,82,250,2
0,380,102,57,0,36,67,100,1
0,383,234,61,0,52,62,80,1
0,417,315,63,0,45,67,110,0
1,297,376,171,1,35,76,140,2
1,347,205,105,0,39,79,60,2
0,414,60,20,0,47,67,50,0
1,386,271,188,1,45,70,160,2
1,401,142,111,1,63,70,50,2
0,463,160,31,0,48,63,100,0
0,423,126,52,0,56,78,70,0
0,436,647,145,1,23,70,230,2
0,393,84,44,0,53,74,10,0
1,318,720,300,0,9,80,250,2
0,485,720,89,0,21,65,180,2
0,362,459,110,0,18,76,190,2
1,369,60,29,1,54,70,60,1
0,418,61,25,0,50,71,30,0
1,431,720,300,0,8,80,250,2
0,363,79,37,0,64,76,100,2
0,435,223,41,0,49,72,80,0
0,437,101,57,0,45,67,80,0
0,354,557,179,0,30,72,200,2
0,381,212,99,0,45,76,110,2
0,430,237,115,0,49,66,110,1
0,475,720,171,0,15,73,250,2
1,387,720,300,0,14,76,250,2
0,463,211,91,0,43,64,110,0
1,284,60,47,0,45,75,50,2
0,370,406,70,1,32,76,120,2
0,439,720,292,1,18,71,250,1
1,288,60,32,1,55,83,50,2
0,376,294,131,0,39,68,190,2
0,481,482,174,1,22,79,250,2
0,429,168,95,1,50,78,110,1
1,320,320,242,1,36,81,230,2
0,415,258,54,0,52,75,140,0
0,451,60,21,0,61,65,30,0
0,430,720,300,0,8,67,250,2
1,304,88,51,0,50,76,100,2
0,337,371,194,0,26,73,200,2
0,529,354,160,0,45,69,180,2
0,388,96,41,0,48,67,70,0
0,476,270,18,0,39,67,50,0
0,525,78,22,0,57,73,80,1
1,400,542,233,1,23,70,250,2
0,404,500,299,0,24,74,250,2
0,378,279,50,1,40,69,70,1
1,259,497,281,1,23,79,250,2
0,453,89,30,0,38,60,40,0
0,522,105,25,0,57,63,80,0
0,415,218,78,0,45,73,120,1
0,407,60,29,0,54,64,80,0
0,454,64,41,1,47,70,60,0
0,415,147,58,0,52,69,130,0
1,409,544,300,1,27,77,250,2
1,362,122,97,0,49,65,80,2
1,331,286,182,1,45,74,170,2
0,434,368,143,0,37,68,150,1
0,523,136,65,1,58,77,40,0
0,480,168,30,0,53,79,40,0
0,489,304,112,1,47,75,140,2
1,325,431,243,1,28,81,250,2
0,504,181,88,0,65,67,130,0
1,404,139,97,1,50,70,40,2
0,375,144,45,0,52,70,110,1
0,461,374,168,0,49,71,250,2
0,394,109,35,0,59,66,50,0
0,372,720,190,0,7,71,240,2
1,369,151,92,1,59,69,90,2
1,397,455,300,0,25,71,250,2
0,442,336,119,0,42,64,200,1
0,444,329,138,0,33,80,120,1
0,418,60,26,0,66,72,40,0
1,547,681,300,1,25,75,250,2
0,375,199,68,0,45,71,130,1
1,451,720,300,1,10,73,250,2
0,420,129,85,0,46,75,100,0
0,407,192,18,0,45,75,70,0
1,371,456,269,0,21,81,230,2
0,380,240,74,1,37,74,160,2
0,405,60,10,0,49,77,50,0
0,417,299,188,0,45,66,190,2
0,372,60,19,0,64,62,60,0
0,475,502,187,0,27,70,220,2
0,386,93,44,0,46,68,40,0
1,273,720,300,1,3,81,250,2
1,299,90,61,0,52,78,100,2
1,527,101,68,0,58,64,40,0
0,351,107,36,0,57,78,70,0
1,390,571,300,1,19,73,250,2
0,382,247,190,0,33,82,220,2
0,417,432,135,0,30,69,190,2
0,450,263,145,0,46,77,250,2
0,462,198,95,0,46,64,60,0
0,400,496,122,0,23,73,160,2
0,382,720,300,0,12,76,250,2
1,418,131,87,0,57,60,160,1
0,462,476,205,1,23,70,250,2
1,370,720,300,1,10,81,250,2
0,457,95,46,0,69,67,110,0
0,412,122,35,0,54,79,50,0
0,393,390,223,0,31,68,210,2
1,375,220,155,1,37,77,110,2
0,445,190,92,1,44,70,160,1
0,465,300,133,0,48,65,230,1
0,460,88,19,0,53,72,110,0
0,396,88,26,0,53,71,60,1
1,485,120,72,1,67,70,170,1
0,417,315,129,0,33,73,130,1
0,444,67,23,0,64,72,70,0
1,267,581,300,1,11,87,250,2
0,425,132,69,0,53,64,90,0
1,397,329,182,1,40,68,170,2
1,428,115,47,0,46,66,100,0
1,484,720,300,0,12,68,230,1
0,446,267,98,0,44,63,130,1
0,448,324,131,0,37,71,160,1
0,412,347,134,0,32,69,140,1
1,328,487,300,0,21,81,250,2
0,468,65,34,0,60,75,50,0
0,482,103,44,0,40,71,20,0
1,299,312,139,0,32,82,90,2
0,486,375,105,1,38,71,110,1
1,405,523,300,1,27,78,230,2
1,312,200,125,1,44,83,80,2
0,462,181,79,0,42,66,80,0
0,382,658,300,0,7,79,250,2
0,313,156,47,0,55,76,70,2
1,363,684,300,1,11,75,250,2
0,462,60,23,0,58,62,20,0
0,429,160,56,0,46,71,90,0
1,575,720,300,0,15,73,250,2
1,386,720,300,1,11,73,250,2
1,400,512,300,1,23,70,250,2
0,441,60,21,0,46,82,20,0
0,412,60,35,0,58,66,30,0
0,466,214,124,0,40,74,180,1
0,453,287,130,0,31,72,130,1
1,397,720,300,1,16,78,250,2
1,316,160,101,0,47,63,50,2
1,250,97,75,1,59,85,140,2
1,339,299,165,0,37,71,100,2
0,464,178,16,0,46,65,70,0
0,412,339,140,0,30,80,200,0
0,449,382,125,0,37,73,120,1
0,438,218,69,0,56,69,80,0
1,420,664,300,1,14,67,250,0
0,371,70,25,0,51,69,40,0
1,403,458,300,0,37,76,240,2
1,330,60,32,0,69,73,40,1
0,373,135,55,0,55,62,140,1
0,426,317,105,1,49,75,130,1
0,526,720,219,0,15,71,250,2
0,377,119,39,0,65,76,20,0
1,383,416,166,0,30,73,170,2
0,459,76,33,0,58,69,80,0
1,551,275,145,1,47,75,170,2
1,340,476,289,0,20,75,240,2
0,403,79,32,0,61,66,40,0
1,278,213,169,0,40,71,140,2
1,454,382,199,0,31,72,210,2
1,314,403,245,1,23,76,180,2
0,416,219,58,1,44,73,80,1
0,327,191,86,1,42,74,120,2
0,494,141,59,0,37,73,150,0
0,492,103,41,0,60,71,80,0
1,419,115,75,0,51,66,80,1
1,262,149,77,0,41,84,70,2
1,417,137,63,0,50,66,110,1
0,351,223,110,0,49,65,150,2
0,437,95,58,0,52,68,70,0
1,389,383,214,1,34,64,250,2
0,450,184,40,0,39,72,50,0
0,461,272,150,1,44,67,190,1
0,434,211,65,0,44,75,50,0
0,321,156,84,0,41,76,90,2
0,476,496,175,0,29,63,190,2
0,439,387,198,1,31,72,170,2
0,389,258,97,0,42,83,110,1
1,265,611,300,0,9,87,250,2
0,527,112,29,0,48,76,90,0
1,461,250,100,0,42,79,120,2
0,455,128,58,0,52,73,80,0
1,327,394,251,1,25,74,250,2
0,294,60,24,0,57,80,50,2
0,458,205,104,0,46,74,40,0
0,468,377,123,0,41,68,170,1
1,363,552,300,0,19,72,250,2
0,476,60,24,0,62,69,40,0
0,462,60,31,0,44,62,30,0
1,402,208,81,1,53,67,80,2
0,451,720,58,0,12,75,170,2
0,452,312,78,0,38,64,180,1
0,453,60,26,0,51,69,70,0
0,407,327,109,0,42,63,110,1
0,456,220,113,0,36,64,100,1
0,373,239,122,0,37,63,150,2
1,483,348,151,1,43,73,120,2
1,412,320,165,1,36,68,170,2
0,415,137,57,0,55,80,110,0
0,424,610,300,0,16,70,250,2
1,330,271,111,1,39,74,200,2
1,480,283,131,0,39,70,130,2
1,488,213,108,0,46,64,110,1
0,484,60,23,0,61,70,50,0
1,498,97,39,1,46,70,60,1
1,385,362,233,1,29,73,210,2
0,488,175,82,1,49,68,110,1
0,481,60,25,0,55,69,70,0
0,419,263,121,0,33,65,210,1
0,438,322,127,1,45,74,190,2
1,440,459,201,1,28,71,170,2
1,420,342,180,1,43,78,180,0
1,307,720,300,1,5,82,240,2
1,240,219,110,0,45,78,130,1
0,441,256,131,0,52,70,150,1
0,345,87,21,0,49,76,100,1
1,305,75,43,1,46,80,70,2
0,391,516,176,0,30,72,200,2
0,406,286,107,0,35,74,190,1
0,491,313,71,1,46,69,70,1
0,486,720,138,0,13,82,230,2
1,425,66,30,1,56,69,80,1
0,481,72,34,0,62,75,60,0
0,467,653,300,0,20,76,200,2
1,240,394,155,1,36,82,170,2
1,375,344,151,0,24,80,200,2
1,249,243,95,0,32,82,110,2
0,460,207,62,1,44,63,130,1
1,240,439,239,1,27,79,170,2
1,377,720,300,0,10,75,250,0
0,477,710,183,0,15,74,250,2
1,281,500,300,1,33,82,250,2
0,483,113,51,0,51,66,120,0
1,410,669,300,1,14,64,250,2
0,469,326,93,0,36,69,150,1
0,469,252,125,0,40,73,140,1
0,417,123,57,0,67,68,40,0
0,442,193,49,0,55,64,90,0
0,435,141,63,0,42,73,100,0
1,389,60,26,1,55,72,40,1
1,342,446,263,1,27,75,250,2
1,273,720,300,0,6,95,250,2
0,403,96,64,0,54,62,70,0
1,362,462,138,1,34,70,230,0
0,398,86,37,0,56,73,30,0
1,449,697,300,1,15,73,250,2
0,391,596,300,0,13,72,250,2
0,426,60,5,0,57,64,90,0
1,471,321,174,0,41,64,210,2
1,438,235,154,0,36,75,130,2
1,460,278,107,1,46,69,110,2
1,348,667,300,0,23,80,250,2
0,489,205,20,0,36,63,120,0
1,285,614,300,1,11,86,250,2
0,436,60,20,0,57,72,40,0
0,425,236,71,0,47,67,220,1
0,406,252,102,0,39,74,150,1
0,416,66,26,0,61,71,60,0
1,340,720,300,1,10,82,250,1
0,400,186,35,0,55,68,50,0
0,492,395,155,1,38,65,150,2
0,440,133,1,0,49,63,80,0
0,445,91,50,0,77,64,60,0
1,386,580,300,1,24,65,250,2
1,393,182,88,0,54,74,60,1
0,454,209,69,0,42,68,170,0
0,419,120,50,0,55,64,120,0
0,505,347,138,0,46,74,40,1
1,413,201,160,1,42,72,120,2
0,435,74,18,0,60,68,50,0
0,412,275,83,0,37,79,120,0
1,366,720,300,1,15,80,250,2
0,440,307,142,1,35,71,120,2
1,464,549,300,1,24,73,250,2
0,366,124,77,0,45,64,100,1
1,436,430,215,1,46,63,250,2
0,506,184,23,0,49,63,80,0
0,360,82,25,0,55,63,60,0
0,425,279,54,0,46,67,100,0
1,300,411,272,1,23,89,250,2
1,420,336,136,1,34,69,90,2
0,417,469,180,0,26,73,250,2
1,350,68,45,0,47,76,60,2
1,361,571,300,0,21,74,250,2
1,425,454,274,1,31,72,230,2
1,391,60,34,0,55,69,70,1
0,431,222,90,0,51,66,150,1
1,371,63,47,1,53,72,90,2
0,463,146,42,0,51,67,120,0
0,421,161,44,0,45,67,120,0
0,505,92,40,0,48,68,120,0
1,288,176,140,0,56,71,110,2
1,254,190,112,0,47,84,150,2
1,248,361,214,1,25,85,190,2
1,244,720,300,1,7,87,250,2
1,422,477,297,1,29,70,180,2
0,447,275,131,0,41,64,80,1
0,495,543,164,1,25,76,220,2
0,382,475,169,1,23,65,180,2
0,487,404,112,0,40,77,240,2
0,437,61,15,1,44,80,50,0
0,458,172,47,0,57,74,80,0
1,433,60,31,1,52,69,100,1
1,322,91,49,0,50,68,70,2
0,579,189,80,1,63,66,70,1
1,468,348,218,1,29,70,250,2
0,408,431,139,0,33,73,210,2
1,283,490,300,1,19,80,250,2
0,430,513,268,0,25,80,250,2
0,459,100,23,0,52,68,90,0
1,464,720,300,0,14,78,250,2
0,376,292,92,0,32,75,170,2
0,449,388,158,0,31,71,210,2
0,358,244,102,0,54,73,190,0
1,405,462,300,1,29,76,210,2
1,382,384,164,1,23,66,190,2
0,531,168,92,0,56,63,160,0
1,266,359,233,1,31,73,200,2
0,518,335,86,1,43,72,180,1
0,364,720,275,0,12,79,250,2
0,383,142,69,0,37,67,110,1
1,272,219,120,0,43,80,120,0
0,447,148,85,0,53,68,80,0
0,391,639,127,0,20,74,220,2
0,382,520,55,1,23,77,210,2
0,460,300,105,1,50,67,130,1
1,391,269,215,1,43,75,110,2
0,421,70,25,0,59,79,70,0
0,441,60,25,0,70,66,90,0
0,526,171,60,0,50,75,90,0
0,457,96,34,0,71,71,50,0
1,431,667,300,0,14,71,250,2
0,457,284,98,0,43,74,140,1
0,380,203,92,0,39,70,130,1
0,462,69,27,0,55,75,80,0
0,387,119,54,0,50,78,80,1
1,383,373,199,1,33,73,250,2
1,381,720,300,1,9,71,250,2
0,337,217,71,0,33,79,100,2
0,369,366,121,0,27,73,180,2
1,438,176,95,1,48,70,160,2
1,343,331,159,0,28,75,120,2
0,419,70,17,0,60,75,30,0
1,401,720,300,1,16,72,250,2
1,348,648,300,1,15,76,200,2
0,455,616,148,0,24,78,210,2
0,417,165,103,1,44,68,50,1
1,403,60,19,1,56,67,40,1
0,384,152,108,0,50,75,60,1
1,403,202,101,1,42,74,130,2
1,452,377,202,1,43,63,200,2
1,335,343,193,1,31,69,170,2
0,495,204,28,0,42,73,50,0
0,417,85,41,0,54,64,100,0
0,471,409,145,0,31,73,100,1
1,384,147,87,1,59,67,90,2
1,372,388,267,0,41,79,230,2
1,399,720,300,0,7,77,250,2
0,495,390,110,1,37,64,130,2
1,391,160,80,0,50,73,110,1
1,423,456,239,0,30,76,210,2
0,416,60,26,1,69,69,40,0
0,498,70,34,0,51,67,110,0
1,434,295,163,0,41,73,100,2
1,395,322,165,0,36,76,200,2
1,366,598,300,1,14,78,210,2
0,483,175,84,0,43,70,130,0
0,404,208,123,1,36,76,60,2
1,265,653,300,1,10,75,240,2
1,380,168,134,0,35,67,140,2
1,473,720,300,1,20,71,250,2
1,486,720,300,1,19,81,250,2
0,429,227,135,0,49,78,90,1
1,393,611,295,1,10,82,250,2
0,460,226,49,1,46,70,120,1
0,406,154,60,0,48,62,100,0
0,460,257,126,0,46,72,90,1
1,354,579,300,1,18,73,250,2
1,445,616,300,0,16,77,250,2
0,471,117,23,0,56,71,70,0
0,490,241,63,1,53,80,100,1
1,375,133,82,1,46,81,180,2
0,546,370,106,0,37,67,190,1
1,408,548,300,0,20,74,230,2
0,432,232,90,0,40,69,160,1
0,396,720,264,0,15,72,250,2
0,430,241,109,0,46,70,160,1
0,440,60,22,0,57,60,70,0
0,395,213,81,0,48,68,160,1
0,420,97,49,0,66,74,40,0
0,426,366,117,1,46,54,180,1
0,437,422,188,1,37,63,250,2
1,266,309,149,1,33,85,110,2
0,413,170,112,0,33,78,100,1
0,431,317,122,1,45,64,100,1
1,388,464,294,0,29,79,250,2
1,432,592,300,0,24,77,250,2
0,537,250,87,0,55,70,160,1
1,422,326,241,1,29,71,250,0
1,288,276,175,1,42,81,160,2
1,350,102,63,0,50,72,140,2
0,479,109,24,0,59,70,130,0
1,408,138,93,1,44,76,110,2
0,484,720,257,0,19,70,250,2
0,430,199,69,1,43,69,80,1
1,349,544,300,0,23,83,250,2
0,507,247,108,1,45,65,110,1
1,394,60,25,0,47,75,60,1
0,384,181,55,0,43,73,120,1
0,508,286,143,0,49,72,170,1
1,255,60,48,0,45,79,80,2
0,275,217,106,0,39,74,190,2
1,428,576,300,1,37,62,250,2
1,423,221,103,1,46,63,170,2
1,418,585,300,0,18,71,250,2
0,354,80,38,0,50,77,50,1
0,447,179,96,0,54,71,160,1
1,355,544,300,1,17,82,250,2
1,322,262,161,0,39,78,190,2
0,505,73,23,0,68,68,40,0
1,301,579,246,0,18,85,250,2
1,412,461,227,1,29,73,250,2
1,443,146,79,1,50,75,120,2
0,454,336,66,0,38,72,140,1
0,512,200,41,0,48,65,40,0
0,463,498,148,0,24,74,240,2
0,456,421,171,1,32,71,210,2
1,415,385,207,1,40,66,220,2
0,480,356,106,0,33,79,180,1
1,363,720,300,1,11,76,250,2
0,369,212,93,0,42,72,120,1
0,482,60,30,1,60,65,70,0
0,493,294,88,0,41,65,120,1
0,432,297,158,0,43,71,160,2
0,392,305,153,0,40,78,140,2
0,357,98,43,0,47,77,50,1
1,396,720,300,1,14,71,250,2
0,367,720,223,0,13,77,250,2
0,360,377,145,1,37,88,240,2
1,373,263,138,1,38,71,120,2
0,396,269,80,0,45,72,150,1
0,452,324,168,1,38,75,220,2
0,412,279,143,0,47,68,150,1
0,419,290,29,0,41,62,100,0
1,255,133,35,1,45,88,50,2
0,407,413,117,0,35,71,170,2
1,302,173,110,1,43,81,150,1
1,304,294,147,0,39,74,190,2
0,433,126,40,0,57,80,80,0
1,294,122,73,0,54,84,50,2
0,426,158,50,0,56,68,70,0
0,462,310,123,0,33,72,140,1
0,393,136,38,0,46,71,100,0
0,456,101,52,0,54,70,70,0
0,381,249,89,0,44,69,130,1
0,379,60,20,0,45,71,10,0
1,352,60,44,1,53,62,90,2
1,423,628,300,1,21,71,250,2
0,478,62,33,1,55,66,10,0
1,487,356,190,1,28,69,190,2
1,348,633,300,1,22,80,250,2
0,443,271,46,1,54,68,120,1
0,398,131,43,0,60,76,90,0
0,357,169,89,0,36,72,140,2
0,431,97,54,0,63,64,40,0
0,396,152,68,0,57,73,70,0
0,511,60,16,0,45,65,30,0
1,287,60,18,1,62,75,30,2
0,459,143,38,0,52,61,180,0
0,384,70,13,1,53,68,60,0
0,408,350,95,1,33,79,90,2
0,446,163,99,0,44,73,100,1
0,401,153,49,0,36,69,50,0
0,394,485,223,0,29,75,200,2
1,318,408,220,1,29,79,190,2
0,524,232,98,0,46,74,120,1
0,404,489,204,0,35,64,190,2
0,437,91,32,0,57,52,70,0
1,360,213,107,0,53,72,120,2
1,390,131,86,1,35,70,110,2
0,404,201,102,0,30,73,70,1
0,409,579,300,0,20,79,230,2
0,454,134,38,1,63,70,120,0
0,391,184,31,0,48,76,80,0
1,436,86,58,0,55,69,120,1
0,509,477,208,1,26,72,160,2
1,432,720,216,0,8,78,220,2
0,438,137,49,0,53,74,80,1
0,285,720,300,0,10,86,250,2
1,389,60,47,1,59,71,50,1
0,415,170,71,0,48,66,120,0
1,357,214,102,0,46,73,120,2
0,340,213,116,0,50,78,90,2
0,474,422,118,0,39,75,120,1
1,273,720,270,1,7,79,250,2
0,425,93,59,0,54,66,100,0
0,495,312,61,1,32,74,140,1
0,411,235,168,0,42,63,150,1
1,460,616,300,1,18,68,250,2
0,412,179,61,0,48,71,60,0
0,480,133,41,0,60,66,90,0
0,354,100,47,1,33,74,140,2
0,486,320,153,0,47,66,220,2
1,451,81,42,0,64,68,80,0
0,473,155,47,0,51,70,20,0
1,347,300,149,1,39,77,150,2
0,364,255,98,0,35,71,160,2
1,347,395,190,0,26,83,130,2
1,467,153,82,1,53,66,170,2
1,369,84,61,0,52,70,110,1
0,357,273,114,0,36,85,110,2
0,378,119,62,0,49,63,60,0
1,462,295,200,1,54,73,220,2
0,459,95,57,0,61,69,50,0
0,358,75,44,0,63,70,40,0
1,240,415,296,1,17,91,250,2
0,403,221,81,0,41,67,110,1
1,240,229,127,1,46,85,190,2
0,427,197,105,0,53,71,130,1
1,531,188,142,1,44,71,100,2
0,370,247,62,0,43,69,140,1
0,425,159,68,0,44,68,60,0
1,481,720,300,0,12,67,250,2
0,457,102,50,0,59,73,50,0
1,379,184,109,1,40,80,110,2
1,364,672,299,1,13,75,250,2
0,377,166,80,0,51,73,80,1
1,356,709,300,1,16,81,250,2
0,447,302,87,1,47,66,120,1
1,437,128,64,1,60,68,70,1
0,403,211,94,1,53,75,140,1
1,346,98,78,0,57,78,110,0
0,402,611,129,0,17,78,180,2
0,446,101,26,0,55,64,40,0
0,474,60,12,0,74,71,50,0
0,481,98,40,0,53,64,80,0
0,376,583,227,1,21,83,210,2
0,442,264,140,0,43,62,120,1
0,401,210,25,1,35,74,90,1
0,485,60,24,0,69,66,50,0
0,426,613,300,0,19,73,250,2
0,374,557,114,0,23,67,200,2
0,439,97,36,0,58,64,50,0
0,457,60,17,0,53,72,30,0
1,407,612,247,1,26,74,190,2
1,354,710,300,0,13,81,250,2
0,405,272,92,0,36,72,120,1
1,305,720,300,1,10,64,250,2
0,415,242,97,0,57,73,160,1
1,315,190,140,0,45,79,100,2
0,483,486,227,1,25,81,230,2
0,389,114,35,1,60,70,70,1
1,383,318,197,1,35,64,230,2
1,378,428,221,1,22,71,250,2
0,482,186,95,1,52,74,70,1
0,489,523,285,0,31,72,250,2
1,438,720,235,1,17,80,230,2
1,399,192,126,0,37,78,140,2
1,301,720,300,0,9,74,250,2
0,366,60,35,0,57,68,60,0
0,377,60,29,0,58,66,70,0
0,472,720,300,0,14,75,250,2
0,453,519,167,0,29,64,250,2
0,493,90,13,1,50,68,20,0
1,445,264,176,1,44,72,180,2
0,398,165,84,0,53,80,90,1
1,392,690,300,1,11,75,250,2
0,434,319,134,0,37,66,80,1
0,433,599,96,0,19,65,210,2
0,393,89,29,0,45,75,40,0
0,509,483,98,1,32,75,170,2
1,363,140,64,1,49,71,60,2
0,420,216,141,0,37,67,130,1
0,394,271,110,0,39,68,150,1
0,468,186,68,0,45,73,110,0
0,384,99,25,0,63,69,70,0
1,406,468,220,1,26,74,210,2
0,459,396,159,0,35,73,60,1
1,346,720,300,1,5,78,250,2
1,397,310,190,1,36,79,120,2
0,444,169,45,0,52,76,100,0
0,433,506,221,1,36,72,250,2
1,390,720,300,1,15,81,250,2
1,379,81,46,0,47,73,40,1
0,456,488,184,1,32,80,120,2
0,453,446,126,0,26,75,140,2
0,394,215,56,0,45,61,70,0
0,442,291,99,0,51,74,100,1
0,463,66,16,0,53,71,50,0
0,424,317,138,0,49,70,90,1
0,497,411,167,0,40,64,210,2
0,466,532,116,1,29,73,130,2
0,406,133,41,0,52,78,90,0
1,348,179,106,0,47,74,110,2
0,419,188,109,0,43,69,120,1
1,374,69,47,1,47,65,20,1
0,434,152,80,0,64,65,130,0
1,417,720,300,1,13,75,250,2
0,443,287,132,0,37,74,150,1
0,511,60,19,0,48,65,30,0
0,432,93,41,0,43,67,90,0
0,393,109,62,0,64,68,90,0
1,342,720,300,0,7,74,250,2
0,465,317,100,1,34,74,120,1
1,262,720,300,1,4,83,240,2
0,352,60,23,0,77,66,60,0
0,435,197,79,0,35,71,30,0
0,482,108,36,0,56,73,70,0
1,481,227,134,0,48,72,130,2
0,409,128,67,0,53,63,90,0
1,449,279,160,0,36,74,170,2
0,453,183,54,0,61,69,130,0
1,282,105,51,0,58,75,60,2
0,434,620,233,0,22,73,250,2
0,389,180,96,0,39,75,50,1
0,495,720,179,1,12,75,220,2
0,433,471,133,1,31,76,90,2
0,386,155,58,0,57,72,140,1
0,360,470,150,0,23,88,110,2
0,433,67,35,0,58,71,40,0
0,298,104,50,0,49,74,80,2
0,409,167,59,1,47,66,80,1
0,431,168,68,1,46,74,110,1
0,382,137,50,0,65,69,80,0
1,459,340,181,1,52,71,150,2
1,458,418,217,1,27,71,170,2
0,384,196,92,0,38,72,90,1
1,339,241,142,0,41,66,150,2
1,429,596,300,1,19,75,250,2
0,449,556,172,0,29,73,250,2
0,380,357,91,1,22,69,110,2
1,379,177,95,1,49,77,100,2
0,377,60,39,0,31,65,80,0
1,437,289,231,1,29,74,170,2
1,417,190,120,0,39,73,100,2
0,419,263,129,0,43,71,100,1
0,442,84,30,0,48,84,30,0
0,369,470,158,1,35,88,160,2
0,412,720,267,1,13,69,250,2
0,512,213,90,0,41,67,120,0
0,452,200,54,0,46,71,130,0
0,496,720,274,1,17,69,250,2
0,431,276,139,0,36,74,110,1
0,500,594,300,0,33,85,250,2
0,335,206,38,0,46,75,110,1
0,425,100,34,0,52,72,70,0
0,517,214,105,0,43,64,140,1
0,482,427,241,0,28,68,140,2
1,467,544,300,0,32,61,250,2
0,434,183,61,0,49,68,150,0
0,408,72,37,0,36,78,70,0
1,318,305,97,1,40,70,160,2
0,380,73,22,0,49,74,50,0
1,431,720,300,1,13,72,250,2
0,460,60,26,0,57,70,20,0
1,370,177,88,0,39,84,130,2
1,410,266,155,1,47,76,140,2
0,457,391,170,0,45,69,210,2
0,483,255,72,0,52,67,110,0
1,426,60,34,0,65,64,90,0
1,315,223,93,1,35,86,90,2
1,394,240,192,0,37,76,170,2
0,351,151,66,0,46,78,110,1
1,399,439,181,1,28,70,250,2
0,465,515,253,0,22,73,250,2
0,369,60,12,0,56,71,60,0
0,414,235,90,0,45,64,100,0
0,420,60,30,0,66,62,50,0
1,406,706,300,1,15,67,250,2
0,436,347,54,0,32,71,110,0
0,361,60,37,0,59,64,80,0
1,371,596,300,1,21,84,250,2
1,259,368,269,0,23,88,250,2
0,423,60,16,0,69,64,20,0
0,412,189,108,0,36,65,150,1
0,428,287,60,0,41,71,150,0
0,422,720,125,0,13,74,250,2
0,374,97,30,0,53,70,30,0
0,431,60,15,0,55,73,40,0
0,466,99,36,0,56,65,110,0
1,478,459,300,1,34,72,250,2
0,556,256,58,1,52,65,80,1
0,504,168,54,0,67,63,120,0
0,375,204,88,0,53,74,110,1
0,414,180,71,0,42,71,130,0
0,433,168,42,0,58,76,70,0
0,430,538,300,0,17,66,220,2
0,438,92,37,0,55,62,60,0
0,555,135,46,0,51,76,90,0
0,365,60,29,0,55,69,70,0
0,384,213,72,0,35,73,70,1
1,475,584,300,1,18,74,250,2
0,389,173,91,0,52,69,140,1
0,454,558,209,0,31,70,230,2
0,486,188,75,0,53,70,140,0
1,394,71,43,1,54,66,130,1
1,388,489,300,1,25,73,250,2
0,466,60,26,0,65,73,60,0
1,312,165,89,0,49,74,140,2
0,410,173,72,0,40,65,160,1
1,412,154,61,1,48,73,70,1
0,316,704,300,0,8,82,250,2
0,520,254,75,0,50,67,140,0
0,450,205,92,0,37,59,50,0
0,442,292,109,0,45,71,70,1
0,368,110,23,0,52,83,80,1
0,370,319,131,1,34,78,110,2
0,415,371,185,1,35,68,170,2
0,475,297,102,0,45,60,150,1
0,331,720,300,0,7,74,250,2
1,430,203,115,0,54,72,160,2
1,349,299,165,0,31,73,130,2
1,359,82,56,1,50,78,120,2
1,407,306,163,0,24,67,160,2
1,378,276,155,0,37,68,160,2
0,399,271,102,0,38,68,140,1
0,466,200,56,0,55,72,130,0
0,319,92,41,0,69,72,50,1
0,412,293,90,0,39,68,120,1
1,385,419,258,0,29,77,210,2
0,417,175,79,0,57,75,90,0
1,247,213,139,1,46,70,180,2
0,472,102,35,0,54,74,70,0
1,287,720,300,0,11,79,250,2
0,446,429,98,1,30,77,210,2
0,442,347,124,1,39,71,190,2
1,391,354,143,1,29,77,190,1
0,508,490,149,0,27,66,130,2
0,417,191,104,0,37,66,180,1
0,456,191,60,0,48,69,150,0
0,432,100,31,0,60,61,60,0
0,465,200,111,0,36,65,140,0
0,489,60,24,0,66,73,40,0
0,441,398,187,1,35,64,150,2
0,474,88,44,0,62,64,70,0
0,507,109,46,0,49,68,10,0
1,455,207,152,1,44,70,180,2
1,333,142,100,0,59,66,90,2
0,471,223,81,0,46,67,80,0
0,462,529,215,0,17,73,250,2
0,505,552,140,0,24,75,170,2
1,429,305,177,1,32,66,240,2
1,409,209,104,1,43,64,170,2
1,390,589,300,1,15,68,250,2
0,462,86,28,0,50,69,60,0
0,464,457,115,0,28,69,160,1
0,442,346,131,1,36,70,170,2
0,437,327,54,0,42,69,120,0
0,538,143,60,0,52,68,70,0
0,458,356,181,0,46,69,180,2
1,334,337,193,1,29,78,140,2
0,436,439,142,0,24,77,170,2
1,448,73,41,1,56,70,70,0
0,398,60,19,0,61,72,50,0
1,286,720,300,0,4,75,250,0
1,276,67,42,0,60,83,50,2
1,253,720,300,0,4,85,250,2
1,284,532,300,1,27,86,250,2
1,292,575,300,0,19,78,250,1
0,519,60,25,0,60,67,30,0
0,417,245,134,0,47,63,100,1
1,334,287,160,1,41,79,150,2
1,258,101,70,1,40,72,40,2
1,379,228,133,0,34,74,140,2
0,333,143,106,0,45,80,100,2
0,401,130,67,0,56,69,90,0
1,504,720,300,0,18,72,250,2
1,436,279,88,1,38,80,100,2
0,424,450,149,0,28,60,170,2
0,454,208,84,0,53,68,120,0
0,408,60,28,0,60,64,70,0
0,394,66,38,0,56,73,90,0
0,505,60,34,0,60,75,60,0
0,377,258,126,0,49,66,170,2
1,350,490,300,0,28,78,250,0
0,450,122,53,1,53,71,130,0
0,373,271,114,0,36,77,170,2
1,435,462,267,1,32,69,240,2
1,353,604,300,1,12,82,250,2
1,421,421,287,1,42,74,230,2
0,464,321,142,0,52,69,150,1
1,357,217,130,1,41,73,140,2
0,505,171,72,0,51,73,90,0
1,313,153,106,1,44,78,90,2
0,517,720,174,0,20,71,250,2
0,493,328,74,0,44,61,110,0
0,538,302,57,0,58,59,70,0
0,443,60,25,0,68,74,30,0
1,319,703,238,0,7,75,250,2
0,523,398,293,1,34,66,230,2
0,403,60,26,0,60,69,50,0
0,409,238,91,0,43,72,80,1
0,440,281,23,0,46,66,80,0
1,306,145,72,0,50,65,100,2
1,411,232,163,0,37,69,120,2
1,347,234,126,0,42,68,90,2
0,405,338,155,0,34,65,130,2
0,468,467,300,0,35,75,240,2
0,466,176,45,0,55,62,70,0
0,420,236,143,0,42,74,180,1
0,443,60,21,1,50,72,60,0
1,375,720,300,1,11,75,250,2
0,413,304,61,0,36,77,70,1
0,449,280,32,0,37,76,50,0
0,444,154,79,0,44,62,100,0
0,428,109,44,0,53,70,50,0
1,404,677,300,1,17,73,250,2
0,393,319,121,1,35,78,160,2
0,419,452,128,0,27,62,190,2
0,413,268,67,0,37,71,150,1
1,335,720,300,1,9,79,210,2
1,465,186,121,1,60,74,130,2
1,425,720,300,1,10,75,250,2
0,381,447,195,0,19,76,170,0
0,456,259,114,0,37,79,90,1
0,415,91,43,0,60,67,130,0
1,327,693,300,1,9,79,250,2
1,255,156,99,0,35,82,100,2
1,443,271,108,1,40,65,160,2
0,366,62,21,0,49,65,50,0
1,386,167,72,0,45,73,120,2
0,387,240,70,1,37,73,70,1
1,444,720,300,1,13,82,250,2
0,418,286,108,0,22,71,80,1
0,443,358,122,1,39,73,120,2
0,429,280,80,0,39,65,130,1
0,450,320,79,0,30,69,170,1
0,435,345,161,0,29,80,200,2
1,386,720,300,1,13,69,210,2
0,424,613,132,0,19,76,250,2
0,356,135,49,0,46,80,30,1
0,394,489,160,0,25,72,200,2
0,470,588,269,1,23,67,250,2
1,353,242,102,1,48,79,90,2
0,401,101,50,1,36,77,60,1
0,364,443,118,0,21,75,170,2
1,240,720,300,1,5,86,250,2
1,340,298,136,0,30,72,180,2
0,494,608,156,0,21,69,160,2
1,351,720,300,1,13,77,250,2
1,418,332,171,0,32,71,250,2
1,347,227,151,0,44,67,190,2
0,466,139,42,0,34,68,100,0
1,350,391,276,1,28,69,240,2
0,373,115,29,0,37,77,160,1
0,421,87,24,0,54,71,40,0
0,526,129,39,0,38,73,60,0
0,524,413,85,0,24,58,190,1
1,424,364,198,1,47,64,110,2
0,428,109,56,0,50,71,80,0
0,465,299,116,0,42,77,190,1
0,465,330,48,1,29,74,70,1
0,433,75,47,0,57,72,70,0
1,390,60,42,0,57,73,50,1
0,445,60,33,0,48,72,60,0
0,434,177,50,0,53,69,80,0
1,276,698,300,1,6,76,250,2
1,342,720,300,1,9,82,250,2
0,474,60,36,0,58,72,120,0
0,418,241,153,0,39,73,160,1
1,396,176,104,0,48,72,100,2
1,370,223,104,0,44,69,120,2
1,300,257,173,1,23,84,140,2
1,358,223,92,1,64,62,110,2
1,303,190,72,0,41,75,80,2
1,298,597,296,1,21,84,250,2
1,444,291,214,1,44,70,250,2
0,398,129,78,0,49,70,80,0
0,382,96,36,0,59,67,20,0
0,500,324,211,0,38,80,160,2
0,460,75,33,0,53,75,90,0
1,363,170,92,0,47,83,80,2
1,419,307,136,1,35,70,190,2
1,358,684,300,0,8,71,250,2
1,311,720,300,1,13,66,250,2
0,458,189,65,0,46,76,80,0
1,352,162,81,1,44,75,140,2
0,453,720,264,0,12,73,250,2
0,501,720,286,0,14,69,250,2
0,480,279,69,0,49,73,90,0
1,351,720,300,0,11,77,250,2
0,459,124,56,0,70,68,90,0
1,311,186,125,1,48,66,150,2
0,457,224,80,0,56,75,130,0
0,442,205,109,0,55,68,150,1
0,453,636,264,1,20,71,220,2
0,420,158,58,0,47,70,90,0
1,535,339,144,1,35,74,200,1
0,374,271,148,0,45,72,170,2
1,443,514,248,0,33,73,190,2
1,302,113,55,1,50,68,60,2
1,410,657,300,0,18,73,190,2
0,478,143,69,0,62,69,120,0
1,363,720,300,1,7,75,250,2
0,410,266,86,0,42,77,50,1
0,442,210,90,0,46,68,130,1
0,463,720,176,0,19,77,250,2
1,485,122,62,1,59,68,110,1
0,391,66,20,0,55,73,70,0
0,422,598,208,0,16,79,200,2
0,449,435,161,0,35,74,250,2
0,407,564,300,0,10,69,250,2
0,429,462,121,0,32,74,150,2
1,449,395,250,1,38,74,210,2
0,293,123,23,0,46,76,80,2
1,333,511,300,1,16,77,250,2
1,253,241,177,1,50,83,170,2
1,306,93,33,0,53,71,70,2
0,555,101,34,0,55,67,80,0
0,449,91,32,0,57,70,10,0
0,482,296,121,0,48,73,130,1
0,430,60,24,0,69,66,50,0
1,428,91,42,0,55,76,80,0
0,346,135,46,0,54,56,130,1
1,432,149,119,1,54,66,110,2
1,317,396,259,0,26,75,240,2
0,423,186,59,0,42,70,100,0
1,395,229,183,0,44,72,140,2
0,450,370,214,0,31,79,220,2
0,424,331,170,1,53,61,170,2
1,279,189,119,1,33,80,140,2
1,366,419,281,1,29,79,250,2
0,498,113,35,0,64,72,90,0
0,408,362,119,1,42,67,150,2
0,485,66,21,0,51,70,40,0
0,406,526,199,0,23,73,160,2
1,390,60,34,0,55,69,50,1
1,482,141,85,0,56,74,60,1
1,312,186,132,0,50,84,120,2
1,463,286,123,1,56,66,120,2
0,518,60,37,0,61,69,60,0
0,443,124,34,0,50,63,80,0
0,408,172,93,0,48,70,100,1
1,305,60,45,0,46,73,120,2
1,466,415,261,0,29,79,220,2
1,479,473,253,0,22,79,200,2
0,522,518,207,0,26,68,210,0
0,433,720,247,0,14,72,250,2
1,447,140,95,0,53,66,80,1
0,417,391,179,0,33,73,230,2
1,313,94,60,1,48,79,100,2
0,491,163,39,1,49,67,50,0
0,516,269,89,0,38,68,120,1
1,318,483,300,1,25,84,250,2
0,398,502,217,0,27,72,160,2
1,362,206,164,1,45,68,200,2
1,456,399,245,1,37,73,120,2
0,393,285,67,0,36,68,130,1
1,390,720,300,0,14,73,250,2
0,405,202,100,1,48,70,90,1
0,455,114,69,0,58,66,70,0
1,334,680,300,1,11,83,250,2
0,488,241,76,0,34,75,160,1
0,427,429,168,0,19,75,100,2
1,309,686,300,1,9,77,250,2
0,438,60,14,0,46,67,70,0
1,240,720,300,0,4,86,250,2
1,320,89,60,0,59,74,100,2
0,436,188,89,0,47,75,90,0
0,361,144,62,0,58,72,50,1
0,306,113,52,0,51,76,30,2
0,318,81,33,0,57,73,60,1
1,452,548,299,1,35,72,250,2
1,354,212,124,1,42,74,90,2
0,423,571,217,0,27,73,250,2
0,482,147,62,0,50,67,100,0
1,346,232,167,1,44,68,220,2
0,463,109,24,1,48,65,80,0
1,391,331,166,0,40,77,150,2
1,342,60,34,1,62,72,80,2
0,449,464,226,1,25,70,250,2
0,488,324,163,1,49,73,190,2
1,362,330,179,1,31,72,180,2
0,426,60,5,0,50,69,30,0
0,417,97,43,0,54,65,90,0
1,240,60,38,0,49,81,40,2
1,409,126,40,0,44,67,120,1
0,374,190,57,0,53,64,70,1
0,481,337,86,0,43,77,130,1
0,430,96,49,0,58,67,70,0
0,455,101,19,0,68,64,40,0
0,470,342,127,0,27,72,130,1
0,403,258,26,0,53,62,110,1
0,453,371,166,0,43,74,170,2
0,448,535,147,1,17,67,240,2
0,440,304,157,0,41,67,230,2
0,388,131,41,0,39,71,80,0
0,479,198,78,0,45,68,90,0
0,470,180,81,0,48,68,70,0
1,397,291,120,0,37,76,140,2
0,381,272,138,0,36,79,160,2
1,338,337,134,1,34,83,170,2
1,355,122,85,1,60,70,70,2
0,469,60,28,1,55,67,30,0
1,264,302,173,0,29,76,160,2
0,406,60,17,0,55,65,30,0
0,399,349,229,0,39,68,140,2
0,430,116,44,0,55,58,80,0
0,384,717,175,0,8,81,250,2
0,409,393,153,1,36,63,150,2
0,419,500,204,0,23,79,160,2
1,287,189,128,0,56,75,110,2
1,351,91,61,0,45,69,60,2
0,422,320,148,0,40,61,180,1
0,459,315,177,1,37,73,90,2
0,405,74,24,0,54,61,110,0
0,454,720,265,1,12,70,250,2
1,333,159,55,0,54,78,50,2
0,405,132,54,0,58,68,80,0
0,464,399,130,0,33,68,130,1
1,406,558,266,0,16,73,210,0
1,345,255,141,0,50,78,180,2
0,436,183,40,0,41,68,50,0
0,377,178,54,0,53,72,90,1
0,520,521,215,0,28,75,240,2
0,469,257,136,1,39,67,140,2
0,467,110,43,0,54,66,80,0
0,370,232,94,0,36,75,170,2
1,318,536,300,1,18,78,180,2
0,418,133,60,0,51,76,100,0
0,338,286,111,0,28,73,90,2
0,479,130,43,0,49,67,100,0
0,507,70,43,0,56,67,50,0
0,538,151,53,0,60,62,90,0
0,397,300,79,0,41,70,170,1
0,455,720,182,0,19,77,240,2
0,486,164,87,0,62,64,100,0
0,437,207,90,0,45,72,80,0
0,406,123,35,0,48,70,80,0
0,326,193,105,0,44,71,150,0
0,491,186,80,0,62,66,90,0
0,434,154,36,1,58,66,70,0
0,398,114,60,0,53,69,90,0
1,409,60,31,0,47,70,40,0
1,385,450,300,1,29,74,250,2
0,443,150,28,0,62,75,130,0
1,344,90,72,0,47,65,120,2
0,501,135,95,0,60,64,130,1
1,350,213,145,1,53,77,120,2
0,500,60,25,0,48,74,80,0
0,463,60,9,0,55,69,50,0
0,452,60,16,0,47,66,30,0
0,429,642,300,0,20,62,250,2
1,443,429,256,1,30,73,200,2
0,425,91,31,0,51,75,90,0
0,403,191,86,0,49,77,100,1
0,371,152,65,0,45,70,120,1
0,441,279,98,0,40,72,170,1
0,374,337,170,0,40,73,210,2
0,416,408,224,1,39,64,250,2
0,502,197,32,0,51,71,120,0
1,411,234,109,1,47,60,130,2
0,413,82,37,1,53,68,30,0
0,520,640,105,0,20,77,190,2
0,462,465,202,0,34,77,160,2
1,431,499,300,0,21,72,250,2
0,306,388,214,1,26,87,250,2
0,451,133,39,0,52,67,110,0
1,448,440,230,1,29,65,170,2
0,535,576,117,0,24,76,150,0
0,376,457,45,0,23,75,230,2
0,495,418,108,0,37,65,180,0
1,490,489,282,1,27,71,250,2
1,248,455,238,1,26,79,240,2
1,408,221,159,1,49,77,200,2
0,480,520,174,1,26,76,180,2
0,418,515,286,1,17,69,250,2
0,410,117,44,0,45,71,70,1
1,421,307,201,0,36,68,140,2
1,331,186,93,1,51,81,160,2
0,409,283,150,0,46,68,140,1
1,446,720,300,1,14,69,250,2
0,522,269,94,0,51,64,100,0
0,461,261,106,0,47,73,160,1
0,441,720,185,0,14,74,250,2
0,394,204,108,0,49,67,110,1
0,384,294,138,0,37,69,190,0
0,490,487,160,1,25,82,250,2
1,379,411,213,0,20,81,250,2
1,455,671,300,0,17,73,250,2
1,366,598,300,0,14,80,240,2
1,344,168,81,1,45,72,90,2
0,456,60,26,0,49,70,70,0
0,431,60,32,0,63,74,60,0
1,305,407,213,1,33,77,250,2
0,525,468,231,0,37,65,250,2
1,331,317,215,1,41,72,200,2
1,454,354,180,0,32,73,230,2
1,433,259,188,0,47,73,120,2
0,372,138,41,0,60,78,60,1
0,384,720,300,0,14,70,250,2
1,353,401,218,1,31,77,250,2
1,314,217,149,0,39,71,130,2
1,495,392,234,1,39,65,200,2
0,409,211,125,0,47,71,110,1
0,479,96,45,0,55,63,100,0
1,425,720,300,0,13,72,250,2
1,393,256,167,1,45,70,130,0
0,422,425,231,1,25,68,240,2
0,511,170,47,1,64,72,140,0
1,302,163,128,1,54,73,130,0
0,506,513,250,0,35,69,250,2
1,299,720,300,0,8,75,250,2
0,459,126,66,0,59,80,90,0
0,364,138,61,0,40,70,90,1
1,337,469,188,0,31,72,200,2
0,439,75,47,0,47,71,70,0
0,410,291,198,0,27,73,150,2
0,425,493,156,1,33,67,250,2
1,277,262,173,0,30,65,150,2
0,400,608,117,0,19,77,170,2
0,459,455,106,1,37,66,180,2
1,392,546,247,1,25,76,250,2
0,400,720,188,1,11,74,250,2
0,501,77,34,0,57,70,60,0
0,374,77,37,0,52,70,40,0
1,349,720,300,1,12,80,250,2
0,424,90,27,0,56,62,50,0
0,480,232,89,0,49,67,90,0
0,452,291,98,0,44,63,80,0
1,367,720,300,1,10,72,250,2
1,240,318,190,0,35,75,220,2
0,493,76,20,0,69,69,10,0
0,409,267,123,0,37,61,140,1
1,383,566,300,1,23,75,250,2
0,397,221,41,0,40,79,80,0
1,311,270,190,1,42,80,250,2
0,494,347,164,1,32,65,170,2
1,265,520,225,1,19,83,250,2
0,382,204,88,0,38,78,110,1
1,478,720,300,1,13,72,250,2
0,467,202,84,0,39,78,100,1
0,403,174,109,1,52,71,140,1
0,512,138,16,0,63,72,50,0
0,457,454,118,0,27,69,250,2
0,446,196,67,0,50,71,120,0
0,446,144,77,0,55,68,90,0
1,407,601,300,0,17,74,250,2
0,460,107,41,0,54,72,50,0
1,513,331,251,1,44,66,180,2
0,425,227,109,0,44,70,200,1
0,411,364,200,0,43,81,170,2
0,373,207,105,0,34,79,140,2
1,386,720,300,0,8,78,250,2
1,520,497,272,1,29,72,250,2
0,499,208,72,0,52,74,80,0
1,336,720,300,1,12,75,250,2
0,436,233,90,0,48,73,100,1
0,370,439,197,0,31,69,250,2
0,386,182,55,0,45,69,70,1
0,457,60,13,0,52,68,50,0
0,425,363,99,0,24,79,210,1
1,316,89,44,0,50,82,90,1
0,459,194,77,0,51,71,90,0
1,384,362,180,0,29,71,230,2
0,371,60,18,0,47,70,70,0
0,316,178,84,0,49,81,100,2
1,320,265,167,1,37,76,250,2
1,278,309,155,0,38,81,80,2
1,244,230,152,1,28,83,200,2
0,491,187,90,0,47,80,120,1
1,368,493,197,1,23,72,250,2
1,356,720,300,1,10,78,230,2
0,440,336,132,1,43,65,190,2
0,378,355,132,0,39,72,250,2
0,455,98,21,0,59,70,60,0
0,443,720,300,0,6,77,250,2
0,397,64,32,0,59,64,110,0
1,332,649,300,1,21,80,250,2
0,373,72,20,0,49,67,50,0
1,361,60,47,1,57,70,70,2
1,358,76,38,0,43,75,40,1
0,428,720,300,0,13,65,250,2
0,437,158,87,0,37,69,180,1
0,446,348,53,1,41,72,80,1
1,406,319,130,0,33,71,170,2
1,441,132,92,1,58,68,90,1
0,464,353,93,0,25,77,190,1
1,426,361,214,0,31,66,150,2
0,392,164,62,0,47,66,90,0
1,354,339,165,1,21,71,220,2
0,467,92,46,0,61,73,120,0
0,468,402,183,0,38,68,240,2
0,416,191,61,0,47,75,130,0
0,450,213,103,1,44,74,110,1
0,402,130,25,0,52,74,60,0
1,393,65,52,0,71,66,80,1
0,418,205,105,0,40,68,100,1
0,365,246,114,0,36,87,150,2
0,398,176,91,1,41,78,90,1
1,527,497,300,0,40,79,250,2
1,404,271,138,1,41,62,190,2
1,536,248,148,1,50,69,130,2
0,377,720,205,0,15,80,250,2
0,472,121,41,1,50,75,80,0
1,240,276,180,0,32,86,190,2
0,434,403,206,1,30,75,200,2
0,466,333,141,0,29,74,200,2
0,476,199,111,0,39,73,190,1
1,304,249,162,0,46,80,140,0
1,462,247,176,1,39,69,150,2
1,337,507,300,1,27,82,250,2
0,441,328,7,0,43,75,90,0
0,413,89,52,0,56,69,100,0
1,310,564,228,1,21,79,230,2
0,513,319,134,0,45,69,190,1
0,452,270,94,0,43,66,110,1
0,504,241,73,0,41,73,150,1
0,472,575,281,0,27,80,250,2
0,401,237,55,0,51,67,90,0
0,495,166,57,1,60,73,110,1
0,475,344,144,0,46,75,160,1
0,382,140,41,0,46,74,50,0
1,406,366,221,1,33,69,250,2
0,383,299,140,0,43,74,100,2
0,530,720,140,1,11,68,200,2
1,431,373,241,0,40,66,250,1
1,370,502,300,1,21,79,250,2
0,498,155,67,0,42,72,130,0
1,264,565,300,1,10,75,250,2
0,397,376,148,0,41,64,120,2
0,437,437,94,0,25,79,130,1
0,561,255,72,0,60,70,170,0
0,396,279,45,0,38,70,70,0
1,270,408,300,0,36,76,250,2
0,377,108,32,0,52,74,20,0
0,480,295,62,0,45,71,110,0
1,333,135,72,1,56,74,50,2
0,412,193,92,0,33,61,100,1
1,443,381,141,1,38,79,200,2
1,363,692,300,0,17,82,250,2
0,430,162,75,0,54,70,120,0
1,412,720,300,0,15,79,250,2
0,428,220,86,0,58,79,160,1
0,441,104,42,0,60,67,100,0
0,462,60,14,0,64,68,10,0
0,478,570,75,0,19,73,210,1
0,395,75,43,0,60,64,50,0
0,298,259,72,0,50,70,100,1
0,483,121,31,0,59,71,70,0
0,481,368,192,1,52,71,200,2
1,389,304,172,0,42,82,170,2
1,393,60,38,0,50,72,40,1
1,335,720,300,1,10,88,250,2
1,410,190,90,1,48,61,100,2
0,492,265,50,0,56,65,60,1
0,437,209,78,0,50,70,160,0
0,559,77,30,0,62,74,70,0
1,250,550,300,0,8,81,250,2
0,458,94,22,0,64,72,60,0
0,376,567,222,0,19,82,250,2
1,436,370,195,1,23,79,230,2
1,264,287,197,0,49,88,120,2
0,383,252,83,0,43,65,140,1
0,403,165,57,0,41,69,80,0
1,378,383,290,1,29,84,250,2
0,405,81,43,0,56,66,50,0
0,405,597,249,0,10,71,250,2
0,440,247,38,0,50,69,100,1
0,437,264,120,0,33,79,100,1
1,479,254,194,0,44,65,190,2
0,454,228,142,0,43,64,110,1
0,403,235,132,0,38,68,150,1
0,539,311,140,0,59,75,160,1
0,459,83,34,0,63,70,40,0
0,371,60,30,0,56,59,70,0
1,392,678,300,1,15,75,250,2
0,461,506,144,0,30,70,250,2
0,415,110,23,0,48,73,50,0
1,301,192,76,0,42,77,110,2
0,439,60,16,0,65,69,30,0
0,401,210,104,0,46,71,110,1
1,478,244,91,0,56,64,90,1
0,487,89,18,0,53,71,50,0
0,402,60,22,0,54,67,50,0
0,441,98,41,0,56,69,100,0
1,463,287,162,1,60,78,220,2
0,380,66,21,1,61,67,80,0
0,398,107,42,0,53,70,70,0
0,434,541,176,1,22,72,250,2
0,436,60,22,0,47,66,50,0
0,432,133,23,0,49,74,70,0
0,434,154,55,1,46,72,80,0
0,403,289,119,0,42,76,150,1
0,469,60,20,0,56,58,40,0
0,506,411,110,0,31,76,140,1
0,410,720,300,1,7,75,250,0
0,556,214,124,0,53,71,120,1
0,548,430,156,0,44,69,150,2
1,483,720,300,1,12,70,250,2
1,433,364,191,1,37,73,140,2
0,535,114,40,0,68,65,70,1
0,420,188,60,0,33,71,80,0
0,393,299,91,0,34,73,180,1
0,408,128,43,1,37,71,50,0
0,384,60,26,0,59,68,70,0
0,456,108,29,0,57,74,70,0
1,380,332,164,1,30,69,200,2
0,430,183,138,0,64,62,100,1
0,449,102,28,0,51,61,90,1
1,399,239,170,1,35,61,120,2
1,511,71,32,0,61,67,30,0
0,481,207,57,0,51,68,130,0
0,481,139,68,0,48,57,90,0
0,444,154,56,0,56,69,60,0
0,354,720,300,1,10,81,250,2
0,344,215,78,0,38,72,120,2
0,539,60,21,0,48,69,100,0
0,408,257,142,0,39,73,130,1
1,346,281,106,0,40,71,120,2
1,392,168,92,0,60,69,100,1
0,462,185,107,0,64,70,130,1
0,483,586,156,0,22,72,250,2
0,538,60,9,0,51,71,30,0
0,495,60,33,0,56,70,110,0
0,394,109,43,0,56,73,110,0
1,457,303,165,1,39,63,170,2
1,348,238,144,0,39,75,160,2
1,365,230,112,1,51,75,190,2
1,298,180,112,0,47,77,110,2
1,271,687,300,1,15,87,250,2
0,418,185,83,1,42,65,100,1
1,308,693,300,1,8,78,250,2
0,496,60,16,0,63,77,100,0
0,420,139,52,0,49,74,50,0
0,450,217,79,0,40,66,100,0
1,485,112,69,1,63,66,70,1
0,375,180,58,0,54,68,100,0
0,413,328,152,0,50,65,200,2
0,429,414,216,1,33,65,240,2
0,465,610,205,0,21,72,250,2
0,490,463,286,0,25,68,250,2
1,420,720,300,1,16,78,250,2
1,396,60,28,0,52,70,50,0
1,381,60,36,0,58,70,90,1
0,436,108,44,1,45,73,90,0
0,346,60,27,0,47,73,10,1
0,442,286,78,0,44,73,140,1
0,447,708,137,0,12,73,210,2
0,457,60,23,0,49,66,80,0
1,295,163,69,1,38,73,110,2
0,386,206,88,0,57,59,80,1
1,358,63,25,0,43,76,10,1
1,512,519,300,0,26,64,250,2
0,409,232,72,0,45,67,80,0
1,457,205,150,0,50,72,150,2
1,485,418,256,0,32,64,190,2
0,437,355,138,0,34,72,190,2
0,401,223,96,0,42,67,100,1
0,445,183,81,0,45,73,110,0
0,444,189,65,0,42,71,110,0
0,392,239,100,0,64,65,130,1
0,402,412,152,1,31,79,230,2
0,457,720,300,0,18,81,250,2
0,481,720,224,1,18,69,220,2
0,403,184,109,1,54,70,160,2
0,431,232,103,0,33,73,120,1
0,468,436,175,0,34,79,240,2
0,441,100,14,0,48,61,70,0
0,435,720,276,1,9,77,250,2
1,322,350,278,1,36,72,210,2
0,411,69,17,0,63,67,50,0
0,583,60,23,0,59,70,20,0
0,425,111,43,0,51,72,50,0
0,518,164,31,0,43,75,60,2
0,534,275,61,0,54,64,90,0
0,425,462,179,1,29,74,240,2
1,400,436,281,0,33,76,250,2
1,367,513,284,1,29,70,250,2
0,354,308,101,1,24,72,160,2
1,266,87,52,1,44,77,30,2
0,422,142,53,0,59,64,60,0
1,345,112,71,1,49,72,80,2
0,544,232,109,1,45,70,110,1
0,438,200,57,0,41,72,140,0
0,532,152,71,0,65,73,90,0
0,411,450,122,1,29,68,120,2
1,508,411,220,1,25,70,220,2
0,460,561,280,0,21,75,250,2
0,463,142,37,0,55,80,60,0
0,394,78,33,0,68,69,80,0
0,463,69,35,0,56,71,70,0
0,534,459,109,0,35,72,250,2
1,349,178,89,0,45,72,80,2
1,366,339,150,0,35,71,150,2
0,422,522,299,1,27,76,250,2
0,501,300,193,0,57,81,180,2
0,477,60,23,0,56,74,30,0
1,476,483,278,1,26,72,250,2
1,396,366,292,1,42,70,250,2
0,436,539,165,0,28,73,250,2
1,404,233,124,0,37,72,190,2
0,488,215,108,0,39,70,120,1
0,422,503,157,0,29,67,230,2
1,470,304,193,1,41,73,200,2
0,468,269,47,1,35,80,120,1
0,314,235,129,0,47,77,120,2
1,436,720,300,1,15,68,250,2
0,371,95,31,0,46,69,80,0
0,477,545,172,0,25,83,200,2
1,438,365,177,1,32,67,170,2
1,398,720,300,1,8,81,250,2
1,413,720,262,1,9,70,250,2
0,474,190,74,0,44,67,130,0
0,425,235,70,0,46,76,40,0
1,415,174,123,0,55,71,100,1
0,508,199,58,0,44,70,130,0
0,538,71,15,0,59,66,80,0
0,364,60,39,0,65,77,30,0
0,470,685,265,0,11,70,250,2
0,386,274,106,0,37,67,80,1
1,289,449,300,1,29,81,130,0
1,385,265,172,0,42,69,150,2
0,423,111,48,0,50,68,110,0
1,470,535,259,1,23,80,250,2
1,350,123,85,1,41,65,80,2
1,380,720,300,1,9,75,250,2
0,445,253,133,0,31,74,180,1
0,376,201,87,0,50,71,140,1
0,398,363,199,1,35,65,140,2
0,490,439,162,0,35,67,240,2
0,407,156,73,0,50,74,90,0
0,494,60,37,0,49,72,70,0
0,450,117,86,0,52,65,170,0
0,372,85,14,0,56,81,40,0
0,461,191,96,0,47,71,70,0
0,446,84,34,0,61,74,60,0
1,404,468,298,0,34,69,210,2
0,442,74,25,0,54,78,50,0
1,309,720,300,1,17,74,250,2
1,469,427,201,1,32,77,240,2
1,382,505,192,0,22,64,250,0
1,298,312,192,0,16,86,220,2
1,407,672,300,1,13,75,250,2
0,382,169,88,0,43,71,90,1
1,293,246,182,1,44,75,130,2
1,348,362,174,0,34,75,150,2
1,343,365,188,0,30,66,200,2
0,389,121,40,0,61,68,90,0
0,490,644,153,0,14,78,250,2
1,352,342,235,1,43,80,250,2
0,512,218,32,0,51,64,80,0
1,330,147,81,1,59,80,150,2
0,348,60,15,0,53,66,50,0
0,457,418,108,0,36,74,120,1
0,542,182,68,0,56,70,110,0
0,461,132,32,0,46,67,40,0
0,600,464,74,0,47,78,160,1
0,466,60,24,0,59,67,30,0
0,446,60,17,0,53,77,90,0
0,327,138,68,0,69,73,100,2
0,456,216,95,0,55,67,150,1
1,386,183,85,0,48,77,90,2
1,346,310,191,1,45,69,210,2
1,365,219,141,1,47,76,140,2
0,416,195,70,0,44,75,110,0
0,441,115,35,0,45,65,90,0
0,539,278,134,0,47,72,170,1
1,334,66,45,0,48,78,70,2
1,371,185,132,1,47,77,140,2
0,429,404,115,0,39,72,190,1
1,444,720,300,1,21,77,250,2
0,443,479,186,1,28,76,230,2
0,436,94,21,0,46,69,60,0
1,240,291,197,0,27,78,210,2
0,447,337,82,0,41,71,100,1
0,419,225,22,0,42,71,30,0
1,385,152,63,1,41,72,60,2
0,375,66,36,0,49,77,90,0
0,506,77,38,0,34,69,80,0
1,419,720,300,1,9,70,250,2
0,521,331,64,0,48,76,140,1
0,507,250,59,0,49,73,120,0
0,464,396,150,1,40,69,140,2
0,392,267,52,0,44,65,100,1
0,527,240,81,0,45,76,130,1
0,373,145,87,0,47,69,120,1
0,421,60,18,0,63,63,10,0
0,455,75,41,0,66,76,60,0
1,442,252,145,1,44,75,150,2
1,430,617,300,1,15,73,250,2
1,361,691,298,0,12,77,250,2
0,404,60,17,0,50,72,80,0
0,546,91,29,1,59,67,50,0
1,387,338,191,1,31,77,200,2
0,426,65,28,0,68,75,70,0
0,399,326,127,0,35,77,150,2
1,377,598,300,0,23,74,250,2
0,459,720,221,0,12,74,250,2
0,449,215,55,0,47,66,100,0
1,416,336,156,1,30,75,150,2
1,498,720,300,0,17,64,250,2
0,420,537,292,0,26,72,250,2
0,422,247,145,0,31,67,110,1
0,402,127,36,0,54,66,70,0
1,395,190,121,1,54,70,150,2
0,406,165,65,0,33,69,100,0
0,423,261,125,0,38,69,90,1
1,272,436,300,1,36,69,210,2
0,424,236,115,1,52,68,130,1
1,390,323,225,1,35,86,180,2
1,490,200,117,1,55,73,110,2
0,443,60,33,0,70,68,40,0
1,358,593,300,1,13,75,250,2
0,382,263,82,0,47,64,180,1
1,304,367,193,1,33,78,220,2
1,284,266,150,1,37,81,140,2
0,543,720,279,0,12,79,250,2
1,395,720,300,1,12,68,250,2
1,334,550,268,1,23,82,250,2
0,372,227,134,0,36,78,110,2
0,392,228,59,0,37,60,90,0
0,389,74,32,0,41,65,30,0
0,515,180,48,0,42,63,110,0
1,387,720,300,1,3,81,250,2
1,273,341,209,0,28,79,250,2
0,565,621,0,0,19,72,120,1
0,392,275,98,1,33,80,170,2
0,405,60,22,0,51,68,50,0
0,515,399,162,0,37,72,220,2
0,455,222,67,0,47,63,90,0
0,411,720,300,1,9,78,250,2
0,373,180,50,0,45,73,90,2
1,307,262,145,0,46,78,150,2
0,389,160,84,1,57,74,110,1
0,450,158,83,0,48,71,120,0
0,459,559,102,0,23,70,250,2
1,364,720,300,1,14,84,250,2
1,372,392,141,1,24,82,110,2
1,301,550,300,1,19,80,250,2
0,449,172,99,0,43,69,130,1
0,514,720,141,0,19,80,180,2
0,426,299,156,0,42,73,60,1
0,425,168,58,0,47,73,50,0
1,380,720,300,1,11,79,250,2
1,453,359,166,1,34,71,150,2
0,390,60,23,0,76,62,60,0
0,507,83,34,0,52,61,60,0
1,404,104,49,1,38,67,80,1
0,451,596,263,1,19,77,250,2
0,495,124,42,0,48,73,50,0
1,307,128,63,0,56,78,120,2
0,476,351,113,0,33,67,160,1
1,390,382,300,1,38,79,250,2
0,373,366,229,0,38,86,250,2
1,422,720,300,1,11,66,250,2
1,394,290,161,1,46,70,110,2
1,377,720,300,1,6,71,250,2
0,478,481,215,1,30,69,220,2
0,391,60,29,0,45,68,90,0
0,433,263,156,0,49,59,190,1
0,428,110,78,1,61,77,80,1
1,331,160,78,1,39,76,40,2
0,460,606,267,1,19,73,250,2
1,360,720,300,1,12,78,250,2
0,346,400,190,1,24,60,250,2
0,329,173,74,0,36,73,90,2
1,430,76,40,1,59,68,40,1
0,373,60,37,0,50,78,70,0
1,409,172,88,1,47,71,170,2
0,452,587,235,0,19,81,250,2
1,334,224,150,0,37,83,140,0
0,532,600,265,0,32,66,250,2
1,387,204,132,1,43,70,110,2
0,472,701,263,1,14,75,250,2
0,434,345,181,0,36,67,240,2
1,373,187,117,1,47,69,100,2
1,358,330,194,1,42,73,140,2
0,492,368,192,0,26,71,140,2
0,474,197,109,0,56,65,110,0
0,532,162,77,0,49,67,50,0
0,461,187,74,0,59,70,110,0
